Feature ID	Taxon	Confidence
006332ce4ff87f6466c8309cd667b472	k__Fungi; p__Basidiomycota; c__Tremellomycetes; o__Tremellales; f__Tremellaceae; g__Cryptococcus; s__Cryptococcus_neoformans	100.0
006daa04951eb9299f5610b4c6c17dc5	k__Fungi; p__Basidiomycota; c__Tremellomycetes; o__Trichosporonales; f__Trichosporonaceae; g__Cutaneotrichosporon; s__Cutaneotrichosporon_dermatis	78.723
026c5263ced8f41669b14f7ee3ab05a6	k__Fungi; p__Ascomycota; c__Eurotiomycetes; o__Eurotiales; f__Aspergillaceae; g__Aspergillus; s__Aspergillus_fumigatus	88.462
02d4c47b6b2f2c61e8e6fb701b5f4dea	k__Fungi; p__Basidiomycota; c__Tremellomycetes; o__Trichosporonales; f__Trichosporonaceae; g__Cutaneotrichosporon; s__Cutaneotrichosporon_dermatis	78.947
040c1e07de80d76e56f1d8b0b573ca34	k__Fungi; p__Ascomycota; c__Eurotiomycetes; o__Eurotiales; f__Aspergillaceae; g__Aspergillus; s__Aspergillus_fumigatus	84.615
04a58f1fa63710803570b8b5e2d3733e	k__Fungi; p__Ascomycota; c__Eurotiomycetes; o__Eurotiales; f__Aspergillaceae; g__Aspergillus; s__Aspergillus_fumigatus	82.927
06170a68f344fc34f5fbbd044733994e	k__Fungi; p__Basidiomycota; c__Tremellomycetes; o__Trichosporonales; f__Trichosporonaceae; g__Cutaneotrichosporon; s__Cutaneotrichosporon_dermatis	85.185
0673e25cd741e9931970123bad8cd6ae	k__Fungi; p__Ascomycota; c__Saccharomycetes; o__Saccharomycetales; f__Saccharomycetaceae; g__Nakaseomyces; s__Nakaseomyces_glabratus	92.857
07a2672158a9694178ccf1ab878fb08e	k__Fungi; p__Basidiomycota; c__Tremellomycetes; o__Trichosporonales; f__Trichosporonaceae; g__Cutaneotrichosporon; s__Cutaneotrichosporon_dermatis	90.0
07b93f1e7b4522a701d9b3ef5874f881	k__Fungi; p__Basidiomycota; c__Tremellomycetes; o__Tremellales; f__Tremellaceae; g__Cryptococcus; s__Cryptococcus_neoformans	68.367
0ad03262fa2155cc0cae6071e227df84	k__Fungi; p__Basidiomycota; c__Tremellomycetes; o__Tremellales; f__Tremellaceae; g__Cryptococcus; s__Cryptococcus_neoformans	73.611
0b16710fc341de52d3db3a987523142b	k__Fungi; p__Ascomycota; c__Eurotiomycetes; o__Eurotiales; f__Aspergillaceae; g__Aspergillus; s__Aspergillus_fumigatus	94.231
0ba4b040a2a556ef91e5ec66381abfaf	k__Fungi; p__Basidiomycota; c__Tremellomycetes; o__Trichosporonales; f__Trichosporonaceae; g__Cutaneotrichosporon; s__Cutaneotrichosporon_dermatis	100.0
0d7f1fa221989e0cc733a52a1d979bfa	k__Fungi; p__Ascomycota; c__Sordariomycetes; o__Hypocreales; f__Nectriaceae; g__Fusarium; s__Fusarium_keratoplasticum	82.14299999999999
0db72d18219924f45026b9dfa92538ec	k__Fungi; p__Ascomycota; c__Eurotiomycetes; o__Onygenales; f__Arthrodermataceae; g__Trichophyton; s__Trichophyton_interdigitale	92.308
0e5c75d336000a526d2c07363fd305d0	k__Fungi; p__Basidiomycota; c__Tremellomycetes; o__Tremellales; f__Tremellaceae; g__Cryptococcus; s__Cryptococcus_neoformans	84.615
0ed3a8becd603707260c02ce989b1e2d	k__Fungi; p__Ascomycota; c__Saccharomycetes; o__Saccharomycetales; f__Saccharomycetaceae; g__Saccharomyces; s__Saccharomyces_cerevisiae	83.90799999999999
12ae8aec67f6e9580e434bbd62c83dcd	k__Fungi; p__Ascomycota; c__Sordariomycetes; o__Hypocreales; f__Nectriaceae; g__Fusarium; s__Fusarium_keratoplasticum	93.333
12da108a541069a69ac639ae2edcd700	k__Fungi; p__Ascomycota; c__Saccharomycetes; o__Saccharomycetales; f__Debaryomycetaceae; g__Candida; s__Candida_albicans	99.333
1452b25fcc2cf988fd7ab91920806410	k__Fungi; p__Ascomycota; c__Eurotiomycetes; o__Onygenales; f__Arthrodermataceae; g__Trichophyton; s__Trichophyton_interdigitale	100.0
168e27f59b5437d613141aaa2f916072	k__Fungi; p__Ascomycota; c__Saccharomycetes; o__Saccharomycetales; f__Saccharomycetaceae; g__Saccharomyces; s__Saccharomyces_cerevisiae	77.778
17586e36e8ab48f597210c14bb4b14a1	k__Fungi; p__Basidiomycota; c__Tremellomycetes; o__Trichosporonales; f__Trichosporonaceae; g__Cutaneotrichosporon; s__Cutaneotrichosporon_dermatis	88.889
19258a7686e049de551d076a284dea99	k__Fungi; p__Ascomycota; c__Saccharomycetes; o__Saccharomycetales; f__Saccharomycetaceae; g__Saccharomyces; s__Saccharomyces_cerevisiae	87.87899999999998
19589d9adc9d312e7f28d4bddc000468	k__Fungi; p__Ascomycota; c__Eurotiomycetes; o__Eurotiales; f__Aspergillaceae; g__Penicillium; s__Penicillium_chrysogenum	100.0
19e8704f50ae86ef8705db9c3141d9da	k__Fungi; p__Basidiomycota; c__Tremellomycetes; o__Tremellales; f__Tremellaceae; g__Cryptococcus; s__Cryptococcus_neoformans	81.25
1a08b9d790491512c9b5ccdbebb31c4d	k__Fungi; p__Basidiomycota; c__Tremellomycetes; o__Trichosporonales; f__Trichosporonaceae; g__Cutaneotrichosporon; s__Cutaneotrichosporon_dermatis	100.0
1aa1322a555933d26756115adcdd8306	k__Fungi; p__Ascomycota; c__Eurotiomycetes; o__Eurotiales; f__Aspergillaceae; g__Penicillium; s__Penicillium_chrysogenum	79.31
1bf9d2e36256be1150b1fc46095f0716	k__Fungi; p__Basidiomycota; c__Tremellomycetes; o__Tremellales; f__Tremellaceae; g__Cryptococcus; s__Cryptococcus_neoformans	84.0
1f2562bcd89888cd5dc1ecfc90af6ca5	k__Fungi; p__Basidiomycota; c__Tremellomycetes; o__Tremellales; f__Tremellaceae; g__Cryptococcus; s__Cryptococcus_neoformans	88.889
206ac16e519bcdd9dd9f8a782ddfd8df	k__Fungi; p__Basidiomycota; c__Tremellomycetes; o__Tremellales; f__Tremellaceae; g__Cryptococcus; s__Cryptococcus_neoformans	82.609
2502cb3a6108ac2eaa7d36cba4a08694	k__Fungi; p__Ascomycota; c__Sordariomycetes; o__Hypocreales; f__Nectriaceae; g__Fusarium; s__Fusarium_keratoplasticum	76.571
257c7dbafd43e052b6ff952661ed50db	k__Fungi; p__Basidiomycota; c__Tremellomycetes; o__Trichosporonales; f__Trichosporonaceae; g__Cutaneotrichosporon; s__Cutaneotrichosporon_dermatis	78.788
269110b876ccca673ccbec357552a076	k__Fungi; p__Basidiomycota; c__Tremellomycetes; o__Trichosporonales; f__Trichosporonaceae; g__Cutaneotrichosporon; s__Cutaneotrichosporon_dermatis	93.333
29672ac01b5c6750735fed1907ddd347	k__Fungi; p__Basidiomycota; c__Tremellomycetes; o__Tremellales; f__Tremellaceae; g__Cryptococcus; s__Cryptococcus_neoformans	87.5
2a03599d48e1a5883a372e8a8261d445	k__Fungi; p__Ascomycota; c__Sordariomycetes; o__Hypocreales; f__Nectriaceae; g__Fusarium; s__Fusarium_keratoplasticum	67.46
2aa87d0ebccf12b39baf51d91e447b2d	k__Fungi; p__Basidiomycota; c__Tremellomycetes; o__Trichosporonales; f__Trichosporonaceae; g__Cutaneotrichosporon; s__Cutaneotrichosporon_dermatis	100.0
2b12210b988a471a2a2e6a89aee198f1	k__Fungi; p__Ascomycota; c__Saccharomycetes; o__Saccharomycetales; f__Saccharomycetaceae; g__Saccharomyces; s__Saccharomyces_cerevisiae	93.333
2bffa5bd228042e3fc0e3f30f48c6c13	k__Fungi; p__Basidiomycota; c__Tremellomycetes; o__Tremellales; f__Tremellaceae; g__Cryptococcus; s__Cryptococcus_neoformans	92.308
2ce0943ee52455e0ef499cf2ef2d4e04	k__Fungi; p__Ascomycota; c__Eurotiomycetes; o__Eurotiales; f__Aspergillaceae; g__Penicillium; s__Penicillium_chrysogenum	99.387
2d5f90f732790862f85983cf328a51bf	k__Fungi; p__Basidiomycota; c__Tremellomycetes; o__Tremellales; f__Tremellaceae; g__Cryptococcus; s__Cryptococcus_neoformans	84.615
2d783fc0a24c9350fd6e4c008ade61f1	k__Fungi; p__Ascomycota; c__Eurotiomycetes; o__Eurotiales; f__Aspergillaceae; g__Penicillium; s__Penicillium_chrysogenum	100.0
2dbcbbad059800b66cce2a8752f950b6	k__Fungi; p__Basidiomycota; c__Tremellomycetes; o__Tremellales; f__Tremellaceae; g__Cryptococcus; s__Cryptococcus_neoformans	77.419
2e3204476045187561769297cb5deb63	k__Fungi; p__Ascomycota; c__Eurotiomycetes; o__Onygenales; f__Arthrodermataceae; g__Trichophyton; s__Trichophyton_interdigitale	76.744
2f9d7e8bea9501d87407a5e5a59bf89b	k__Fungi; p__Ascomycota; c__Eurotiomycetes; o__Eurotiales; f__Aspergillaceae; g__Aspergillus; s__Aspergillus_fumigatus	88.462
2fac1bc2c61bb76209c62f3be67e15e8	k__Fungi; p__Basidiomycota; c__Tremellomycetes; o__Trichosporonales; f__Trichosporonaceae; g__Cutaneotrichosporon; s__Cutaneotrichosporon_dermatis	92.857
301628c5f05bcb9636f353d42fcc04c6	k__Fungi; p__Basidiomycota; c__Tremellomycetes; o__Tremellales; f__Tremellaceae; g__Cryptococcus; s__Cryptococcus_neoformans	100.0
307336b90220c9e62068fc5a324cd764	k__Fungi; p__Ascomycota; c__Sordariomycetes; o__Hypocreales; f__Nectriaceae; g__Fusarium; s__Fusarium_keratoplasticum	100.0
315affd4c31c0bc2a94bf5db590086cd	k__Fungi; p__Ascomycota; c__Saccharomycetes; o__Saccharomycetales; f__Saccharomycetaceae; g__Saccharomyces; s__Saccharomyces_cerevisiae	99.138
358e5aeac803d1eb8da09407f491871c	k__Fungi; p__Basidiomycota; c__Tremellomycetes; o__Trichosporonales; f__Trichosporonaceae; g__Cutaneotrichosporon; s__Cutaneotrichosporon_dermatis	78.788
36461ec46bb917ed47cd574fbefddef4	k__Fungi; p__Ascomycota; c__Sordariomycetes; o__Hypocreales; f__Nectriaceae; g__Fusarium; s__Fusarium_keratoplasticum	100.0
37d4a335bf1d51f01582d9471a112681	k__Fungi; p__Basidiomycota; c__Tremellomycetes; o__Trichosporonales; f__Trichosporonaceae; g__Cutaneotrichosporon; s__Cutaneotrichosporon_dermatis	95.652
387de4923eb7c1950b022e185327224b	k__Fungi; p__Ascomycota; c__Saccharomycetes; o__Saccharomycetales; f__Saccharomycetaceae; g__Nakaseomyces; s__Nakaseomyces_glabratus	100.0
3aff115ea9dc889997fec9ab39973349	k__Fungi; p__Basidiomycota; c__Tremellomycetes; o__Trichosporonales; f__Trichosporonaceae; g__Cutaneotrichosporon; s__Cutaneotrichosporon_dermatis	100.0
3f1585818ee2ca5d837a80074f225019	k__Fungi; p__Basidiomycota; c__Tremellomycetes; o__Tremellales; f__Tremellaceae; g__Cryptococcus; s__Cryptococcus_neoformans	88.889
3f4c30d9dbda2e4629b7ba6a41354eb0	k__Fungi; p__Basidiomycota; c__Tremellomycetes; o__Trichosporonales; f__Trichosporonaceae; g__Cutaneotrichosporon; s__Cutaneotrichosporon_dermatis	78.788
410fa9b2d1c246b2da10b7c1800aecfe	k__Fungi; p__Ascomycota; c__Saccharomycetes; o__Saccharomycetales; f__Saccharomycetaceae; g__Saccharomyces; s__Saccharomyces_cerevisiae	100.0
427b2120e9fdcd3b20071ccba4e21cc3	k__Fungi; p__Basidiomycota; c__Tremellomycetes; o__Trichosporonales; f__Trichosporonaceae; g__Cutaneotrichosporon; s__Cutaneotrichosporon_dermatis	93.333
4410fbb6f29093b48a07044682c46bde	k__Fungi; p__Ascomycota; c__Saccharomycetes; o__Saccharomycetales; f__Saccharomycetaceae; g__Nakaseomyces; s__Nakaseomyces_glabratus	99.563
44289e0d4bb76d7dc0006d54ac820fc1	k__Fungi; p__Basidiomycota; c__Tremellomycetes; o__Trichosporonales; f__Trichosporonaceae; g__Cutaneotrichosporon; s__Cutaneotrichosporon_dermatis	92.857
44a05b01f5f5bea58a5e3a13e14d59fc	k__Fungi; p__Ascomycota; c__Eurotiomycetes; o__Eurotiales; f__Aspergillaceae; g__Aspergillus; s__Aspergillus_fumigatus	90.0
44f90264df134259ebc0896303d9a493	k__Fungi; p__Ascomycota; c__Eurotiomycetes; o__Eurotiales; f__Aspergillaceae; g__Aspergillus; s__Aspergillus_fumigatus	88.462
492e37f87b8dabd8e27df1474005bc0d	k__Fungi; p__Basidiomycota; c__Tremellomycetes; o__Trichosporonales; f__Trichosporonaceae; g__Cutaneotrichosporon; s__Cutaneotrichosporon_dermatis	85.714
4a9eebc6771e1b0950879ee3dd5c5c70	k__Fungi; p__Ascomycota; c__Eurotiomycetes; o__Eurotiales; f__Aspergillaceae; g__Penicillium; s__Penicillium_chrysogenum	78.788
4f0eeafcb9177222412728e3822743a3	k__Fungi; p__Basidiomycota; c__Tremellomycetes; o__Tremellales; f__Tremellaceae; g__Cryptococcus; s__Cryptococcus_neoformans	100.0
4f6bba767820d950766bc71d6d15fec4	k__Fungi; p__Basidiomycota; c__Tremellomycetes; o__Tremellales; f__Tremellaceae; g__Cryptococcus; s__Cryptococcus_neoformans	99.462
4fe0a80f8c4b0a6cfc9a15c0926fd3f1	k__Fungi; p__Ascomycota; c__Sordariomycetes; o__Hypocreales; f__Nectriaceae; g__Fusarium; s__Fusarium_keratoplasticum	92.308
5043729794cc2c896d6e9a0f1626e20e	k__Fungi; p__Basidiomycota; c__Tremellomycetes; o__Tremellales; f__Tremellaceae; g__Cryptococcus; s__Cryptococcus_neoformans	71.845
53097c9e9e3c7ba253dbf5ec95c930fc	k__Fungi; p__Basidiomycota; c__Tremellomycetes; o__Trichosporonales; f__Trichosporonaceae; g__Cutaneotrichosporon; s__Cutaneotrichosporon_dermatis	78.788
53c9feac786c2fec525605f3db4ae987	k__Fungi; p__Ascomycota; c__Eurotiomycetes; o__Eurotiales; f__Aspergillaceae; g__Penicillium; s__Penicillium_chrysogenum	100.0
542c250da51659a9eb63accee552bd58	k__Fungi; p__Basidiomycota; c__Tremellomycetes; o__Trichosporonales; f__Trichosporonaceae; g__Cutaneotrichosporon; s__Cutaneotrichosporon_dermatis	78.788
54f44042aa65835826eb2207758c96d9	k__Fungi; p__Ascomycota; c__Eurotiomycetes; o__Eurotiales; f__Aspergillaceae; g__Aspergillus; s__Aspergillus_fumigatus	94.268
558f634792c8b5cee619778f270e8ee0	k__Fungi; p__Ascomycota; c__Saccharomycetes; o__Saccharomycetales; f__Saccharomycetaceae; g__Saccharomyces; s__Saccharomyces_cerevisiae	98.712
57dff5e5f62d238d6f055b37452ac823	k__Fungi; p__Ascomycota; c__Saccharomycetes; o__Saccharomycetales; f__Saccharomycetaceae; g__Saccharomyces; s__Saccharomyces_cerevisiae	100.0
58912136ad5c68dae72bb4653a569b4d	k__Fungi; p__Ascomycota; c__Saccharomycetes; o__Saccharomycetales; f__Saccharomycetaceae; g__Nakaseomyces; s__Nakaseomyces_glabratus	84.211
590e0069dcd5441f47684045349cd9c2	k__Fungi; p__Basidiomycota; c__Tremellomycetes; o__Trichosporonales; f__Trichosporonaceae; g__Cutaneotrichosporon; s__Cutaneotrichosporon_dermatis	85.714
5c3158d98ae7185c37026511e5dbdb2c	k__Fungi; p__Ascomycota; c__Eurotiomycetes; o__Eurotiales; f__Aspergillaceae; g__Penicillium; s__Penicillium_chrysogenum	89.583
5c36e4197af8694525d815e3fcfb8e1b	k__Fungi; p__Basidiomycota; c__Tremellomycetes; o__Trichosporonales; f__Trichosporonaceae; g__Cutaneotrichosporon; s__Cutaneotrichosporon_dermatis	99.387
5c8e2d68a3058342eb5318f0efcfef0e	k__Fungi; p__Basidiomycota; c__Tremellomycetes; o__Trichosporonales; f__Trichosporonaceae; g__Cutaneotrichosporon; s__Cutaneotrichosporon_dermatis	84.615
5e8d3c0601be4315ab09e921da2d328f	k__Fungi; p__Basidiomycota; c__Tremellomycetes; o__Trichosporonales; f__Trichosporonaceae; g__Cutaneotrichosporon; s__Cutaneotrichosporon_dermatis	100.0
5f07fdf487c0bf4b18dc8e6534d559e0	k__Fungi; p__Basidiomycota; c__Tremellomycetes; o__Trichosporonales; f__Trichosporonaceae; g__Cutaneotrichosporon; s__Cutaneotrichosporon_dermatis	78.723
5fd5a9eab2b0664e8973995690493bb7	k__Fungi; p__Basidiomycota; c__Tremellomycetes; o__Tremellales; f__Tremellaceae; g__Cryptococcus; s__Cryptococcus_neoformans	100.0
5fe8ba6be9294240d26f875ee767f4fe	k__Fungi; p__Ascomycota; c__Saccharomycetes; o__Saccharomycetales; f__Saccharomycetaceae; g__Saccharomyces; s__Saccharomyces_cerevisiae	89.39399999999998
6092927047fe7a692354e4fd7c745e4c	k__Fungi; p__Basidiomycota; c__Tremellomycetes; o__Trichosporonales; f__Trichosporonaceae; g__Cutaneotrichosporon; s__Cutaneotrichosporon_dermatis	100.0
60c4503cc5091926c0fe5039f5800884	k__Fungi; p__Basidiomycota; c__Tremellomycetes; o__Tremellales; f__Tremellaceae; g__Cryptococcus; s__Cryptococcus_neoformans	83.333
61126afa4733fbaeff0e31a74c4e98ba	k__Fungi; p__Ascomycota; c__Sordariomycetes; o__Hypocreales; f__Nectriaceae; g__Fusarium; s__Fusarium_keratoplasticum	80.734
6143c50035fe5fc5272475693b56bdf1	k__Fungi; p__Ascomycota; c__Saccharomycetes; o__Saccharomycetales; f__Debaryomycetaceae; g__Candida; s__Candida_albicans	100.0
61ac22dac6fb3801dc5ea4a2a0f37828	k__Fungi; p__Basidiomycota; c__Tremellomycetes; o__Tremellales; f__Tremellaceae; g__Cryptococcus; s__Cryptococcus_neoformans	83.333
63c9b0ae5186d4f240846adf2921d2a4	k__Fungi; p__Basidiomycota; c__Tremellomycetes; o__Trichosporonales; f__Trichosporonaceae; g__Cutaneotrichosporon; s__Cutaneotrichosporon_dermatis	100.0
64ff5d05e3dad56364385a586b8236d4	k__Fungi; p__Ascomycota; c__Saccharomycetes; o__Saccharomycetales; f__Saccharomycetaceae; g__Nakaseomyces; s__Nakaseomyces_glabratus	85.714
671e1c45b579b74ae01911c39f15f5ed	k__Fungi; p__Basidiomycota; c__Tremellomycetes; o__Tremellales; f__Tremellaceae; g__Cryptococcus; s__Cryptococcus_neoformans	84.615
6850c27dec2af54194264e1aebf97dcd	k__Fungi; p__Ascomycota; c__Saccharomycetes; o__Saccharomycetales; f__Saccharomycetaceae; g__Saccharomyces; s__Saccharomyces_cerevisiae	92.308
69cd5398b6e9164003f09fa393e6f17b	k__Fungi; p__Basidiomycota; c__Tremellomycetes; o__Trichosporonales; f__Trichosporonaceae; g__Cutaneotrichosporon; s__Cutaneotrichosporon_dermatis	100.0
69d7a7d7c05039ce3b5be70ffacc089f	k__Fungi; p__Ascomycota; c__Sordariomycetes; o__Hypocreales; f__Nectriaceae; g__Fusarium; s__Fusarium_keratoplasticum	74.138
6a018acae919ab5f0ca6dbedcb3ed281	k__Fungi; p__Basidiomycota; c__Tremellomycetes; o__Trichosporonales; f__Trichosporonaceae; g__Cutaneotrichosporon; s__Cutaneotrichosporon_dermatis	100.0
6a0e3aee96bfc2772cd53575935a9820	k__Fungi; p__Ascomycota; c__Eurotiomycetes; o__Eurotiales; f__Aspergillaceae; g__Aspergillus; s__Aspergillus_fumigatus	85.185
6ab43771f8d50d4e9268e3421e3e927f	k__Fungi; p__Basidiomycota; c__Tremellomycetes; o__Trichosporonales; f__Trichosporonaceae; g__Cutaneotrichosporon; s__Cutaneotrichosporon_dermatis	100.0
6b772c4a25b6812808e7bf2169afb415	k__Fungi; p__Basidiomycota; c__Tremellomycetes; o__Tremellales; f__Tremellaceae; g__Cryptococcus; s__Cryptococcus_neoformans	82.609
6cf8e6273ab065c307d3712ac2dbfe1d	k__Fungi; p__Basidiomycota; c__Tremellomycetes; o__Trichosporonales; f__Trichosporonaceae; g__Cutaneotrichosporon; s__Cutaneotrichosporon_dermatis	100.0
6da5475f6575f181dd87a66917e36920	k__Fungi; p__Basidiomycota; c__Tremellomycetes; o__Trichosporonales; f__Trichosporonaceae; g__Cutaneotrichosporon; s__Cutaneotrichosporon_dermatis	86.36399999999998
6f1091e7efe7bc87c06bbea6642f1003	k__Fungi; p__Basidiomycota; c__Tremellomycetes; o__Trichosporonales; f__Trichosporonaceae; g__Cutaneotrichosporon; s__Cutaneotrichosporon_dermatis	78.788
70b3cf507c15b1c220effff995cdd1ca	k__Fungi; p__Basidiomycota; c__Malasseziomycetes; o__Malasseziales; f__Malasseziaceae; g__Malassezia; s__Malassezia_globosa	85.714
74a06cbc0b620e28eca3ca122274f99c	k__Fungi; p__Basidiomycota; c__Tremellomycetes; o__Tremellales; f__Tremellaceae; g__Cryptococcus; s__Cryptococcus_neoformans	80.76899999999998
7759814383595a2d0ab1bf7b73171a44	k__Fungi; p__Basidiomycota; c__Malasseziomycetes; o__Malasseziales; f__Malasseziaceae; g__Malassezia; s__Malassezia_globosa	100.0
77aef54800f91d2294bac5b9a9010594	k__Fungi; p__Basidiomycota; c__Malasseziomycetes; o__Malasseziales; f__Malasseziaceae; g__Malassezia; s__Malassezia_globosa	75.342
77c50df4f2148df177a3936d185bcec2	k__Fungi; p__Basidiomycota; c__Tremellomycetes; o__Trichosporonales; f__Trichosporonaceae; g__Cutaneotrichosporon; s__Cutaneotrichosporon_dermatis	81.25
7860959ab1ce8a841054c4d3d15221d0	k__Fungi; p__Basidiomycota; c__Tremellomycetes; o__Tremellales; f__Tremellaceae; g__Cryptococcus; s__Cryptococcus_neoformans	72.727
787f8227d35c58c25e5a1baaff22bcc5	k__Fungi; p__Basidiomycota; c__Tremellomycetes; o__Trichosporonales; f__Trichosporonaceae; g__Cutaneotrichosporon; s__Cutaneotrichosporon_dermatis	100.0
78f1ff03d895408d0bbfc76f894befec	k__Fungi; p__Ascomycota; c__Eurotiomycetes; o__Eurotiales; f__Aspergillaceae; g__Aspergillus; s__Aspergillus_fumigatus	85.185
7904340b100395ea12dbea044726ee08	k__Fungi; p__Basidiomycota; c__Tremellomycetes; o__Tremellales; f__Tremellaceae; g__Cryptococcus; s__Cryptococcus_neoformans	70.90899999999998
7958aa59fd7588c60330ce6799597d81	k__Fungi; p__Basidiomycota; c__Tremellomycetes; o__Tremellales; f__Tremellaceae; g__Cryptococcus; s__Cryptococcus_neoformans	93.333
7b0c2826eb7474c7abe104a585597010	k__Fungi; p__Ascomycota; c__Sordariomycetes; o__Hypocreales; f__Nectriaceae; g__Fusarium; s__Fusarium_keratoplasticum	92.308
7bb64ea8b4df8344319d79a47d3a8afa	k__Fungi; p__Basidiomycota; c__Tremellomycetes; o__Tremellales; f__Tremellaceae; g__Cryptococcus; s__Cryptococcus_neoformans	86.95700000000002
7c96432a999d02dd7f21cbbdf5ea202a	k__Fungi; p__Basidiomycota; c__Tremellomycetes; o__Trichosporonales; f__Trichosporonaceae; g__Cutaneotrichosporon; s__Cutaneotrichosporon_dermatis	81.25
80656d9a953b600388a8d5b3284216b9	k__Fungi; p__Ascomycota; c__Saccharomycetes; o__Saccharomycetales; f__Debaryomycetaceae; g__Candida; s__Candida_albicans	100.0
82a2523cca06ea4da6692908c23a4d60	k__Fungi; p__Ascomycota; c__Saccharomycetes; o__Saccharomycetales; f__Saccharomycetaceae; g__Nakaseomyces; s__Nakaseomyces_glabratus	83.87100000000002
8399a27795b0fabe060cc35c9f316118	k__Fungi; p__Basidiomycota; c__Tremellomycetes; o__Tremellales; f__Tremellaceae; g__Cryptococcus; s__Cryptococcus_neoformans	75.472
84b9d21cc143333232f36f500ea60299	k__Fungi; p__Basidiomycota; c__Tremellomycetes; o__Trichosporonales; f__Trichosporonaceae; g__Cutaneotrichosporon; s__Cutaneotrichosporon_dermatis	75.0
86033a0f68bf17feb67d641dd08a5e3b	k__Fungi; p__Basidiomycota; c__Tremellomycetes; o__Trichosporonales; f__Trichosporonaceae; g__Cutaneotrichosporon; s__Cutaneotrichosporon_dermatis	100.0
88bfe70998cfd35a12a909620792688a	k__Fungi; p__Ascomycota; c__Eurotiomycetes; o__Eurotiales; f__Aspergillaceae; g__Penicillium; s__Penicillium_chrysogenum	100.0
89213e5d64cafbad1947e54bdb84a3d6	k__Fungi; p__Basidiomycota; c__Tremellomycetes; o__Trichosporonales; f__Trichosporonaceae; g__Cutaneotrichosporon; s__Cutaneotrichosporon_dermatis	92.0
8b51ec7a91f7832c1606fd6ce117a808	k__Fungi; p__Basidiomycota; c__Tremellomycetes; o__Trichosporonales; f__Trichosporonaceae; g__Cutaneotrichosporon; s__Cutaneotrichosporon_dermatis	88.889
8e98c860323a68e9904cf3320be00300	k__Fungi; p__Ascomycota; c__Saccharomycetes; o__Saccharomycetales; f__Saccharomycetaceae; g__Saccharomyces; s__Saccharomyces_cerevisiae	100.0
8e9957d6ceecc6150dc312ec6ef1b716	k__Fungi; p__Basidiomycota; c__Tremellomycetes; o__Tremellales; f__Tremellaceae; g__Cryptococcus; s__Cryptococcus_neoformans	84.615
90a30f03ca37989d3320d5abf225636d	k__Fungi; p__Ascomycota; c__Eurotiomycetes; o__Eurotiales; f__Aspergillaceae; g__Penicillium; s__Penicillium_chrysogenum	78.788
91026d5ecd0fdcfb7b364d2d0871d36d	k__Fungi; p__Basidiomycota; c__Tremellomycetes; o__Tremellales; f__Tremellaceae; g__Cryptococcus; s__Cryptococcus_neoformans	69.23100000000001
915c63e977ee6d732c5eb8192795f959	k__Fungi; p__Ascomycota; c__Saccharomycetes; o__Saccharomycetales; f__Saccharomycetaceae; g__Saccharomyces; s__Saccharomyces_cerevisiae	99.569
91ed5a72b201f13a385a89abeee5e191	k__Fungi; p__Ascomycota; c__Eurotiomycetes; o__Eurotiales; f__Aspergillaceae; g__Penicillium; s__Penicillium_chrysogenum	82.258
921f876dd61c8fdd639a56fbb16d7b6c	k__Fungi; p__Ascomycota; c__Eurotiomycetes; o__Eurotiales; f__Aspergillaceae; g__Aspergillus; s__Aspergillus_fumigatus	84.615
94530c8fa842d70b5abe7c813790b5b2	k__Fungi; p__Ascomycota; c__Saccharomycetes; o__Saccharomycetales; f__Saccharomycetaceae; g__Saccharomyces; s__Saccharomyces_cerevisiae	83.90799999999999
955540425e10bfa281031158fb849591	k__Fungi; p__Basidiomycota; c__Tremellomycetes; o__Trichosporonales; f__Trichosporonaceae; g__Cutaneotrichosporon; s__Cutaneotrichosporon_dermatis	87.5
98668f2433cc3fdfcf3c34e11d1ba521	k__Fungi; p__Ascomycota; c__Eurotiomycetes; o__Onygenales; f__Arthrodermataceae; g__Trichophyton; s__Trichophyton_interdigitale	88.889
98906e38db8e05a595f3c0efb3021003	k__Fungi; p__Ascomycota; c__Eurotiomycetes; o__Eurotiales; f__Aspergillaceae; g__Penicillium; s__Penicillium_chrysogenum	92.638
99d42c21ca1a753040983bdb71b468f8	k__Fungi; p__Ascomycota; c__Saccharomycetes; o__Saccharomycetales; f__Saccharomycetaceae; g__Saccharomyces; s__Saccharomyces_cerevisiae	89.39399999999998
9bfc8e9697969f1165a87662c168f423	k__Fungi; p__Basidiomycota; c__Tremellomycetes; o__Tremellales; f__Tremellaceae; g__Cryptococcus; s__Cryptococcus_neoformans	100.0
9e0921e5bbd7ecf4d47f5134c8ca0d2a	k__Fungi; p__Ascomycota; c__Eurotiomycetes; o__Eurotiales; f__Aspergillaceae; g__Penicillium; s__Penicillium_chrysogenum	88.462
9e9aed34ec9b46ddf8b4be25bd081d10	k__Fungi; p__Ascomycota; c__Eurotiomycetes; o__Eurotiales; f__Aspergillaceae; g__Penicillium; s__Penicillium_chrysogenum	100.0
9f3cfc4c1a3fbf21503b961819b2fcbf	k__Fungi; p__Basidiomycota; c__Tremellomycetes; o__Tremellales; f__Tremellaceae; g__Cryptococcus; s__Cryptococcus_neoformans	70.968
a8471a97a89292ee71b9e346420d69e1	k__Fungi; p__Ascomycota; c__Eurotiomycetes; o__Eurotiales; f__Aspergillaceae; g__Aspergillus; s__Aspergillus_fumigatus	85.185
aa449544b742da7c9fbfa39c0d3849fe	k__Fungi; p__Basidiomycota; c__Tremellomycetes; o__Tremellales; f__Tremellaceae; g__Cryptococcus; s__Cryptococcus_neoformans	100.0
aad545465f7a3c7d608c87b57b176a31	k__Fungi; p__Basidiomycota; c__Tremellomycetes; o__Trichosporonales; f__Trichosporonaceae; g__Cutaneotrichosporon; s__Cutaneotrichosporon_dermatis	85.185
abc7679572c0b1ba3de8661e079cb062	k__Fungi; p__Basidiomycota; c__Tremellomycetes; o__Trichosporonales; f__Trichosporonaceae; g__Cutaneotrichosporon; s__Cutaneotrichosporon_dermatis	92.715
ad5b23f99209f0b603e0c87d6cd42113	k__Fungi; p__Basidiomycota; c__Tremellomycetes; o__Trichosporonales; f__Trichosporonaceae; g__Cutaneotrichosporon; s__Cutaneotrichosporon_dermatis	78.788
ad90f737406d7ec92b3e444e41d6ab49	k__Fungi; p__Basidiomycota; c__Tremellomycetes; o__Tremellales; f__Tremellaceae; g__Cryptococcus; s__Cryptococcus_neoformans	72.727
ae02184daf687a68ede894e742c6be8e	k__Fungi; p__Basidiomycota; c__Tremellomycetes; o__Trichosporonales; f__Trichosporonaceae; g__Cutaneotrichosporon; s__Cutaneotrichosporon_dermatis	85.185
af27df91c11b097ab5c3f306fe0f535d	k__Fungi; p__Basidiomycota; c__Tremellomycetes; o__Tremellales; f__Tremellaceae; g__Cryptococcus; s__Cryptococcus_neoformans	72.727
b2c6907b3db766724d2335436d7e33f4	k__Fungi; p__Basidiomycota; c__Tremellomycetes; o__Trichosporonales; f__Trichosporonaceae; g__Cutaneotrichosporon; s__Cutaneotrichosporon_dermatis	78.125
b4d73ceb6dbaecaf84dd2dcf34566fbc	k__Fungi; p__Basidiomycota; c__Tremellomycetes; o__Tremellales; f__Tremellaceae; g__Cryptococcus; s__Cryptococcus_neoformans	88.889
b505a782b64eae6f885a9098ba8df509	k__Fungi; p__Basidiomycota; c__Tremellomycetes; o__Trichosporonales; f__Trichosporonaceae; g__Cutaneotrichosporon; s__Cutaneotrichosporon_dermatis	78.788
b51e89e740a3b7d99fc2112e7b30bc00	k__Fungi; p__Ascomycota; c__Sordariomycetes; o__Hypocreales; f__Nectriaceae; g__Fusarium; s__Fusarium_keratoplasticum	100.0
b5d734bb65d33dbb443d7b92850825f8	k__Fungi; p__Ascomycota; c__Saccharomycetes; o__Saccharomycetales; f__Saccharomycetaceae; g__Nakaseomyces; s__Nakaseomyces_glabratus	99.563
b8a24610670d3ac10f0d3befe6902222	k__Fungi; p__Basidiomycota; c__Tremellomycetes; o__Trichosporonales; f__Trichosporonaceae; g__Cutaneotrichosporon; s__Cutaneotrichosporon_dermatis	93.75
b8b6019de3c607356ff1d4846d98a8df	k__Fungi; p__Ascomycota; c__Eurotiomycetes; o__Eurotiales; f__Aspergillaceae; g__Penicillium; s__Penicillium_chrysogenum	87.586
b930655cdbda2d0f0758d5276c15600d	k__Fungi; p__Ascomycota; c__Eurotiomycetes; o__Eurotiales; f__Aspergillaceae; g__Penicillium; s__Penicillium_chrysogenum	92.5
ba6f84c5a6c850e7dd2ac7ac28facbd6	k__Fungi; p__Basidiomycota; c__Tremellomycetes; o__Tremellales; f__Tremellaceae; g__Cryptococcus; s__Cryptococcus_neoformans	82.609
bb441be8bdf01e38ec90a625715d3f96	k__Fungi; p__Basidiomycota; c__Tremellomycetes; o__Trichosporonales; f__Trichosporonaceae; g__Cutaneotrichosporon; s__Cutaneotrichosporon_dermatis	86.20700000000002
bd796f04c04028b86ca7ece20df3e735	k__Fungi; p__Basidiomycota; c__Tremellomycetes; o__Tremellales; f__Tremellaceae; g__Cryptococcus; s__Cryptococcus_neoformans	77.419
c0be5a766a77d1b40339c3847e707d78	k__Fungi; p__Basidiomycota; c__Tremellomycetes; o__Trichosporonales; f__Trichosporonaceae; g__Cutaneotrichosporon; s__Cutaneotrichosporon_dermatis	87.5
c335aefb046c3a1f098bc46b7be0bff8	k__Fungi; p__Basidiomycota; c__Tremellomycetes; o__Tremellales; f__Tremellaceae; g__Cryptococcus; s__Cryptococcus_neoformans	72.727
c3b3863baf308516d9bae664ff9843c6	k__Fungi; p__Ascomycota; c__Sordariomycetes; o__Hypocreales; f__Nectriaceae; g__Fusarium; s__Fusarium_keratoplasticum	89.47399999999998
c4882dc60b49c95b93e46ef6e32dfc12	k__Fungi; p__Ascomycota; c__Eurotiomycetes; o__Eurotiales; f__Aspergillaceae; g__Aspergillus; s__Aspergillus_fumigatus	90.476
c5fc3fd35912da93c85f5c96bd65b76d	k__Fungi; p__Ascomycota; c__Eurotiomycetes; o__Eurotiales; f__Aspergillaceae; g__Aspergillus; s__Aspergillus_fumigatus	69.149
c89bc141df239be15bf707bdd443fa11	k__Fungi; p__Ascomycota; c__Eurotiomycetes; o__Eurotiales; f__Aspergillaceae; g__Aspergillus; s__Aspergillus_fumigatus	100.0
ca7267bef65439e30d72c01f2ab17865	k__Fungi; p__Basidiomycota; c__Tremellomycetes; o__Trichosporonales; f__Trichosporonaceae; g__Cutaneotrichosporon; s__Cutaneotrichosporon_dermatis	84.375
cb2c0e20773df56a36e2a0f9eabe0e2d	k__Fungi; p__Ascomycota; c__Eurotiomycetes; o__Eurotiales; f__Aspergillaceae; g__Penicillium; s__Penicillium_chrysogenum	82.609
cc6d7b7ac9f42ac1add61a4e92cca4d0	k__Fungi; p__Basidiomycota; c__Tremellomycetes; o__Tremellales; f__Tremellaceae; g__Cryptococcus; s__Cryptococcus_neoformans	100.0
cdd244abd5bf539f9d30cb7b2907eaa7	k__Fungi; p__Ascomycota; c__Eurotiomycetes; o__Eurotiales; f__Aspergillaceae; g__Aspergillus; s__Aspergillus_fumigatus	88.462
ce09f92e8ab71b4062be2fcbf797fc29	k__Fungi; p__Ascomycota; c__Sordariomycetes; o__Hypocreales; f__Nectriaceae; g__Fusarium; s__Fusarium_keratoplasticum	93.75
cf51d4a65c9fa59fbf840dc7445265d5	k__Fungi; p__Basidiomycota; c__Tremellomycetes; o__Trichosporonales; f__Trichosporonaceae; g__Cutaneotrichosporon; s__Cutaneotrichosporon_dermatis	92.0
cf9ccf0ca27f56fd87e0d496ea54b7a2	k__Fungi; p__Basidiomycota; c__Tremellomycetes; o__Tremellales; f__Tremellaceae; g__Cryptococcus; s__Cryptococcus_neoformans	99.462
d00e6d83defe1a30a8b325b1610196d3	k__Fungi; p__Basidiomycota; c__Tremellomycetes; o__Trichosporonales; f__Trichosporonaceae; g__Cutaneotrichosporon; s__Cutaneotrichosporon_dermatis	83.87100000000002
d03b42d094fc26abc401a439481e5e12	k__Fungi; p__Ascomycota; c__Eurotiomycetes; o__Eurotiales; f__Aspergillaceae; g__Aspergillus; s__Aspergillus_fumigatus	81.48100000000002
d06ee85ecbb1b97b12f84c0d16ead2e3	k__Fungi; p__Ascomycota; c__Eurotiomycetes; o__Eurotiales; f__Aspergillaceae; g__Penicillium; s__Penicillium_chrysogenum	100.0
d2e25b6611bfc517eb12d22c4f1f0ac0	k__Fungi; p__Basidiomycota; c__Tremellomycetes; o__Trichosporonales; f__Trichosporonaceae; g__Cutaneotrichosporon; s__Cutaneotrichosporon_dermatis	92.857
d41474f8e49115abf6f296e3fee6b8b1	k__Fungi; p__Ascomycota; c__Eurotiomycetes; o__Eurotiales; f__Aspergillaceae; g__Aspergillus; s__Aspergillus_fumigatus	92.414
d5f4d4c61556cd9a88f8e7072585def2	k__Fungi; p__Ascomycota; c__Eurotiomycetes; o__Eurotiales; f__Aspergillaceae; g__Aspergillus; s__Aspergillus_fumigatus	84.615
d6e7806fe6c49f4c960a7210ce8b929b	k__Fungi; p__Ascomycota; c__Eurotiomycetes; o__Eurotiales; f__Aspergillaceae; g__Aspergillus; s__Aspergillus_fumigatus	87.5
d6f3e15b67c356651253d4bfee7bb46f	k__Fungi; p__Ascomycota; c__Saccharomycetes; o__Saccharomycetales; f__Saccharomycetaceae; g__Nakaseomyces; s__Nakaseomyces_glabratus	100.0
d7517e7d7ccfcb017edef33e6825eda1	k__Fungi; p__Basidiomycota; c__Tremellomycetes; o__Trichosporonales; f__Trichosporonaceae; g__Cutaneotrichosporon; s__Cutaneotrichosporon_dermatis	78.723
d77de9b0c238f001eff17e8590bee7f3	k__Fungi; p__Ascomycota; c__Eurotiomycetes; o__Eurotiales; f__Aspergillaceae; g__Aspergillus; s__Aspergillus_fumigatus	93.333
da93059e7d874e588773916cbcb5cebf	k__Fungi; p__Basidiomycota; c__Malasseziomycetes; o__Malasseziales; f__Malasseziaceae; g__Malassezia; s__Malassezia_globosa	85.714
db0a45e1bb8405ca1fe091daa37fd2ec	k__Fungi; p__Basidiomycota; c__Tremellomycetes; o__Trichosporonales; f__Trichosporonaceae; g__Cutaneotrichosporon; s__Cutaneotrichosporon_dermatis	100.0
dbf377afa279cfc8e072e84b0bcb4f3f	k__Fungi; p__Basidiomycota; c__Tremellomycetes; o__Tremellales; f__Tremellaceae; g__Cryptococcus; s__Cryptococcus_neoformans	68.041
dc65b17281e536dc27c59066ed5cb2b8	k__Fungi; p__Basidiomycota; c__Tremellomycetes; o__Tremellales; f__Tremellaceae; g__Cryptococcus; s__Cryptococcus_neoformans	84.615
dcc55e98f520f9d97db040a6f18089ed	k__Fungi; p__Ascomycota; c__Eurotiomycetes; o__Onygenales; f__Arthrodermataceae; g__Trichophyton; s__Trichophyton_interdigitale	92.857
dde3d9f44829488859e6425ff6f8dcd5	k__Fungi; p__Basidiomycota; c__Tremellomycetes; o__Trichosporonales; f__Trichosporonaceae; g__Cutaneotrichosporon; s__Cutaneotrichosporon_dermatis	88.889
e10697f67b5d8c5ca3d33e56594068bf	k__Fungi; p__Ascomycota; c__Sordariomycetes; o__Hypocreales; f__Nectriaceae; g__Fusarium; s__Fusarium_keratoplasticum	100.0
e132feac453bbe8e98e4f5550613e720	k__Fungi; p__Basidiomycota; c__Tremellomycetes; o__Tremellales; f__Tremellaceae; g__Cryptococcus; s__Cryptococcus_neoformans	99.462
e399dc7c0823811b06f9eea10fa4ea6c	k__Fungi; p__Ascomycota; c__Sordariomycetes; o__Hypocreales; f__Nectriaceae; g__Fusarium; s__Fusarium_keratoplasticum	82.14299999999999
e42387237c012c1ed92a8c7f9dd2e2eb	k__Fungi; p__Basidiomycota; c__Tremellomycetes; o__Tremellales; f__Tremellaceae; g__Cryptococcus; s__Cryptococcus_neoformans	72.727
e6042d9d33d4676b7a7d6c7d232be5b0	k__Fungi; p__Ascomycota; c__Eurotiomycetes; o__Eurotiales; f__Aspergillaceae; g__Aspergillus; s__Aspergillus_fumigatus	100.0
e696a65744372846e5a5ad7901af11d5	k__Fungi; p__Ascomycota; c__Saccharomycetes; o__Saccharomycetales; f__Debaryomycetaceae; g__Candida; s__Candida_albicans	85.714
e7453690825c89a6aed267d0b3afd8fc	k__Fungi; p__Ascomycota; c__Saccharomycetes; o__Saccharomycetales; f__Saccharomycetaceae; g__Saccharomyces; s__Saccharomyces_cerevisiae	100.0
e88a98c4c0b539970aba2e9afdb652ff	k__Fungi; p__Basidiomycota; c__Tremellomycetes; o__Trichosporonales; f__Trichosporonaceae; g__Cutaneotrichosporon; s__Cutaneotrichosporon_dermatis	88.889
e8afdba12110f5899c03436c55249876	k__Fungi; p__Basidiomycota; c__Tremellomycetes; o__Tremellales; f__Tremellaceae; g__Cryptococcus; s__Cryptococcus_neoformans	100.0
ebd61c5d3dace237f7a2a5bfb8d391ab	k__Fungi; p__Ascomycota; c__Saccharomycetes; o__Saccharomycetales; f__Saccharomycetaceae; g__Nakaseomyces; s__Nakaseomyces_glabratus	100.0
ed1c2120a1da64cd9a0b5ea27488f1cd	k__Fungi; p__Basidiomycota; c__Tremellomycetes; o__Tremellales; f__Tremellaceae; g__Cryptococcus; s__Cryptococcus_neoformans	88.889
ed3e9912ffac4094303328fb6a4ea10c	k__Fungi; p__Ascomycota; c__Sordariomycetes; o__Hypocreales; f__Nectriaceae; g__Fusarium; s__Fusarium_keratoplasticum	99.412
ede209db473731ebfe17f1dbf1c88156	k__Fungi; p__Ascomycota; c__Eurotiomycetes; o__Eurotiales; f__Aspergillaceae; g__Penicillium; s__Penicillium_chrysogenum	88.462
ee606ee0d5d5f1f998149031ddfd45fc	k__Fungi; p__Basidiomycota; c__Tremellomycetes; o__Tremellales; f__Tremellaceae; g__Cryptococcus; s__Cryptococcus_neoformans	80.0
ee6217a6ac1c382c5086ba8f01f9a6f5	k__Fungi; p__Ascomycota; c__Saccharomycetes; o__Saccharomycetales; f__Saccharomycetaceae; g__Nakaseomyces; s__Nakaseomyces_glabratus	99.563
ef2ebeb91f91b576bbd95b341aed051e	k__Fungi; p__Basidiomycota; c__Tremellomycetes; o__Trichosporonales; f__Trichosporonaceae; g__Cutaneotrichosporon; s__Cutaneotrichosporon_dermatis	100.0
ef5b732f4220ffb4068dfff3f4590237	k__Fungi; p__Basidiomycota; c__Tremellomycetes; o__Trichosporonales; f__Trichosporonaceae; g__Cutaneotrichosporon; s__Cutaneotrichosporon_dermatis	100.0
ef7c4591e1b81a9863d21132d9f67bb6	k__Fungi; p__Basidiomycota; c__Tremellomycetes; o__Tremellales; f__Tremellaceae; g__Cryptococcus; s__Cryptococcus_neoformans	73.611
ef7cf9848db5544fe03fb7d411336533	k__Fungi; p__Ascomycota; c__Saccharomycetes; o__Saccharomycetales; f__Debaryomycetaceae; g__Candida; s__Candida_albicans	91.667
f0547560c210f8f296ce2aa804c875d4	k__Fungi; p__Basidiomycota; c__Tremellomycetes; o__Trichosporonales; f__Trichosporonaceae; g__Cutaneotrichosporon; s__Cutaneotrichosporon_dermatis	87.5
f1c57273935879d23965899d63727f74	k__Fungi; p__Ascomycota; c__Eurotiomycetes; o__Eurotiales; f__Aspergillaceae; g__Penicillium; s__Penicillium_chrysogenum	83.735
f4d47d9e9f949ba9f162bbf4faea2866	k__Fungi; p__Ascomycota; c__Sordariomycetes; o__Hypocreales; f__Nectriaceae; g__Fusarium; s__Fusarium_keratoplasticum	100.0
f4e14db83b8c8f27154cef63832ebf60	k__Fungi; p__Basidiomycota; c__Tremellomycetes; o__Trichosporonales; f__Trichosporonaceae; g__Cutaneotrichosporon; s__Cutaneotrichosporon_dermatis	89.47399999999998
f4fd6035608dbd454bc773ff604d85cc	k__Fungi; p__Ascomycota; c__Saccharomycetes; o__Saccharomycetales; f__Saccharomycetaceae; g__Saccharomyces; s__Saccharomyces_cerevisiae	93.333
f73a1a510817fc733ace7a6a70e7394e	k__Fungi; p__Basidiomycota; c__Tremellomycetes; o__Tremellales; f__Tremellaceae; g__Cryptococcus; s__Cryptococcus_neoformans	100.0
f806a2396402eab6244a8d52e08a9f7e	k__Fungi; p__Ascomycota; c__Eurotiomycetes; o__Onygenales; f__Arthrodermataceae; g__Trichophyton; s__Trichophyton_interdigitale	92.308
f8d2f35ec8aba3368cfa9bdc9dc84831	k__Fungi; p__Basidiomycota; c__Tremellomycetes; o__Tremellales; f__Tremellaceae; g__Cryptococcus; s__Cryptococcus_neoformans	100.0
f9bc2c7d2647a3b4e63ca4b721021da9	k__Fungi; p__Basidiomycota; c__Tremellomycetes; o__Trichosporonales; f__Trichosporonaceae; g__Cutaneotrichosporon; s__Cutaneotrichosporon_dermatis	100.0
f9d217f428c665f6e44a09c08fe0c485	k__Fungi; p__Ascomycota; c__Eurotiomycetes; o__Onygenales; f__Arthrodermataceae; g__Trichophyton; s__Trichophyton_interdigitale	100.0
fd56d5d2d7ab0969f3ea9d3294133409	k__Fungi; p__Basidiomycota; c__Tremellomycetes; o__Tremellales; f__Tremellaceae; g__Cryptococcus; s__Cryptococcus_neoformans	100.0
fdad38ba45d5b299528d74bce258e06a	k__Fungi; p__Basidiomycota; c__Tremellomycetes; o__Trichosporonales; f__Trichosporonaceae; g__Cutaneotrichosporon; s__Cutaneotrichosporon_dermatis	85.714
ff0b3c0f2f9029863279aaec209a64b5	k__Fungi; p__Basidiomycota; c__Tremellomycetes; o__Trichosporonales; f__Trichosporonaceae; g__Cutaneotrichosporon; s__Cutaneotrichosporon_dermatis	86.36399999999998
