ASV	BLAST_Top1_Accession	BLAST_Top1_TaxID	BLAST_Top1_Evalue	BLAST_Top1_Bitscore	BLAST_Top1_Pident	BLAST_Top1_Qcovus	BLAST_Top1_AlignmentLength	BLAST_AmbiguousTopHit	BLAST_SelectionStatus	BLAST_Top1_Kingdom	BLAST_Top1_Phylum	BLAST_Top1_Class	BLAST_Top1_Order	BLAST_Top1_Family	BLAST_Top1_Genus	BLAST_Top1_Species	BLAST_Top2_Accession	BLAST_Top2_Species	BLAST_Top2_Evalue	BLAST_Top2_Bitscore	BLAST_Top2_Pident	BLAST_Top2_Qcovus	BLAST_Top2_AlignmentLength	CustomDB_Taxon	CustomDB_Confidence
006332ce4ff87f6466c8309cd667b472	NR_171785	900002	0.51	21.1	100.0	53	11	False	candidate_available	Fungi	Basidiomycota	Tremellomycetes	Tremellales	Tremellaceae	Cryptococcus	Cryptococcus_neoformans	NR_111007	Saccharomyces_cerevisiae	0.51	21.1	100.0	51	11	k__Fungi; p__Basidiomycota; c__Tremellomycetes; o__Tremellales; f__Tremellaceae; g__Cryptococcus; s__Cryptococcus_neoformans	100.0
006daa04951eb9299f5610b4c6c17dc5	NR_130667	900010	0.003	29.2	78.723	62	47	False	candidate_available	Fungi	Basidiomycota	Tremellomycetes	Trichosporonales	Trichosporonaceae	Cutaneotrichosporon	Cutaneotrichosporon_dermatis	NR_171785	Cryptococcus_neoformans	0.48	21.1	100.0	38	11	k__Fungi; p__Basidiomycota; c__Tremellomycetes; o__Trichosporonales; f__Trichosporonaceae; g__Cutaneotrichosporon; s__Cutaneotrichosporon_dermatis	78.723
026c5263ced8f41669b14f7ee3ab05a6	NR_121481	900001	0.000725	31.0	88.462	37	26	False	candidate_available	Fungi	Ascomycota	Eurotiomycetes	Eurotiales	Aspergillaceae	Aspergillus	Aspergillus_fumigatus	NR_077145	Penicillium_chrysogenum	0.000725	31.0	88.462	35	26	k__Fungi; p__Ascomycota; c__Eurotiomycetes; o__Eurotiales; f__Aspergillaceae; g__Aspergillus; s__Aspergillus_fumigatus	88.462
02d4c47b6b2f2c61e8e6fb701b5f4dea	NR_130667	900010	3.3299999999999997e-15	68.9	78.947	71	95	False	candidate_available	Fungi	Basidiomycota	Tremellomycetes	Trichosporonales	Trichosporonaceae	Cutaneotrichosporon	Cutaneotrichosporon_dermatis	NR_171785	Cryptococcus_neoformans	3.8e-08	44.6	69.608	62	102	k__Fungi; p__Basidiomycota; c__Tremellomycetes; o__Trichosporonales; f__Trichosporonaceae; g__Cutaneotrichosporon; s__Cutaneotrichosporon_dermatis	78.947
040c1e07de80d76e56f1d8b0b573ca34	NR_121481	900001	0.009000000000000001	26.5	84.615	54	26	False	candidate_available	Fungi	Ascomycota	Eurotiomycetes	Eurotiales	Aspergillaceae	Aspergillus	Aspergillus_fumigatus	NR_077145	Penicillium_chrysogenum	0.009000000000000001	26.5	84.615	37	26	k__Fungi; p__Ascomycota; c__Eurotiomycetes; o__Eurotiales; f__Aspergillaceae; g__Aspergillus; s__Aspergillus_fumigatus	84.615
04a58f1fa63710803570b8b5e2d3733e	NR_121481	900001	1.7e-05	36.5	82.927	61	41	False	candidate_available	Fungi	Ascomycota	Eurotiomycetes	Eurotiales	Aspergillaceae	Aspergillus	Aspergillus_fumigatus	NR_077145	Penicillium_chrysogenum	0.000208	32.8	88.889	49	27	k__Fungi; p__Ascomycota; c__Eurotiomycetes; o__Eurotiales; f__Aspergillaceae; g__Aspergillus; s__Aspergillus_fumigatus	82.927
06170a68f344fc34f5fbbd044733994e	NR_130667	900010	0.000868	30.1	85.185	37	27	False	candidate_available	Fungi	Basidiomycota	Tremellomycetes	Trichosporonales	Trichosporonaceae	Cutaneotrichosporon	Cutaneotrichosporon_dermatis	NR_130667	Cutaneotrichosporon_dermatis	0.13	22.9	100.0	37	12	k__Fungi; p__Basidiomycota; c__Tremellomycetes; o__Trichosporonales; f__Trichosporonaceae; g__Cutaneotrichosporon; s__Cutaneotrichosporon_dermatis	85.185
0673e25cd741e9931970123bad8cd6ae	NR_130691	900007	0.47	22.0	92.857	39	14	False	candidate_available	Fungi	Ascomycota	Saccharomycetes	Saccharomycetales	Saccharomycetaceae	Nakaseomyces	Nakaseomyces_glabratus	NR_144900	Trichophyton_interdigitale	0.47	22.0	92.857	35	14	k__Fungi; p__Ascomycota; c__Saccharomycetes; o__Saccharomycetales; f__Saccharomycetaceae; g__Nakaseomyces; s__Nakaseomyces_glabratus	92.857
07a2672158a9694178ccf1ab878fb08e	NR_130667	900010	0.003	28.3	90.0	47	20	False	candidate_available	Fungi	Basidiomycota	Tremellomycetes	Trichosporonales	Trichosporonaceae	Cutaneotrichosporon	Cutaneotrichosporon_dermatis	NR_171785	Cryptococcus_neoformans	0.039	24.7	88.889	38	18	k__Fungi; p__Basidiomycota; c__Tremellomycetes; o__Trichosporonales; f__Trichosporonaceae; g__Cutaneotrichosporon; s__Cutaneotrichosporon_dermatis	90.0
07b93f1e7b4522a701d9b3ef5874f881	NR_171785	900002	0.003	28.3	68.367	47	98	False	candidate_available	Fungi	Basidiomycota	Tremellomycetes	Tremellales	Tremellaceae	Cryptococcus	Cryptococcus_neoformans	NR_121481	Aspergillus_fumigatus	0.14	22.9	81.818	42	22	k__Fungi; p__Basidiomycota; c__Tremellomycetes; o__Tremellales; f__Tremellaceae; g__Cryptococcus; s__Cryptococcus_neoformans	68.367
0ad03262fa2155cc0cae6071e227df84	NR_171785	900002	8.31e-05	34.6	73.611	55	72	False	candidate_available	Fungi	Basidiomycota	Tremellomycetes	Tremellales	Tremellaceae	Cryptococcus	Cryptococcus_neoformans	NR_171785	Cryptococcus_neoformans	0.52	22.0	92.857	55	14	k__Fungi; p__Basidiomycota; c__Tremellomycetes; o__Tremellales; f__Tremellaceae; g__Cryptococcus; s__Cryptococcus_neoformans	73.611
0b16710fc341de52d3db3a987523142b	NR_121481	900001	1.2699999999999996e-64	233.0	94.231	91	156	False	candidate_available	Fungi	Ascomycota	Eurotiomycetes	Eurotiales	Aspergillaceae	Aspergillus	Aspergillus_fumigatus	NR_077145	Penicillium_chrysogenum	3.3999999999999993e-59	214.0	89.941	99	169	k__Fungi; p__Ascomycota; c__Eurotiomycetes; o__Eurotiales; f__Aspergillaceae; g__Aspergillus; s__Aspergillus_fumigatus	94.231
0ba4b040a2a556ef91e5ec66381abfaf	NR_130667	900010	0.003	28.3	100.0	56	15	False	candidate_available	Fungi	Basidiomycota	Tremellomycetes	Trichosporonales	Trichosporonaceae	Cutaneotrichosporon	Cutaneotrichosporon_dermatis	NR_130667	Cutaneotrichosporon_dermatis	0.011	27.4	78.125	56	32	k__Fungi; p__Basidiomycota; c__Tremellomycetes; o__Trichosporonales; f__Trichosporonaceae; g__Cutaneotrichosporon; s__Cutaneotrichosporon_dermatis	100.0
0d7f1fa221989e0cc733a52a1d979bfa	NR_130690	900005	0.029	25.6	82.14299999999999	45	28	False	candidate_available	Fungi	Ascomycota	Sordariomycetes	Hypocreales	Nectriaceae	Fusarium	Fusarium_keratoplasticum	NR_121481	Aspergillus_fumigatus	0.36	21.1	90.0	50	20	k__Fungi; p__Ascomycota; c__Sordariomycetes; o__Hypocreales; f__Nectriaceae; g__Fusarium; s__Fusarium_keratoplasticum	82.14299999999999
0db72d18219924f45026b9dfa92538ec	NR_144900	900003	1.6	20.2	92.308	34	13	False	candidate_available	Fungi	Ascomycota	Eurotiomycetes	Onygenales	Arthrodermataceae	Trichophyton	Trichophyton_interdigitale	NR_111007	Saccharomyces_cerevisiae	1.6	19.3	100.0	70	10	k__Fungi; p__Ascomycota; c__Eurotiomycetes; o__Onygenales; f__Arthrodermataceae; g__Trichophyton; s__Trichophyton_interdigitale	92.308
0e5c75d336000a526d2c07363fd305d0	NR_171785	900002	0.001	30.1	84.615	36	26	False	candidate_available	Fungi	Basidiomycota	Tremellomycetes	Tremellales	Tremellaceae	Cryptococcus	Cryptococcus_neoformans	NR_130667	Cutaneotrichosporon_dermatis	0.003	28.3	100.0	54	15	k__Fungi; p__Basidiomycota; c__Tremellomycetes; o__Tremellales; f__Tremellaceae; g__Cryptococcus; s__Cryptococcus_neoformans	84.615
0ed3a8becd603707260c02ce989b1e2d	NR_111007	900009	5.27e-21	88.7	83.90799999999999	56	87	False	candidate_available	Fungi	Ascomycota	Saccharomycetes	Saccharomycetales	Saccharomycetaceae	Saccharomyces	Saccharomyces_cerevisiae	NR_130691	Nakaseomyces_glabratus	4.94e-15	68.9	85.484	55	62	k__Fungi; p__Ascomycota; c__Saccharomycetes; o__Saccharomycetales; f__Saccharomycetaceae; g__Saccharomyces; s__Saccharomyces_cerevisiae	83.90799999999999
12ae8aec67f6e9580e434bbd62c83dcd	NR_130690	900005	1.2	20.2	93.333	34	15	False	candidate_available	Fungi	Ascomycota	Sordariomycetes	Hypocreales	Nectriaceae	Fusarium	Fusarium_keratoplasticum	NR_111007	Saccharomyces_cerevisiae	1.2	20.2	92.308	52	13	k__Fungi; p__Ascomycota; c__Sordariomycetes; o__Hypocreales; f__Nectriaceae; g__Fusarium; s__Fusarium_keratoplasticum	93.333
12da108a541069a69ac639ae2edcd700	NR_125332	900006	5.349999999999998e-75	267.0	99.333	100	150	False	candidate_available	Fungi	Ascomycota	Saccharomycetes	Saccharomycetales	Debaryomycetaceae	Candida	Candida_albicans	NR_111007	Saccharomyces_cerevisiae	0.1	22.9	74.359	51	39	k__Fungi; p__Ascomycota; c__Saccharomycetes; o__Saccharomycetales; f__Debaryomycetaceae; g__Candida; s__Candida_albicans	99.333
1452b25fcc2cf988fd7ab91920806410	NR_144900	900003	7.949999999999997e-93	325.0	100.0	100	180	False	candidate_available	Fungi	Ascomycota	Eurotiomycetes	Onygenales	Arthrodermataceae	Trichophyton	Trichophyton_interdigitale	NR_121481	Aspergillus_fumigatus	3.87e-08	45.5	68.96600000000001	78	116	k__Fungi; p__Ascomycota; c__Eurotiomycetes; o__Onygenales; f__Arthrodermataceae; g__Trichophyton; s__Trichophyton_interdigitale	100.0
168e27f59b5437d613141aaa2f916072	NR_111007	900009	0.13	22.0	77.778	84	27	False	candidate_available	Fungi	Ascomycota	Saccharomycetes	Saccharomycetales	Saccharomycetaceae	Saccharomyces	Saccharomyces_cerevisiae	NR_125332	Candida_albicans	0.46	19.3	100.0	62	10	k__Fungi; p__Ascomycota; c__Saccharomycetes; o__Saccharomycetales; f__Saccharomycetaceae; g__Saccharomyces; s__Saccharomyces_cerevisiae	77.778
17586e36e8ab48f597210c14bb4b14a1	NR_130667	900010	0.49	21.1	88.889	50	18	False	candidate_available	Fungi	Basidiomycota	Tremellomycetes	Trichosporonales	Trichosporonaceae	Cutaneotrichosporon	Cutaneotrichosporon_dermatis	NR_130667	Cutaneotrichosporon_dermatis	1.7	19.3	100.0	50	10	k__Fungi; p__Basidiomycota; c__Tremellomycetes; o__Trichosporonales; f__Trichosporonaceae; g__Cutaneotrichosporon; s__Cutaneotrichosporon_dermatis	88.889
19258a7686e049de551d076a284dea99	NR_111007	900009	8.96e-18	77.0	87.87899999999998	62	66	False	candidate_available	Fungi	Ascomycota	Saccharomycetes	Saccharomycetales	Saccharomycetaceae	Saccharomyces	Saccharomyces_cerevisiae	NR_130691	Nakaseomyces_glabratus	1.3300000000000001e-15	70.7	85.507	59	69	k__Fungi; p__Ascomycota; c__Saccharomycetes; o__Saccharomycetales; f__Saccharomycetaceae; g__Saccharomyces; s__Saccharomyces_cerevisiae	87.87899999999998
19589d9adc9d312e7f28d4bddc000468	NR_077145	900004	3.4899999999999993e-84	297.0	100.0	100	164	False	candidate_available	Fungi	Ascomycota	Eurotiomycetes	Eurotiales	Aspergillaceae	Penicillium	Penicillium_chrysogenum	NR_121481	Aspergillus_fumigatus	3.269999999999999e-78	277.0	97.576	100	165	k__Fungi; p__Ascomycota; c__Eurotiomycetes; o__Eurotiales; f__Aspergillaceae; g__Penicillium; s__Penicillium_chrysogenum	100.0
19e8704f50ae86ef8705db9c3141d9da	NR_171785	900002	0.000271	31.9	81.25	33	32	False	candidate_available	Fungi	Basidiomycota	Tremellomycetes	Tremellales	Tremellaceae	Cryptococcus	Cryptococcus_neoformans	NR_144900	Trichophyton_interdigitale	0.49	22.0	92.857	20	14	k__Fungi; p__Basidiomycota; c__Tremellomycetes; o__Tremellales; f__Tremellaceae; g__Cryptococcus; s__Cryptococcus_neoformans	81.25
1a08b9d790491512c9b5ccdbebb31c4d	NR_130667	900010	0.15	22.9	100.0	42	12	False	candidate_available	Fungi	Basidiomycota	Tremellomycetes	Trichosporonales	Trichosporonaceae	Cutaneotrichosporon	Cutaneotrichosporon_dermatis	NR_111475	Malassezia_globosa	0.15	22.9	88.235	47	17	k__Fungi; p__Basidiomycota; c__Tremellomycetes; o__Trichosporonales; f__Trichosporonaceae; g__Cutaneotrichosporon; s__Cutaneotrichosporon_dermatis	100.0
1aa1322a555933d26756115adcdd8306	NR_077145	900004	0.12	23.8	79.31	53	29	False	candidate_available	Fungi	Ascomycota	Eurotiomycetes	Eurotiales	Aspergillaceae	Penicillium	Penicillium_chrysogenum	NR_130691	Nakaseomyces_glabratus	0.41	22.0	84.211	41	19	k__Fungi; p__Ascomycota; c__Eurotiomycetes; o__Eurotiales; f__Aspergillaceae; g__Penicillium; s__Penicillium_chrysogenum	79.31
1bf9d2e36256be1150b1fc46095f0716	NR_171785	900002	0.038	24.7	84.0	31	25	False	candidate_available	Fungi	Basidiomycota	Tremellomycetes	Tremellales	Tremellaceae	Cryptococcus	Cryptococcus_neoformans	NR_171785	Cryptococcus_neoformans	1.6	19.3	100.0	31	10	k__Fungi; p__Basidiomycota; c__Tremellomycetes; o__Tremellales; f__Tremellaceae; g__Cryptococcus; s__Cryptococcus_neoformans	84.0
1f2562bcd89888cd5dc1ecfc90af6ca5	NR_171785	900002	0.028	24.7	88.889	31	18	False	candidate_available	Fungi	Basidiomycota	Tremellomycetes	Tremellales	Tremellaceae	Cryptococcus	Cryptococcus_neoformans	NR_121481	Aspergillus_fumigatus	0.34	22.0	80.76899999999998	37	26	k__Fungi; p__Basidiomycota; c__Tremellomycetes; o__Tremellales; f__Tremellaceae; g__Cryptococcus; s__Cryptococcus_neoformans	88.889
206ac16e519bcdd9dd9f8a782ddfd8df	NR_171785	900002	0.049	24.7	82.609	31	23	False	candidate_available	Fungi	Basidiomycota	Tremellomycetes	Tremellales	Tremellaceae	Cryptococcus	Cryptococcus_neoformans	NR_130667	Cutaneotrichosporon_dermatis	0.17	22.9	100.0	31	12	k__Fungi; p__Basidiomycota; c__Tremellomycetes; o__Tremellales; f__Tremellaceae; g__Cryptococcus; s__Cryptococcus_neoformans	82.609
2502cb3a6108ac2eaa7d36cba4a08694	NR_130690	900005	1.33e-32	125.0	76.571	98	175	False	candidate_available	Fungi	Ascomycota	Sordariomycetes	Hypocreales	Nectriaceae	Fusarium	Fusarium_keratoplasticum	NR_130691	Nakaseomyces_glabratus	0.033	24.7	100.0	47	13	k__Fungi; p__Ascomycota; c__Sordariomycetes; o__Hypocreales; f__Nectriaceae; g__Fusarium; s__Fusarium_keratoplasticum	76.571
257c7dbafd43e052b6ff952661ed50db	NR_130667	900010	0.011	26.5	78.788	41	33	False	candidate_available	Fungi	Basidiomycota	Tremellomycetes	Trichosporonales	Trichosporonaceae	Cutaneotrichosporon	Cutaneotrichosporon_dermatis	NR_171785	Cryptococcus_neoformans	0.47	22.0	79.167	38	24	k__Fungi; p__Basidiomycota; c__Tremellomycetes; o__Trichosporonales; f__Trichosporonaceae; g__Cutaneotrichosporon; s__Cutaneotrichosporon_dermatis	78.788
269110b876ccca673ccbec357552a076	NR_130667	900010	0.13	23.8	93.333	41	15	False	candidate_available	Fungi	Basidiomycota	Tremellomycetes	Trichosporonales	Trichosporonaceae	Cutaneotrichosporon	Cutaneotrichosporon_dermatis	NR_130667	Cutaneotrichosporon_dermatis	0.46	22.0	84.211	41	19	k__Fungi; p__Basidiomycota; c__Tremellomycetes; o__Trichosporonales; f__Trichosporonaceae; g__Cutaneotrichosporon; s__Cutaneotrichosporon_dermatis	93.333
29672ac01b5c6750735fed1907ddd347	NR_171785	900002	0.0005650000000000001	31.0	87.5	51	24	False	candidate_available	Fungi	Basidiomycota	Tremellomycetes	Tremellales	Tremellaceae	Cryptococcus	Cryptococcus_neoformans	NR_130667	Cutaneotrichosporon_dermatis	0.024	25.6	94.444	62	18	k__Fungi; p__Basidiomycota; c__Tremellomycetes; o__Tremellales; f__Tremellaceae; g__Cryptococcus; s__Cryptococcus_neoformans	87.5
2a03599d48e1a5883a372e8a8261d445	NR_130690	900005	1.04e-08	47.3	67.46	75	126	False	candidate_available	Fungi	Ascomycota	Sordariomycetes	Hypocreales	Nectriaceae	Fusarium	Fusarium_keratoplasticum	NR_144900	Trichophyton_interdigitale	0.034	25.6	93.75	58	16	k__Fungi; p__Ascomycota; c__Sordariomycetes; o__Hypocreales; f__Nectriaceae; g__Fusarium; s__Fusarium_keratoplasticum	67.46
2aa87d0ebccf12b39baf51d91e447b2d	NR_130667	900010	0.013	26.5	100.0	43	14	False	candidate_available	Fungi	Basidiomycota	Tremellomycetes	Trichosporonales	Trichosporonaceae	Cutaneotrichosporon	Cutaneotrichosporon_dermatis	NR_130691	Nakaseomyces_glabratus	2.0	20.2	76.667	48	30	k__Fungi; p__Basidiomycota; c__Tremellomycetes; o__Trichosporonales; f__Trichosporonaceae; g__Cutaneotrichosporon; s__Cutaneotrichosporon_dermatis	100.0
2b12210b988a471a2a2e6a89aee198f1	NR_111007	900009	0.16	23.8	93.333	41	15	False	candidate_available	Fungi	Ascomycota	Saccharomycetes	Saccharomycetales	Saccharomycetaceae	Saccharomyces	Saccharomyces_cerevisiae	NR_130667	Cutaneotrichosporon_dermatis	0.56	22.0	92.857	46	14	k__Fungi; p__Ascomycota; c__Saccharomycetes; o__Saccharomycetales; f__Saccharomycetaceae; g__Saccharomyces; s__Saccharomyces_cerevisiae	93.333
2bffa5bd228042e3fc0e3f30f48c6c13	NR_171785	900002	1.7	20.2	92.308	28	13	False	candidate_available	Fungi	Basidiomycota	Tremellomycetes	Tremellales	Tremellaceae	Cryptococcus	Cryptococcus_neoformans	NR_130667	Cutaneotrichosporon_dermatis	1.7	19.3	75.758	37	33	k__Fungi; p__Basidiomycota; c__Tremellomycetes; o__Tremellales; f__Tremellaceae; g__Cryptococcus; s__Cryptococcus_neoformans	92.308
2ce0943ee52455e0ef499cf2ef2d4e04	NR_077145	900004	5.139999999999998e-82	290.0	99.387	100	163	False	candidate_available	Fungi	Ascomycota	Eurotiomycetes	Eurotiales	Aspergillaceae	Penicillium	Penicillium_chrysogenum	NR_121481	Aspergillus_fumigatus	4.8199999999999986e-76	270.0	96.951	100	164	k__Fungi; p__Ascomycota; c__Eurotiomycetes; o__Eurotiales; f__Aspergillaceae; g__Penicillium; s__Penicillium_chrysogenum	99.387
2d5f90f732790862f85983cf328a51bf	NR_171785	900002	0.001	30.1	84.615	38	26	False	candidate_available	Fungi	Basidiomycota	Tremellomycetes	Tremellales	Tremellaceae	Cryptococcus	Cryptococcus_neoformans	NR_130667	Cutaneotrichosporon_dermatis	0.003	28.3	100.0	56	15	k__Fungi; p__Basidiomycota; c__Tremellomycetes; o__Tremellales; f__Tremellaceae; g__Cryptococcus; s__Cryptococcus_neoformans	84.615
2d783fc0a24c9350fd6e4c008ade61f1	NR_077145	900004	1.2099999999999994e-83	295.0	100.0	100	163	False	candidate_available	Fungi	Ascomycota	Eurotiomycetes	Eurotiales	Aspergillaceae	Penicillium	Penicillium_chrysogenum	NR_121481	Aspergillus_fumigatus	1.4699999999999995e-63	228.0	92.994	96	157	k__Fungi; p__Ascomycota; c__Eurotiomycetes; o__Eurotiales; f__Aspergillaceae; g__Penicillium; s__Penicillium_chrysogenum	100.0
2dbcbbad059800b66cce2a8752f950b6	NR_171785	900002	0.039	25.6	77.419	34	31	False	candidate_available	Fungi	Basidiomycota	Tremellomycetes	Tremellales	Tremellaceae	Cryptococcus	Cryptococcus_neoformans	NR_130667	Cutaneotrichosporon_dermatis	0.48	22.0	92.857	34	14	k__Fungi; p__Basidiomycota; c__Tremellomycetes; o__Tremellales; f__Tremellaceae; g__Cryptococcus; s__Cryptococcus_neoformans	77.419
2e3204476045187561769297cb5deb63	NR_144900	900003	0.14	22.9	76.744	42	43	False	candidate_available	Fungi	Ascomycota	Eurotiomycetes	Onygenales	Arthrodermataceae	Trichophyton	Trichophyton_interdigitale	NR_171785	Cryptococcus_neoformans	0.5	21.1	100.0	34	11	k__Fungi; p__Ascomycota; c__Eurotiomycetes; o__Onygenales; f__Arthrodermataceae; g__Trichophyton; s__Trichophyton_interdigitale	76.744
2f9d7e8bea9501d87407a5e5a59bf89b	NR_121481	900001	0.0006889999999999999	31.0	88.462	47	26	False	candidate_available	Fungi	Ascomycota	Eurotiomycetes	Eurotiales	Aspergillaceae	Aspergillus	Aspergillus_fumigatus	NR_077145	Penicillium_chrysogenum	0.0006889999999999999	31.0	88.462	46	26	k__Fungi; p__Ascomycota; c__Eurotiomycetes; o__Eurotiales; f__Aspergillaceae; g__Aspergillus; s__Aspergillus_fumigatus	88.462
2fac1bc2c61bb76209c62f3be67e15e8	NR_130667	900010	0.49	22.0	92.857	49	14	False	candidate_available	Fungi	Basidiomycota	Tremellomycetes	Trichosporonales	Trichosporonaceae	Cutaneotrichosporon	Cutaneotrichosporon_dermatis	NR_171785	Cryptococcus_neoformans	0.49	21.1	100.0	49	11	k__Fungi; p__Basidiomycota; c__Tremellomycetes; o__Trichosporonales; f__Trichosporonaceae; g__Cutaneotrichosporon; s__Cutaneotrichosporon_dermatis	92.857
301628c5f05bcb9636f353d42fcc04c6	NR_171785	900002	4.559999999999997e-96	336.0	100.0	100	186	False	candidate_available	Fungi	Basidiomycota	Tremellomycetes	Tremellales	Tremellaceae	Cryptococcus	Cryptococcus_neoformans	NR_130667	Cutaneotrichosporon_dermatis	4.01e-08	44.6	74.242	76	66	k__Fungi; p__Basidiomycota; c__Tremellomycetes; o__Tremellales; f__Tremellaceae; g__Cryptococcus; s__Cryptococcus_neoformans	100.0
307336b90220c9e62068fc5a324cd764	NR_130690	900005	0.52	21.1	100.0	43	11	False	candidate_available	Fungi	Ascomycota	Sordariomycetes	Hypocreales	Nectriaceae	Fusarium	Fusarium_keratoplasticum	NR_144900	Trichophyton_interdigitale	1.8	19.3	100.0	58	10	k__Fungi; p__Ascomycota; c__Sordariomycetes; o__Hypocreales; f__Nectriaceae; g__Fusarium; s__Fusarium_keratoplasticum	100.0
315affd4c31c0bc2a94bf5db590086cd	NR_111007	900009	4.739999999999999e-116	403.0	99.138	100	232	False	candidate_available	Fungi	Ascomycota	Saccharomycetes	Saccharomycetales	Saccharomycetaceae	Saccharomyces	Saccharomyces_cerevisiae	NR_130691	Nakaseomyces_glabratus	5.8e-20	84.2	86.486	73	74	k__Fungi; p__Ascomycota; c__Saccharomycetes; o__Saccharomycetales; f__Saccharomycetaceae; g__Saccharomyces; s__Saccharomyces_cerevisiae	99.138
358e5aeac803d1eb8da09407f491871c	NR_130667	900010	0.011	26.5	78.788	33	33	False	candidate_available	Fungi	Basidiomycota	Tremellomycetes	Trichosporonales	Trichosporonaceae	Cutaneotrichosporon	Cutaneotrichosporon_dermatis	NR_130667	Cutaneotrichosporon_dermatis	0.038	24.7	100.0	33	13	k__Fungi; p__Basidiomycota; c__Tremellomycetes; o__Trichosporonales; f__Trichosporonaceae; g__Cutaneotrichosporon; s__Cutaneotrichosporon_dermatis	78.788
36461ec46bb917ed47cd574fbefddef4	NR_130690	900005	0.37	21.1	100.0	86	11	False	candidate_available	Fungi	Ascomycota	Sordariomycetes	Hypocreales	Nectriaceae	Fusarium	Fusarium_keratoplasticum	NR_130690	Fusarium_keratoplasticum	0.37	21.1	68.595	86	121	k__Fungi; p__Ascomycota; c__Sordariomycetes; o__Hypocreales; f__Nectriaceae; g__Fusarium; s__Fusarium_keratoplasticum	100.0
37d4a335bf1d51f01582d9471a112681	NR_130667	900010	5.96e-06	38.3	95.652	58	23	False	candidate_available	Fungi	Basidiomycota	Tremellomycetes	Trichosporonales	Trichosporonaceae	Cutaneotrichosporon	Cutaneotrichosporon_dermatis	NR_171785	Cryptococcus_neoformans	0.003	29.2	78.788	53	33	k__Fungi; p__Basidiomycota; c__Tremellomycetes; o__Trichosporonales; f__Trichosporonaceae; g__Cutaneotrichosporon; s__Cutaneotrichosporon_dermatis	95.652
387de4923eb7c1950b022e185327224b	NR_130691	900007	0.39	21.1	100.0	47	11	False	candidate_available	Fungi	Ascomycota	Saccharomycetes	Saccharomycetales	Saccharomycetaceae	Nakaseomyces	Nakaseomyces_glabratus	NR_144900	Trichophyton_interdigitale	0.39	21.1	87.5	51	16	k__Fungi; p__Ascomycota; c__Saccharomycetes; o__Saccharomycetales; f__Saccharomycetaceae; g__Nakaseomyces; s__Nakaseomyces_glabratus	100.0
3aff115ea9dc889997fec9ab39973349	NR_130667	900010	1.2099999999999994e-83	295.0	100.0	100	163	False	candidate_available	Fungi	Basidiomycota	Tremellomycetes	Trichosporonales	Trichosporonaceae	Cutaneotrichosporon	Cutaneotrichosporon_dermatis	NR_171785	Cryptococcus_neoformans	1.21e-26	106.0	81.73899999999998	79	115	k__Fungi; p__Basidiomycota; c__Tremellomycetes; o__Trichosporonales; f__Trichosporonaceae; g__Cutaneotrichosporon; s__Cutaneotrichosporon_dermatis	100.0
3f1585818ee2ca5d837a80074f225019	NR_171785	900002	0.043	24.7	88.889	43	18	False	candidate_available	Fungi	Basidiomycota	Tremellomycetes	Tremellales	Tremellaceae	Cryptococcus	Cryptococcus_neoformans	NR_130667	Cutaneotrichosporon_dermatis	0.15	22.9	100.0	34	12	k__Fungi; p__Basidiomycota; c__Tremellomycetes; o__Tremellales; f__Tremellaceae; g__Cryptococcus; s__Cryptococcus_neoformans	88.889
3f4c30d9dbda2e4629b7ba6a41354eb0	NR_130667	900010	0.011	26.5	78.788	41	33	False	candidate_available	Fungi	Basidiomycota	Tremellomycetes	Trichosporonales	Trichosporonaceae	Cutaneotrichosporon	Cutaneotrichosporon_dermatis	NR_171785	Cryptococcus_neoformans	0.47	22.0	79.167	38	24	k__Fungi; p__Basidiomycota; c__Tremellomycetes; o__Trichosporonales; f__Trichosporonaceae; g__Cutaneotrichosporon; s__Cutaneotrichosporon_dermatis	78.788
410fa9b2d1c246b2da10b7c1800aecfe	NR_111007	900009	0.56	21.1	100.0	46	11	False	candidate_available	Fungi	Ascomycota	Saccharomycetes	Saccharomycetales	Saccharomycetaceae	Saccharomyces	Saccharomyces_cerevisiae	NR_171785	Cryptococcus_neoformans	0.56	21.1	100.0	24	11	k__Fungi; p__Ascomycota; c__Saccharomycetes; o__Saccharomycetales; f__Saccharomycetaceae; g__Saccharomyces; s__Saccharomyces_cerevisiae	100.0
427b2120e9fdcd3b20071ccba4e21cc3	NR_130667	900010	0.14	23.8	93.333	57	15	False	candidate_available	Fungi	Basidiomycota	Tremellomycetes	Trichosporonales	Trichosporonaceae	Cutaneotrichosporon	Cutaneotrichosporon_dermatis	NR_171785	Cryptococcus_neoformans	0.47	21.1	100.0	39	11	k__Fungi; p__Basidiomycota; c__Tremellomycetes; o__Trichosporonales; f__Trichosporonaceae; g__Cutaneotrichosporon; s__Cutaneotrichosporon_dermatis	93.333
4410fbb6f29093b48a07044682c46bde	NR_130691	900007	1.0999999999999993e-117	409.0	99.563	100	229	False	candidate_available	Fungi	Ascomycota	Saccharomycetes	Saccharomycetales	Saccharomycetaceae	Nakaseomyces	Nakaseomyces_glabratus	NR_111007	Saccharomyces_cerevisiae	5.72e-20	84.2	86.486	54	74	k__Fungi; p__Ascomycota; c__Saccharomycetes; o__Saccharomycetales; f__Saccharomycetaceae; g__Nakaseomyces; s__Nakaseomyces_glabratus	99.563
44289e0d4bb76d7dc0006d54ac820fc1	NR_130667	900010	0.49	22.0	92.857	48	14	False	candidate_available	Fungi	Basidiomycota	Tremellomycetes	Trichosporonales	Trichosporonaceae	Cutaneotrichosporon	Cutaneotrichosporon_dermatis	NR_171785	Cryptococcus_neoformans	0.49	21.1	100.0	47	11	k__Fungi; p__Basidiomycota; c__Tremellomycetes; o__Trichosporonales; f__Trichosporonaceae; g__Cutaneotrichosporon; s__Cutaneotrichosporon_dermatis	92.857
44a05b01f5f5bea58a5e3a13e14d59fc	NR_121481	900001	9.799999999999999e-60	215.0	90.0	99	170	False	candidate_available	Fungi	Ascomycota	Eurotiomycetes	Eurotiales	Aspergillaceae	Aspergillus	Aspergillus_fumigatus	NR_077145	Penicillium_chrysogenum	5.0799999999999986e-57	207.0	89.024	98	164	k__Fungi; p__Ascomycota; c__Eurotiomycetes; o__Eurotiales; f__Aspergillaceae; g__Aspergillus; s__Aspergillus_fumigatus	90.0
44f90264df134259ebc0896303d9a493	NR_121481	900001	0.0006889999999999999	31.0	88.462	47	26	False	candidate_available	Fungi	Ascomycota	Eurotiomycetes	Eurotiales	Aspergillaceae	Aspergillus	Aspergillus_fumigatus	NR_077145	Penicillium_chrysogenum	0.0006889999999999999	31.0	88.462	46	26	k__Fungi; p__Ascomycota; c__Eurotiomycetes; o__Eurotiales; f__Aspergillaceae; g__Aspergillus; s__Aspergillus_fumigatus	88.462
492e37f87b8dabd8e27df1474005bc0d	NR_130667	900010	0.59	22.0	85.714	46	21	False	candidate_available	Fungi	Basidiomycota	Tremellomycetes	Trichosporonales	Trichosporonaceae	Cutaneotrichosporon	Cutaneotrichosporon_dermatis	NR_111475	Malassezia_globosa	0.59	21.1	100.0	39	11	k__Fungi; p__Basidiomycota; c__Tremellomycetes; o__Trichosporonales; f__Trichosporonaceae; g__Cutaneotrichosporon; s__Cutaneotrichosporon_dermatis	85.714
4a9eebc6771e1b0950879ee3dd5c5c70	NR_077145	900004	0.031	25.6	78.788	49	33	False	candidate_available	Fungi	Ascomycota	Eurotiomycetes	Eurotiales	Aspergillaceae	Penicillium	Penicillium_chrysogenum	NR_121481	Aspergillus_fumigatus	0.031	24.7	100.0	55	13	k__Fungi; p__Ascomycota; c__Eurotiomycetes; o__Eurotiales; f__Aspergillaceae; g__Penicillium; s__Penicillium_chrysogenum	78.788
4f0eeafcb9177222412728e3822743a3	NR_171785	900002	0.51	21.1	100.0	47	11	False	candidate_available	Fungi	Basidiomycota	Tremellomycetes	Tremellales	Tremellaceae	Cryptococcus	Cryptococcus_neoformans	NR_111007	Saccharomyces_cerevisiae	0.51	21.1	100.0	43	11	k__Fungi; p__Basidiomycota; c__Tremellomycetes; o__Tremellales; f__Tremellaceae; g__Cryptococcus; s__Cryptococcus_neoformans	100.0
4f6bba767820d950766bc71d6d15fec4	NR_171785	900002	1.9399999999999996e-94	332.0	99.462	100	186	False	candidate_available	Fungi	Basidiomycota	Tremellomycetes	Tremellales	Tremellaceae	Cryptococcus	Cryptococcus_neoformans	NR_130667	Cutaneotrichosporon_dermatis	4.01e-08	44.6	74.242	80	66	k__Fungi; p__Basidiomycota; c__Tremellomycetes; o__Tremellales; f__Tremellaceae; g__Cryptococcus; s__Cryptococcus_neoformans	99.462
4fe0a80f8c4b0a6cfc9a15c0926fd3f1	NR_130690	900005	1.75e-05	35.6	92.308	47	26	False	candidate_available	Fungi	Ascomycota	Sordariomycetes	Hypocreales	Nectriaceae	Fusarium	Fusarium_keratoplasticum	NR_125332	Candida_albicans	0.032	24.7	77.143	43	35	k__Fungi; p__Ascomycota; c__Sordariomycetes; o__Hypocreales; f__Nectriaceae; g__Fusarium; s__Fusarium_keratoplasticum	92.308
5043729794cc2c896d6e9a0f1626e20e	NR_171785	900002	1.56e-07	42.8	71.845	65	103	False	candidate_available	Fungi	Basidiomycota	Tremellomycetes	Tremellales	Tremellaceae	Cryptococcus	Cryptococcus_neoformans	NR_111475	Malassezia_globosa	0.51	21.1	100.0	45	11	k__Fungi; p__Basidiomycota; c__Tremellomycetes; o__Tremellales; f__Tremellaceae; g__Cryptococcus; s__Cryptococcus_neoformans	71.845
53097c9e9e3c7ba253dbf5ec95c930fc	NR_130667	900010	0.15	23.8	78.788	50	33	False	candidate_available	Fungi	Basidiomycota	Tremellomycetes	Trichosporonales	Trichosporonaceae	Cutaneotrichosporon	Cutaneotrichosporon_dermatis	NR_171785	Cryptococcus_neoformans	0.15	22.9	88.235	37	17	k__Fungi; p__Basidiomycota; c__Tremellomycetes; o__Trichosporonales; f__Trichosporonaceae; g__Cutaneotrichosporon; s__Cutaneotrichosporon_dermatis	78.788
53c9feac786c2fec525605f3db4ae987	NR_077145	900004	1.2099999999999994e-83	295.0	100.0	100	163	False	candidate_available	Fungi	Ascomycota	Eurotiomycetes	Eurotiales	Aspergillaceae	Penicillium	Penicillium_chrysogenum	NR_121481	Aspergillus_fumigatus	1.1299999999999994e-77	275.0	97.561	100	164	k__Fungi; p__Ascomycota; c__Eurotiomycetes; o__Eurotiales; f__Aspergillaceae; g__Penicillium; s__Penicillium_chrysogenum	100.0
542c250da51659a9eb63accee552bd58	NR_130667	900010	0.011	26.5	78.788	41	33	False	candidate_available	Fungi	Basidiomycota	Tremellomycetes	Trichosporonales	Trichosporonaceae	Cutaneotrichosporon	Cutaneotrichosporon_dermatis	NR_171785	Cryptococcus_neoformans	0.47	22.0	79.167	41	24	k__Fungi; p__Basidiomycota; c__Tremellomycetes; o__Trichosporonales; f__Trichosporonaceae; g__Cutaneotrichosporon; s__Cutaneotrichosporon_dermatis	78.788
54f44042aa65835826eb2207758c96d9	NR_121481	900001	4.45e-64	231.0	94.268	91	157	False	candidate_available	Fungi	Ascomycota	Eurotiomycetes	Eurotiales	Aspergillaceae	Aspergillus	Aspergillus_fumigatus	NR_077145	Penicillium_chrysogenum	5.0799999999999986e-57	207.0	88.824	99	170	k__Fungi; p__Ascomycota; c__Eurotiomycetes; o__Eurotiales; f__Aspergillaceae; g__Aspergillus; s__Aspergillus_fumigatus	94.268
558f634792c8b5cee619778f270e8ee0	NR_111007	900009	1.659999999999999e-115	401.0	98.712	100	233	False	candidate_available	Fungi	Ascomycota	Saccharomycetes	Saccharomycetales	Saccharomycetaceae	Saccharomyces	Saccharomyces_cerevisiae	NR_130691	Nakaseomyces_glabratus	5.820000000000001e-20	84.2	86.486	70	74	k__Fungi; p__Ascomycota; c__Saccharomycetes; o__Saccharomycetales; f__Saccharomycetaceae; g__Saccharomyces; s__Saccharomyces_cerevisiae	98.712
57dff5e5f62d238d6f055b37452ac823	NR_111007	900009	5.569999999999998e-55	199.0	100.0	88	110	False	candidate_available	Fungi	Ascomycota	Saccharomycetes	Saccharomycetales	Saccharomycetaceae	Saccharomyces	Saccharomyces_cerevisiae	NR_130691	Nakaseomyces_glabratus	3.0899999999999997e-20	84.2	86.486	99	74	k__Fungi; p__Ascomycota; c__Saccharomycetes; o__Saccharomycetales; f__Saccharomycetaceae; g__Saccharomyces; s__Saccharomyces_cerevisiae	100.0
58912136ad5c68dae72bb4653a569b4d	NR_130691	900007	0.5	22.0	84.211	49	19	False	candidate_available	Fungi	Ascomycota	Saccharomycetes	Saccharomycetales	Saccharomycetaceae	Nakaseomyces	Nakaseomyces_glabratus	NR_125332	Candida_albicans	1.7	20.2	83.333	34	18	k__Fungi; p__Ascomycota; c__Saccharomycetes; o__Saccharomycetales; f__Saccharomycetaceae; g__Nakaseomyces; s__Nakaseomyces_glabratus	84.211
590e0069dcd5441f47684045349cd9c2	NR_130667	900010	0.14	22.9	85.714	52	21	False	candidate_available	Fungi	Basidiomycota	Tremellomycetes	Trichosporonales	Trichosporonaceae	Cutaneotrichosporon	Cutaneotrichosporon_dermatis	NR_171785	Cryptococcus_neoformans	0.5	22.0	80.76899999999998	55	26	k__Fungi; p__Basidiomycota; c__Tremellomycetes; o__Trichosporonales; f__Trichosporonaceae; g__Cutaneotrichosporon; s__Cutaneotrichosporon_dermatis	85.714
5c3158d98ae7185c37026511e5dbdb2c	NR_077145	900004	1.5299999999999993e-50	186.0	89.583	91	144	False	candidate_available	Fungi	Ascomycota	Eurotiomycetes	Eurotiales	Aspergillaceae	Penicillium	Penicillium_chrysogenum	NR_121481	Aspergillus_fumigatus	2.2799999999999992e-48	178.0	85.802	97	162	k__Fungi; p__Ascomycota; c__Eurotiomycetes; o__Eurotiales; f__Aspergillaceae; g__Penicillium; s__Penicillium_chrysogenum	89.583
5c36e4197af8694525d815e3fcfb8e1b	NR_130667	900010	5.139999999999998e-82	290.0	99.387	100	163	False	candidate_available	Fungi	Basidiomycota	Tremellomycetes	Trichosporonales	Trichosporonaceae	Cutaneotrichosporon	Cutaneotrichosporon_dermatis	NR_171785	Cryptococcus_neoformans	4.23e-07	41.0	73.438	61	64	k__Fungi; p__Basidiomycota; c__Tremellomycetes; o__Trichosporonales; f__Trichosporonaceae; g__Cutaneotrichosporon; s__Cutaneotrichosporon_dermatis	99.387
5c8e2d68a3058342eb5318f0efcfef0e	NR_130667	900010	0.003	28.3	84.615	54	26	False	candidate_available	Fungi	Basidiomycota	Tremellomycetes	Trichosporonales	Trichosporonaceae	Cutaneotrichosporon	Cutaneotrichosporon_dermatis	NR_130667	Cutaneotrichosporon_dermatis	0.49	22.0	92.857	54	14	k__Fungi; p__Basidiomycota; c__Tremellomycetes; o__Trichosporonales; f__Trichosporonaceae; g__Cutaneotrichosporon; s__Cutaneotrichosporon_dermatis	84.615
5e8d3c0601be4315ab09e921da2d328f	NR_130667	900010	0.001	30.1	100.0	58	16	False	candidate_available	Fungi	Basidiomycota	Tremellomycetes	Trichosporonales	Trichosporonaceae	Cutaneotrichosporon	Cutaneotrichosporon_dermatis	NR_130667	Cutaneotrichosporon_dermatis	0.52	21.1	80.952	58	21	k__Fungi; p__Basidiomycota; c__Tremellomycetes; o__Trichosporonales; f__Trichosporonaceae; g__Cutaneotrichosporon; s__Cutaneotrichosporon_dermatis	100.0
5f07fdf487c0bf4b18dc8e6534d559e0	NR_130667	900010	0.003	29.2	78.723	62	47	False	candidate_available	Fungi	Basidiomycota	Tremellomycetes	Trichosporonales	Trichosporonaceae	Cutaneotrichosporon	Cutaneotrichosporon_dermatis	NR_171785	Cryptococcus_neoformans	0.48	21.1	100.0	38	11	k__Fungi; p__Basidiomycota; c__Tremellomycetes; o__Trichosporonales; f__Trichosporonaceae; g__Cutaneotrichosporon; s__Cutaneotrichosporon_dermatis	78.723
5fd5a9eab2b0664e8973995690493bb7	NR_171785	900002	0.51	21.1	100.0	48	11	False	candidate_available	Fungi	Basidiomycota	Tremellomycetes	Tremellales	Tremellaceae	Cryptococcus	Cryptococcus_neoformans	NR_111007	Saccharomyces_cerevisiae	0.51	21.1	100.0	43	11	k__Fungi; p__Basidiomycota; c__Tremellomycetes; o__Tremellales; f__Tremellaceae; g__Cryptococcus; s__Cryptococcus_neoformans	100.0
5fe8ba6be9294240d26f875ee767f4fe	NR_111007	900009	7.36e-19	81.5	89.39399999999998	62	66	False	candidate_available	Fungi	Ascomycota	Saccharomycetes	Saccharomycetales	Saccharomycetaceae	Saccharomyces	Saccharomyces_cerevisiae	NR_130691	Nakaseomyces_glabratus	1.62e-14	66.2	84.05799999999998	59	69	k__Fungi; p__Ascomycota; c__Saccharomycetes; o__Saccharomycetales; f__Saccharomycetaceae; g__Saccharomyces; s__Saccharomyces_cerevisiae	89.39399999999998
6092927047fe7a692354e4fd7c745e4c	NR_130667	900010	1.2099999999999994e-83	295.0	100.0	100	163	False	candidate_available	Fungi	Basidiomycota	Tremellomycetes	Trichosporonales	Trichosporonaceae	Cutaneotrichosporon	Cutaneotrichosporon_dermatis	NR_171785	Cryptococcus_neoformans	3.48e-08	44.6	74.242	62	66	k__Fungi; p__Basidiomycota; c__Tremellomycetes; o__Trichosporonales; f__Trichosporonaceae; g__Cutaneotrichosporon; s__Cutaneotrichosporon_dermatis	100.0
60c4503cc5091926c0fe5039f5800884	NR_171785	900002	0.008	26.5	83.333	38	24	False	candidate_available	Fungi	Basidiomycota	Tremellomycetes	Tremellales	Tremellaceae	Cryptococcus	Cryptococcus_neoformans	NR_121481	Aspergillus_fumigatus	0.34	22.0	80.76899999999998	42	26	k__Fungi; p__Basidiomycota; c__Tremellomycetes; o__Tremellales; f__Tremellaceae; g__Cryptococcus; s__Cryptococcus_neoformans	83.333
61126afa4733fbaeff0e31a74c4e98ba	NR_130690	900005	2.4399999999999997e-22	92.4	80.734	90	109	False	candidate_available	Fungi	Ascomycota	Sordariomycetes	Hypocreales	Nectriaceae	Fusarium	Fusarium_keratoplasticum	NR_121481	Aspergillus_fumigatus	0.000699	31.0	88.462	46	26	k__Fungi; p__Ascomycota; c__Sordariomycetes; o__Hypocreales; f__Nectriaceae; g__Fusarium; s__Fusarium_keratoplasticum	80.734
6143c50035fe5fc5272475693b56bdf1	NR_125332	900006	1.2599999999999999e-76	271.0	100.0	100	150	False	candidate_available	Fungi	Ascomycota	Saccharomycetes	Saccharomycetales	Debaryomycetaceae	Candida	Candida_albicans	NR_130691	Nakaseomyces_glabratus	3.3799999999999994e-33	128.0	87.619	80	105	k__Fungi; p__Ascomycota; c__Saccharomycetes; o__Saccharomycetales; f__Debaryomycetaceae; g__Candida; s__Candida_albicans	100.0
61ac22dac6fb3801dc5ea4a2a0f37828	NR_171785	900002	0.012	26.5	83.333	35	24	False	candidate_available	Fungi	Basidiomycota	Tremellomycetes	Tremellales	Tremellaceae	Cryptococcus	Cryptococcus_neoformans	NR_130667	Cutaneotrichosporon_dermatis	0.49	22.0	82.609	42	23	k__Fungi; p__Basidiomycota; c__Tremellomycetes; o__Tremellales; f__Tremellaceae; g__Cryptococcus; s__Cryptococcus_neoformans	83.333
63c9b0ae5186d4f240846adf2921d2a4	NR_130667	900010	0.011	26.5	100.0	57	14	False	candidate_available	Fungi	Basidiomycota	Tremellomycetes	Trichosporonales	Trichosporonaceae	Cutaneotrichosporon	Cutaneotrichosporon_dermatis	NR_130667	Cutaneotrichosporon_dermatis	1.7	20.2	92.308	57	13	k__Fungi; p__Basidiomycota; c__Tremellomycetes; o__Trichosporonales; f__Trichosporonaceae; g__Cutaneotrichosporon; s__Cutaneotrichosporon_dermatis	100.0
64ff5d05e3dad56364385a586b8236d4	NR_130691	900007	0.39	22.0	85.714	50	21	False	candidate_available	Fungi	Ascomycota	Saccharomycetes	Saccharomycetales	Saccharomycetaceae	Nakaseomyces	Nakaseomyces_glabratus	NR_144900	Trichophyton_interdigitale	4.8	18.4	91.667	51	12	k__Fungi; p__Ascomycota; c__Saccharomycetes; o__Saccharomycetales; f__Saccharomycetaceae; g__Nakaseomyces; s__Nakaseomyces_glabratus	85.714
671e1c45b579b74ae01911c39f15f5ed	NR_171785	900002	0.001	30.1	84.615	38	26	False	candidate_available	Fungi	Basidiomycota	Tremellomycetes	Tremellales	Tremellaceae	Cryptococcus	Cryptococcus_neoformans	NR_130667	Cutaneotrichosporon_dermatis	0.011	27.4	78.125	56	32	k__Fungi; p__Basidiomycota; c__Tremellomycetes; o__Tremellales; f__Tremellaceae; g__Cryptococcus; s__Cryptococcus_neoformans	84.615
6850c27dec2af54194264e1aebf97dcd	NR_111007	900009	2.1	20.2	92.308	47	13	False	candidate_available	Fungi	Ascomycota	Saccharomycetes	Saccharomycetales	Saccharomycetaceae	Saccharomyces	Saccharomyces_cerevisiae	NR_111007	Saccharomyces_cerevisiae	2.1	20.2	81.48100000000002	47	27	k__Fungi; p__Ascomycota; c__Saccharomycetes; o__Saccharomycetales; f__Saccharomycetaceae; g__Saccharomyces; s__Saccharomyces_cerevisiae	92.308
69cd5398b6e9164003f09fa393e6f17b	NR_130667	900010	1.01e-09	50.0	100.0	35	27	False	candidate_available	Fungi	Basidiomycota	Tremellomycetes	Trichosporonales	Trichosporonaceae	Cutaneotrichosporon	Cutaneotrichosporon_dermatis	NR_130691	Nakaseomyces_glabratus	0.04	24.7	100.0	39	13	k__Fungi; p__Basidiomycota; c__Tremellomycetes; o__Trichosporonales; f__Trichosporonaceae; g__Cutaneotrichosporon; s__Cutaneotrichosporon_dermatis	100.0
69d7a7d7c05039ce3b5be70ffacc089f	NR_130690	900005	0.000725	31.0	74.138	77	58	False	candidate_available	Fungi	Ascomycota	Sordariomycetes	Hypocreales	Nectriaceae	Fusarium	Fusarium_keratoplasticum	NR_077145	Penicillium_chrysogenum	0.11	23.8	77.778	48	36	k__Fungi; p__Ascomycota; c__Sordariomycetes; o__Hypocreales; f__Nectriaceae; g__Fusarium; s__Fusarium_keratoplasticum	74.138
6a018acae919ab5f0ca6dbedcb3ed281	NR_130667	900010	0.003	28.3	100.0	62	15	False	candidate_available	Fungi	Basidiomycota	Tremellomycetes	Trichosporonales	Trichosporonaceae	Cutaneotrichosporon	Cutaneotrichosporon_dermatis	NR_111475	Malassezia_globosa	0.15	22.9	100.0	21	12	k__Fungi; p__Basidiomycota; c__Tremellomycetes; o__Trichosporonales; f__Trichosporonaceae; g__Cutaneotrichosporon; s__Cutaneotrichosporon_dermatis	100.0
6a0e3aee96bfc2772cd53575935a9820	NR_121481	900001	0.003	28.3	85.185	48	27	False	candidate_available	Fungi	Ascomycota	Eurotiomycetes	Eurotiales	Aspergillaceae	Aspergillus	Aspergillus_fumigatus	NR_077145	Penicillium_chrysogenum	0.003	28.3	85.185	35	27	k__Fungi; p__Ascomycota; c__Eurotiomycetes; o__Eurotiales; f__Aspergillaceae; g__Aspergillus; s__Aspergillus_fumigatus	85.185
6ab43771f8d50d4e9268e3421e3e927f	NR_130667	900010	0.17	22.9	100.0	30	12	False	candidate_available	Fungi	Basidiomycota	Tremellomycetes	Trichosporonales	Trichosporonaceae	Cutaneotrichosporon	Cutaneotrichosporon_dermatis	NR_130667	Cutaneotrichosporon_dermatis	0.17	22.9	81.818	30	22	k__Fungi; p__Basidiomycota; c__Tremellomycetes; o__Trichosporonales; f__Trichosporonaceae; g__Cutaneotrichosporon; s__Cutaneotrichosporon_dermatis	100.0
6b772c4a25b6812808e7bf2169afb415	NR_171785	900002	0.049	24.7	82.609	29	23	False	candidate_available	Fungi	Basidiomycota	Tremellomycetes	Tremellales	Tremellaceae	Cryptococcus	Cryptococcus_neoformans	NR_130667	Cutaneotrichosporon_dermatis	0.17	22.9	100.0	30	12	k__Fungi; p__Basidiomycota; c__Tremellomycetes; o__Tremellales; f__Tremellaceae; g__Cryptococcus; s__Cryptococcus_neoformans	82.609
6cf8e6273ab065c307d3712ac2dbfe1d	NR_130667	900010	5.46e-07	41.0	100.0	46	22	False	candidate_available	Fungi	Basidiomycota	Tremellomycetes	Trichosporonales	Trichosporonaceae	Cutaneotrichosporon	Cutaneotrichosporon_dermatis	NR_171785	Cryptococcus_neoformans	0.15	22.9	75.61	60	41	k__Fungi; p__Basidiomycota; c__Tremellomycetes; o__Trichosporonales; f__Trichosporonaceae; g__Cutaneotrichosporon; s__Cutaneotrichosporon_dermatis	100.0
6da5475f6575f181dd87a66917e36920	NR_130667	900010	0.15	23.8	86.36399999999998	39	22	False	candidate_available	Fungi	Basidiomycota	Tremellomycetes	Trichosporonales	Trichosporonaceae	Cutaneotrichosporon	Cutaneotrichosporon_dermatis	NR_130667	Cutaneotrichosporon_dermatis	0.53	21.1	100.0	39	11	k__Fungi; p__Basidiomycota; c__Tremellomycetes; o__Trichosporonales; f__Trichosporonaceae; g__Cutaneotrichosporon; s__Cutaneotrichosporon_dermatis	86.36399999999998
6f1091e7efe7bc87c06bbea6642f1003	NR_130667	900010	0.011	26.5	78.788	33	33	False	candidate_available	Fungi	Basidiomycota	Tremellomycetes	Trichosporonales	Trichosporonaceae	Cutaneotrichosporon	Cutaneotrichosporon_dermatis	NR_130667	Cutaneotrichosporon_dermatis	0.038	24.7	100.0	33	13	k__Fungi; p__Basidiomycota; c__Tremellomycetes; o__Trichosporonales; f__Trichosporonaceae; g__Cutaneotrichosporon; s__Cutaneotrichosporon_dermatis	78.788
70b3cf507c15b1c220effff995cdd1ca	NR_111475	900008	0.048	25.6	85.714	48	21	False	candidate_available	Fungi	Basidiomycota	Malasseziomycetes	Malasseziales	Malasseziaceae	Malassezia	Malassezia_globosa	NR_171785	Cryptococcus_neoformans	0.59	22.0	92.857	49	14	k__Fungi; p__Basidiomycota; c__Malasseziomycetes; o__Malasseziales; f__Malasseziaceae; g__Malassezia; s__Malassezia_globosa	85.714
74a06cbc0b620e28eca3ca122274f99c	NR_171785	900002	0.043	25.6	80.76899999999998	48	26	False	candidate_available	Fungi	Basidiomycota	Tremellomycetes	Tremellales	Tremellaceae	Cryptococcus	Cryptococcus_neoformans	NR_130667	Cutaneotrichosporon_dermatis	0.043	25.6	80.0	46	30	k__Fungi; p__Basidiomycota; c__Tremellomycetes; o__Tremellales; f__Tremellaceae; g__Cryptococcus; s__Cryptococcus_neoformans	80.76899999999998
7759814383595a2d0ab1bf7b73171a44	NR_111475	900008	5.919999999999998e-135	466.0	100.0	90	258	False	candidate_available	Fungi	Basidiomycota	Malasseziomycetes	Malasseziales	Malasseziaceae	Malassezia	Malassezia_globosa	NR_144900	Trichophyton_interdigitale	0.73	22.0	92.857	48	14	k__Fungi; p__Basidiomycota; c__Malasseziomycetes; o__Malasseziales; f__Malasseziaceae; g__Malassezia; s__Malassezia_globosa	100.0
77aef54800f91d2294bac5b9a9010594	NR_111475	900008	1.78e-07	42.8	75.342	45	73	False	candidate_available	Fungi	Basidiomycota	Malasseziomycetes	Malasseziales	Malasseziaceae	Malassezia	Malassezia_globosa	NR_111475	Malassezia_globosa	0.048	24.7	100.0	45	13	k__Fungi; p__Basidiomycota; c__Malasseziomycetes; o__Malasseziales; f__Malasseziaceae; g__Malassezia; s__Malassezia_globosa	75.342
77c50df4f2148df177a3936d185bcec2	NR_130667	900010	0.011	27.4	81.25	38	32	False	candidate_available	Fungi	Basidiomycota	Tremellomycetes	Trichosporonales	Trichosporonaceae	Cutaneotrichosporon	Cutaneotrichosporon_dermatis	NR_130667	Cutaneotrichosporon_dermatis	1.6	20.2	92.308	38	13	k__Fungi; p__Basidiomycota; c__Tremellomycetes; o__Trichosporonales; f__Trichosporonaceae; g__Cutaneotrichosporon; s__Cutaneotrichosporon_dermatis	81.25
7860959ab1ce8a841054c4d3d15221d0	NR_171785	900002	0.003	29.2	72.727	48	66	False	candidate_available	Fungi	Basidiomycota	Tremellomycetes	Tremellales	Tremellaceae	Cryptococcus	Cryptococcus_neoformans	NR_130667	Cutaneotrichosporon_dermatis	1.8	20.2	92.308	45	13	k__Fungi; p__Basidiomycota; c__Tremellomycetes; o__Tremellales; f__Tremellaceae; g__Cryptococcus; s__Cryptococcus_neoformans	72.727
787f8227d35c58c25e5a1baaff22bcc5	NR_130667	900010	0.001	30.1	100.0	43	16	False	candidate_available	Fungi	Basidiomycota	Tremellomycetes	Trichosporonales	Trichosporonaceae	Cutaneotrichosporon	Cutaneotrichosporon_dermatis	NR_171785	Cryptococcus_neoformans	0.014	26.5	83.333	44	24	k__Fungi; p__Basidiomycota; c__Tremellomycetes; o__Trichosporonales; f__Trichosporonaceae; g__Cutaneotrichosporon; s__Cutaneotrichosporon_dermatis	100.0
78f1ff03d895408d0bbfc76f894befec	NR_121481	900001	0.002	28.3	85.185	52	27	False	candidate_available	Fungi	Ascomycota	Eurotiomycetes	Eurotiales	Aspergillaceae	Aspergillus	Aspergillus_fumigatus	NR_077145	Penicillium_chrysogenum	0.002	28.3	85.185	49	27	k__Fungi; p__Ascomycota; c__Eurotiomycetes; o__Eurotiales; f__Aspergillaceae; g__Aspergillus; s__Aspergillus_fumigatus	85.185
7904340b100395ea12dbea044726ee08	NR_171785	900002	0.041	25.6	70.90899999999998	44	55	False	candidate_available	Fungi	Basidiomycota	Tremellomycetes	Tremellales	Tremellaceae	Cryptococcus	Cryptococcus_neoformans	NR_130667	Cutaneotrichosporon_dermatis	0.14	22.9	80.76899999999998	36	26	k__Fungi; p__Basidiomycota; c__Tremellomycetes; o__Tremellales; f__Tremellaceae; g__Cryptococcus; s__Cryptococcus_neoformans	70.90899999999998
7958aa59fd7588c60330ce6799597d81	NR_171785	900002	0.16	23.8	93.333	41	15	False	candidate_available	Fungi	Basidiomycota	Tremellomycetes	Tremellales	Tremellaceae	Cryptococcus	Cryptococcus_neoformans	NR_121481	Aspergillus_fumigatus	0.55	21.1	100.0	38	11	k__Fungi; p__Basidiomycota; c__Tremellomycetes; o__Tremellales; f__Tremellaceae; g__Cryptococcus; s__Cryptococcus_neoformans	93.333
7b0c2826eb7474c7abe104a585597010	NR_130690	900005	1.75e-05	35.6	92.308	47	26	False	candidate_available	Fungi	Ascomycota	Sordariomycetes	Hypocreales	Nectriaceae	Fusarium	Fusarium_keratoplasticum	NR_125332	Candida_albicans	0.032	24.7	77.143	38	35	k__Fungi; p__Ascomycota; c__Sordariomycetes; o__Hypocreales; f__Nectriaceae; g__Fusarium; s__Fusarium_keratoplasticum	92.308
7bb64ea8b4df8344319d79a47d3a8afa	NR_171785	900002	0.003	29.2	86.95700000000002	49	23	False	candidate_available	Fungi	Basidiomycota	Tremellomycetes	Tremellales	Tremellaceae	Cryptococcus	Cryptococcus_neoformans	NR_130667	Cutaneotrichosporon_dermatis	0.041	25.6	93.75	52	16	k__Fungi; p__Basidiomycota; c__Tremellomycetes; o__Tremellales; f__Tremellaceae; g__Cryptococcus; s__Cryptococcus_neoformans	86.95700000000002
7c96432a999d02dd7f21cbbdf5ea202a	NR_130667	900010	0.011	27.4	81.25	38	32	False	candidate_available	Fungi	Basidiomycota	Tremellomycetes	Trichosporonales	Trichosporonaceae	Cutaneotrichosporon	Cutaneotrichosporon_dermatis	NR_130691	Nakaseomyces_glabratus	1.6	20.2	92.308	47	13	k__Fungi; p__Basidiomycota; c__Tremellomycetes; o__Trichosporonales; f__Trichosporonaceae; g__Cutaneotrichosporon; s__Cutaneotrichosporon_dermatis	81.25
80656d9a953b600388a8d5b3284216b9	NR_125332	900006	1.2599999999999999e-76	271.0	100.0	100	150	False	candidate_available	Fungi	Ascomycota	Saccharomycetes	Saccharomycetales	Debaryomycetaceae	Candida	Candida_albicans	NR_111007	Saccharomyces_cerevisiae	0.1	22.9	74.359	51	39	k__Fungi; p__Ascomycota; c__Saccharomycetes; o__Saccharomycetales; f__Debaryomycetaceae; g__Candida; s__Candida_albicans	100.0
82a2523cca06ea4da6692908c23a4d60	NR_130691	900007	8.609999999999999e-05	34.6	83.87100000000002	52	31	False	candidate_available	Fungi	Ascomycota	Saccharomycetes	Saccharomycetales	Saccharomycetaceae	Nakaseomyces	Nakaseomyces_glabratus	NR_130667	Cutaneotrichosporon_dermatis	0.54	22.0	92.857	31	14	k__Fungi; p__Ascomycota; c__Saccharomycetes; o__Saccharomycetales; f__Saccharomycetaceae; g__Nakaseomyces; s__Nakaseomyces_glabratus	83.87100000000002
8399a27795b0fabe060cc35c9f316118	NR_171785	900002	0.001	31.0	75.472	46	53	False	candidate_available	Fungi	Basidiomycota	Tremellomycetes	Tremellales	Tremellaceae	Cryptococcus	Cryptococcus_neoformans	NR_130691	Nakaseomyces_glabratus	1.6	20.2	80.0	39	25	k__Fungi; p__Basidiomycota; c__Tremellomycetes; o__Tremellales; f__Tremellaceae; g__Cryptococcus; s__Cryptococcus_neoformans	75.472
84b9d21cc143333232f36f500ea60299	NR_130667	900010	0.00027400000000000005	32.8	75.0	47	60	False	candidate_available	Fungi	Basidiomycota	Tremellomycetes	Trichosporonales	Trichosporonaceae	Cutaneotrichosporon	Cutaneotrichosporon_dermatis	NR_171785	Cryptococcus_neoformans	0.14	23.8	93.333	28	15	k__Fungi; p__Basidiomycota; c__Tremellomycetes; o__Trichosporonales; f__Trichosporonaceae; g__Cutaneotrichosporon; s__Cutaneotrichosporon_dermatis	75.0
86033a0f68bf17feb67d641dd08a5e3b	NR_130667	900010	0.013	26.5	100.0	44	14	False	candidate_available	Fungi	Basidiomycota	Tremellomycetes	Trichosporonales	Trichosporonaceae	Cutaneotrichosporon	Cutaneotrichosporon_dermatis	NR_171785	Cryptococcus_neoformans	0.045	24.7	82.609	42	23	k__Fungi; p__Basidiomycota; c__Tremellomycetes; o__Trichosporonales; f__Trichosporonaceae; g__Cutaneotrichosporon; s__Cutaneotrichosporon_dermatis	100.0
88bfe70998cfd35a12a909620792688a	NR_077145	900004	1.2099999999999994e-83	295.0	100.0	100	163	False	candidate_available	Fungi	Ascomycota	Eurotiomycetes	Eurotiales	Aspergillaceae	Penicillium	Penicillium_chrysogenum	NR_121481	Aspergillus_fumigatus	1.1299999999999994e-77	275.0	97.561	100	164	k__Fungi; p__Ascomycota; c__Eurotiomycetes; o__Eurotiales; f__Aspergillaceae; g__Penicillium; s__Penicillium_chrysogenum	100.0
89213e5d64cafbad1947e54bdb84a3d6	NR_130667	900010	8.14e-05	33.7	92.0	43	25	False	candidate_available	Fungi	Basidiomycota	Tremellomycetes	Trichosporonales	Trichosporonaceae	Cutaneotrichosporon	Cutaneotrichosporon_dermatis	NR_171785	Cryptococcus_neoformans	0.012	26.5	83.333	43	24	k__Fungi; p__Basidiomycota; c__Tremellomycetes; o__Trichosporonales; f__Trichosporonaceae; g__Cutaneotrichosporon; s__Cutaneotrichosporon_dermatis	92.0
8b51ec7a91f7832c1606fd6ce117a808	NR_130667	900010	0.043	24.7	88.889	33	18	False	candidate_available	Fungi	Basidiomycota	Tremellomycetes	Trichosporonales	Trichosporonaceae	Cutaneotrichosporon	Cutaneotrichosporon_dermatis	NR_171785	Cryptococcus_neoformans	0.043	24.7	78.571	40	28	k__Fungi; p__Basidiomycota; c__Tremellomycetes; o__Trichosporonales; f__Trichosporonaceae; g__Cutaneotrichosporon; s__Cutaneotrichosporon_dermatis	88.889
8e98c860323a68e9904cf3320be00300	NR_111007	900009	0.036000000000000004	24.7	100.0	55	13	False	candidate_available	Fungi	Ascomycota	Saccharomycetes	Saccharomycetales	Saccharomycetaceae	Saccharomyces	Saccharomyces_cerevisiae	NR_171785	Cryptococcus_neoformans	0.12	22.9	100.0	48	12	k__Fungi; p__Ascomycota; c__Saccharomycetes; o__Saccharomycetales; f__Saccharomycetaceae; g__Saccharomyces; s__Saccharomyces_cerevisiae	100.0
8e9957d6ceecc6150dc312ec6ef1b716	NR_171785	900002	0.001	30.1	84.615	40	26	False	candidate_available	Fungi	Basidiomycota	Tremellomycetes	Tremellales	Tremellaceae	Cryptococcus	Cryptococcus_neoformans	NR_130667	Cutaneotrichosporon_dermatis	0.011	27.4	78.125	56	32	k__Fungi; p__Basidiomycota; c__Tremellomycetes; o__Tremellales; f__Tremellaceae; g__Cryptococcus; s__Cryptococcus_neoformans	84.615
90a30f03ca37989d3320d5abf225636d	NR_077145	900004	0.031	25.6	78.788	48	33	False	candidate_available	Fungi	Ascomycota	Eurotiomycetes	Eurotiales	Aspergillaceae	Penicillium	Penicillium_chrysogenum	NR_121481	Aspergillus_fumigatus	0.031	24.7	100.0	56	13	k__Fungi; p__Ascomycota; c__Eurotiomycetes; o__Eurotiales; f__Aspergillaceae; g__Penicillium; s__Penicillium_chrysogenum	78.788
91026d5ecd0fdcfb7b364d2d0871d36d	NR_171785	900002	0.012	27.4	69.23100000000001	58	65	False	candidate_available	Fungi	Basidiomycota	Tremellomycetes	Tremellales	Tremellaceae	Cryptococcus	Cryptococcus_neoformans	NR_130667	Cutaneotrichosporon_dermatis	0.5	22.0	92.857	44	14	k__Fungi; p__Basidiomycota; c__Tremellomycetes; o__Tremellales; f__Tremellaceae; g__Cryptococcus; s__Cryptococcus_neoformans	69.23100000000001
915c63e977ee6d732c5eb8192795f959	NR_111007	900009	3.1899999999999986e-118	411.0	99.569	100	232	False	candidate_available	Fungi	Ascomycota	Saccharomycetes	Saccharomycetales	Saccharomycetaceae	Saccharomyces	Saccharomyces_cerevisiae	NR_130691	Nakaseomyces_glabratus	1.55e-52	193.0	90.845	86	142	k__Fungi; p__Ascomycota; c__Saccharomycetes; o__Saccharomycetales; f__Saccharomycetaceae; g__Saccharomyces; s__Saccharomyces_cerevisiae	99.569
91ed5a72b201f13a385a89abeee5e191	NR_077145	900004	1.51e-31	123.0	82.258	90	124	False	candidate_available	Fungi	Ascomycota	Eurotiomycetes	Eurotiales	Aspergillaceae	Penicillium	Penicillium_chrysogenum	NR_121481	Aspergillus_fumigatus	2.740000000000001e-28	112.0	80.8	85	125	k__Fungi; p__Ascomycota; c__Eurotiomycetes; o__Eurotiales; f__Aspergillaceae; g__Penicillium; s__Penicillium_chrysogenum	82.258
921f876dd61c8fdd639a56fbb16d7b6c	NR_121481	900001	0.009000000000000001	26.5	84.615	35	26	False	candidate_available	Fungi	Ascomycota	Eurotiomycetes	Eurotiales	Aspergillaceae	Aspergillus	Aspergillus_fumigatus	NR_077145	Penicillium_chrysogenum	0.009000000000000001	26.5	84.615	34	26	k__Fungi; p__Ascomycota; c__Eurotiomycetes; o__Eurotiales; f__Aspergillaceae; g__Aspergillus; s__Aspergillus_fumigatus	84.615
94530c8fa842d70b5abe7c813790b5b2	NR_111007	900009	5.27e-21	88.7	83.90799999999999	64	87	False	candidate_available	Fungi	Ascomycota	Saccharomycetes	Saccharomycetales	Saccharomycetaceae	Saccharomyces	Saccharomyces_cerevisiae	NR_130691	Nakaseomyces_glabratus	4.94e-15	68.9	85.484	55	62	k__Fungi; p__Ascomycota; c__Saccharomycetes; o__Saccharomycetales; f__Saccharomycetaceae; g__Saccharomyces; s__Saccharomyces_cerevisiae	83.90799999999999
955540425e10bfa281031158fb849591	NR_130667	900010	0.0008990000000000002	30.1	87.5	42	32	False	candidate_available	Fungi	Basidiomycota	Tremellomycetes	Trichosporonales	Trichosporonaceae	Cutaneotrichosporon	Cutaneotrichosporon_dermatis	NR_111007	Saccharomyces_cerevisiae	0.47	22.0	92.857	35	14	k__Fungi; p__Basidiomycota; c__Tremellomycetes; o__Trichosporonales; f__Trichosporonaceae; g__Cutaneotrichosporon; s__Cutaneotrichosporon_dermatis	87.5
98668f2433cc3fdfcf3c34e11d1ba521	NR_144900	900003	0.029	24.7	88.889	47	18	False	candidate_available	Fungi	Ascomycota	Eurotiomycetes	Onygenales	Arthrodermataceae	Trichophyton	Trichophyton_interdigitale	NR_077145	Penicillium_chrysogenum	0.1	23.8	81.48100000000002	55	27	k__Fungi; p__Ascomycota; c__Eurotiomycetes; o__Onygenales; f__Arthrodermataceae; g__Trichophyton; s__Trichophyton_interdigitale	88.889
98906e38db8e05a595f3c0efb3021003	NR_077145	900004	3.4e-65	234.0	92.638	100	163	False	candidate_available	Fungi	Ascomycota	Eurotiomycetes	Eurotiales	Aspergillaceae	Penicillium	Penicillium_chrysogenum	NR_121481	Aspergillus_fumigatus	5.749999999999998e-56	204.0	89.375	98	160	k__Fungi; p__Ascomycota; c__Eurotiomycetes; o__Eurotiales; f__Aspergillaceae; g__Penicillium; s__Penicillium_chrysogenum	92.638
99d42c21ca1a753040983bdb71b468f8	NR_111007	900009	7.36e-19	81.5	89.39399999999998	63	66	False	candidate_available	Fungi	Ascomycota	Saccharomycetes	Saccharomycetales	Saccharomycetaceae	Saccharomyces	Saccharomyces_cerevisiae	NR_130691	Nakaseomyces_glabratus	1.62e-14	66.2	84.05799999999998	63	69	k__Fungi; p__Ascomycota; c__Saccharomycetes; o__Saccharomycetales; f__Saccharomycetaceae; g__Saccharomyces; s__Saccharomyces_cerevisiae	89.39399999999998
9bfc8e9697969f1165a87662c168f423	NR_171785	900002	0.49	21.1	100.0	46	11	False	candidate_available	Fungi	Basidiomycota	Tremellomycetes	Tremellales	Tremellaceae	Cryptococcus	Cryptococcus_neoformans	NR_171785	Cryptococcus_neoformans	0.49	21.1	80.952	46	21	k__Fungi; p__Basidiomycota; c__Tremellomycetes; o__Tremellales; f__Tremellaceae; g__Cryptococcus; s__Cryptococcus_neoformans	100.0
9e0921e5bbd7ecf4d47f5134c8ca0d2a	NR_077145	900004	0.000725	31.0	88.462	35	26	True	candidate_available	Fungi	Ascomycota	Eurotiomycetes	Eurotiales	Aspergillaceae	Penicillium	Penicillium_chrysogenum	NR_121481	Aspergillus_fumigatus	0.000725	31.0	88.462	35	26	k__Fungi; p__Ascomycota; c__Eurotiomycetes; o__Eurotiales; f__Aspergillaceae; g__Penicillium; s__Penicillium_chrysogenum	88.462
9e9aed34ec9b46ddf8b4be25bd081d10	NR_077145	900004	0.59	19.3	100.0	58	10	False	candidate_available	Fungi	Ascomycota	Eurotiomycetes	Eurotiales	Aspergillaceae	Penicillium	Penicillium_chrysogenum	NR_077145	Penicillium_chrysogenum	2.0	18.4	91.667	58	12	k__Fungi; p__Ascomycota; c__Eurotiomycetes; o__Eurotiales; f__Aspergillaceae; g__Penicillium; s__Penicillium_chrysogenum	100.0
9f3cfc4c1a3fbf21503b961819b2fcbf	NR_171785	900002	0.041	25.6	70.968	56	62	False	candidate_available	Fungi	Basidiomycota	Tremellomycetes	Tremellales	Tremellaceae	Cryptococcus	Cryptococcus_neoformans	NR_130667	Cutaneotrichosporon_dermatis	0.14	22.9	81.818	47	22	k__Fungi; p__Basidiomycota; c__Tremellomycetes; o__Tremellales; f__Tremellaceae; g__Cryptococcus; s__Cryptococcus_neoformans	70.968
a8471a97a89292ee71b9e346420d69e1	NR_121481	900001	0.003	28.3	85.185	48	27	False	candidate_available	Fungi	Ascomycota	Eurotiomycetes	Eurotiales	Aspergillaceae	Aspergillus	Aspergillus_fumigatus	NR_077145	Penicillium_chrysogenum	0.003	28.3	85.185	35	27	k__Fungi; p__Ascomycota; c__Eurotiomycetes; o__Eurotiales; f__Aspergillaceae; g__Aspergillus; s__Aspergillus_fumigatus	85.185
aa449544b742da7c9fbfa39c0d3849fe	NR_171785	900002	0.48	21.1	100.0	51	11	False	candidate_available	Fungi	Basidiomycota	Tremellomycetes	Tremellales	Tremellaceae	Cryptococcus	Cryptococcus_neoformans	NR_171785	Cryptococcus_neoformans	0.48	21.1	100.0	51	11	k__Fungi; p__Basidiomycota; c__Tremellomycetes; o__Tremellales; f__Tremellaceae; g__Cryptococcus; s__Cryptococcus_neoformans	100.0
aad545465f7a3c7d608c87b57b176a31	NR_130667	900010	0.000868	30.1	85.185	36	27	False	candidate_available	Fungi	Basidiomycota	Tremellomycetes	Trichosporonales	Trichosporonaceae	Cutaneotrichosporon	Cutaneotrichosporon_dermatis	NR_130691	Nakaseomyces_glabratus	0.45	22.0	84.211	40	19	k__Fungi; p__Basidiomycota; c__Tremellomycetes; o__Trichosporonales; f__Trichosporonaceae; g__Cutaneotrichosporon; s__Cutaneotrichosporon_dermatis	85.185
abc7679572c0b1ba3de8661e079cb062	NR_130667	900010	7.739999999999997e-61	220.0	92.715	92	151	False	candidate_available	Fungi	Basidiomycota	Tremellomycetes	Trichosporonales	Trichosporonaceae	Cutaneotrichosporon	Cutaneotrichosporon_dermatis	NR_171785	Cryptococcus_neoformans	1.5e-06	39.2	73.846	55	65	k__Fungi; p__Basidiomycota; c__Tremellomycetes; o__Trichosporonales; f__Trichosporonaceae; g__Cutaneotrichosporon; s__Cutaneotrichosporon_dermatis	92.715
ad5b23f99209f0b603e0c87d6cd42113	NR_130667	900010	0.011	26.5	78.788	35	33	False	candidate_available	Fungi	Basidiomycota	Tremellomycetes	Trichosporonales	Trichosporonaceae	Cutaneotrichosporon	Cutaneotrichosporon_dermatis	NR_130667	Cutaneotrichosporon_dermatis	0.038	24.7	100.0	35	13	k__Fungi; p__Basidiomycota; c__Tremellomycetes; o__Trichosporonales; f__Trichosporonaceae; g__Cutaneotrichosporon; s__Cutaneotrichosporon_dermatis	78.788
ad90f737406d7ec92b3e444e41d6ab49	NR_171785	900002	0.003	29.2	72.727	46	66	False	candidate_available	Fungi	Basidiomycota	Tremellomycetes	Tremellales	Tremellaceae	Cryptococcus	Cryptococcus_neoformans	NR_130667	Cutaneotrichosporon_dermatis	1.8	20.2	92.308	42	13	k__Fungi; p__Basidiomycota; c__Tremellomycetes; o__Tremellales; f__Tremellaceae; g__Cryptococcus; s__Cryptococcus_neoformans	72.727
ae02184daf687a68ede894e742c6be8e	NR_130667	900010	0.000868	30.1	85.185	37	27	False	candidate_available	Fungi	Basidiomycota	Tremellomycetes	Trichosporonales	Trichosporonaceae	Cutaneotrichosporon	Cutaneotrichosporon_dermatis	NR_130667	Cutaneotrichosporon_dermatis	0.13	22.9	100.0	37	12	k__Fungi; p__Basidiomycota; c__Tremellomycetes; o__Trichosporonales; f__Trichosporonaceae; g__Cutaneotrichosporon; s__Cutaneotrichosporon_dermatis	85.185
af27df91c11b097ab5c3f306fe0f535d	NR_171785	900002	0.003	29.2	72.727	46	66	False	candidate_available	Fungi	Basidiomycota	Tremellomycetes	Tremellales	Tremellaceae	Cryptococcus	Cryptococcus_neoformans	NR_130667	Cutaneotrichosporon_dermatis	1.8	20.2	92.308	41	13	k__Fungi; p__Basidiomycota; c__Tremellomycetes; o__Tremellales; f__Tremellaceae; g__Cryptococcus; s__Cryptococcus_neoformans	72.727
b2c6907b3db766724d2335436d7e33f4	NR_130667	900010	0.011	27.4	78.125	56	32	False	candidate_available	Fungi	Basidiomycota	Tremellomycetes	Trichosporonales	Trichosporonaceae	Cutaneotrichosporon	Cutaneotrichosporon_dermatis	NR_171785	Cryptococcus_neoformans	0.011	26.5	83.333	37	24	k__Fungi; p__Basidiomycota; c__Tremellomycetes; o__Trichosporonales; f__Trichosporonaceae; g__Cutaneotrichosporon; s__Cutaneotrichosporon_dermatis	78.125
b4d73ceb6dbaecaf84dd2dcf34566fbc	NR_171785	900002	0.043	24.7	88.889	42	18	False	candidate_available	Fungi	Basidiomycota	Tremellomycetes	Tremellales	Tremellaceae	Cryptococcus	Cryptococcus_neoformans	NR_130667	Cutaneotrichosporon_dermatis	0.15	22.9	100.0	34	12	k__Fungi; p__Basidiomycota; c__Tremellomycetes; o__Tremellales; f__Tremellaceae; g__Cryptococcus; s__Cryptococcus_neoformans	88.889
b505a782b64eae6f885a9098ba8df509	NR_130667	900010	0.15	23.8	78.788	47	33	False	candidate_available	Fungi	Basidiomycota	Tremellomycetes	Trichosporonales	Trichosporonaceae	Cutaneotrichosporon	Cutaneotrichosporon_dermatis	NR_171785	Cryptococcus_neoformans	0.15	22.9	88.235	40	17	k__Fungi; p__Basidiomycota; c__Tremellomycetes; o__Trichosporonales; f__Trichosporonaceae; g__Cutaneotrichosporon; s__Cutaneotrichosporon_dermatis	78.788
b51e89e740a3b7d99fc2112e7b30bc00	NR_130690	900005	0.52	21.1	100.0	42	11	False	candidate_available	Fungi	Ascomycota	Sordariomycetes	Hypocreales	Nectriaceae	Fusarium	Fusarium_keratoplasticum	NR_171785	Cryptococcus_neoformans	1.8	20.2	92.308	33	13	k__Fungi; p__Ascomycota; c__Sordariomycetes; o__Hypocreales; f__Nectriaceae; g__Fusarium; s__Fusarium_keratoplasticum	100.0
b5d734bb65d33dbb443d7b92850825f8	NR_130691	900007	1.0999999999999993e-117	409.0	99.563	100	229	False	candidate_available	Fungi	Ascomycota	Saccharomycetes	Saccharomycetales	Saccharomycetaceae	Nakaseomyces	Nakaseomyces_glabratus	NR_111007	Saccharomyces_cerevisiae	5.72e-20	84.2	86.486	47	74	k__Fungi; p__Ascomycota; c__Saccharomycetes; o__Saccharomycetales; f__Saccharomycetaceae; g__Nakaseomyces; s__Nakaseomyces_glabratus	99.563
b8a24610670d3ac10f0d3befe6902222	NR_130667	900010	0.04	25.6	93.75	52	16	False	candidate_available	Fungi	Basidiomycota	Tremellomycetes	Trichosporonales	Trichosporonaceae	Cutaneotrichosporon	Cutaneotrichosporon_dermatis	NR_171785	Cryptococcus_neoformans	0.04	24.7	82.609	51	23	k__Fungi; p__Basidiomycota; c__Tremellomycetes; o__Trichosporonales; f__Trichosporonaceae; g__Cutaneotrichosporon; s__Cutaneotrichosporon_dermatis	93.75
b8b6019de3c607356ff1d4846d98a8df	NR_077145	900004	4.5399999999999995e-45	167.0	87.586	94	145	False	candidate_available	Fungi	Ascomycota	Eurotiomycetes	Eurotiales	Aspergillaceae	Penicillium	Penicillium_chrysogenum	NR_121481	Aspergillus_fumigatus	4.5399999999999995e-45	167.0	83.14	100	172	k__Fungi; p__Ascomycota; c__Eurotiomycetes; o__Eurotiales; f__Aspergillaceae; g__Penicillium; s__Penicillium_chrysogenum	87.586
b930655cdbda2d0f0758d5276c15600d	NR_077145	900004	1.4899999999999991e-63	229.0	92.5	97	160	False	candidate_available	Fungi	Ascomycota	Eurotiomycetes	Eurotiales	Aspergillaceae	Penicillium	Penicillium_chrysogenum	NR_121481	Aspergillus_fumigatus	2.22e-61	221.0	92.903	98	155	k__Fungi; p__Ascomycota; c__Eurotiomycetes; o__Eurotiales; f__Aspergillaceae; g__Penicillium; s__Penicillium_chrysogenum	92.5
ba6f84c5a6c850e7dd2ac7ac28facbd6	NR_171785	900002	0.049	24.7	82.609	33	23	False	candidate_available	Fungi	Basidiomycota	Tremellomycetes	Tremellales	Tremellaceae	Cryptococcus	Cryptococcus_neoformans	NR_130667	Cutaneotrichosporon_dermatis	0.17	22.9	100.0	34	12	k__Fungi; p__Basidiomycota; c__Tremellomycetes; o__Tremellales; f__Tremellaceae; g__Cryptococcus; s__Cryptococcus_neoformans	82.609
bb441be8bdf01e38ec90a625715d3f96	NR_130667	900010	0.001	30.1	86.20700000000002	52	29	False	candidate_available	Fungi	Basidiomycota	Tremellomycetes	Trichosporonales	Trichosporonaceae	Cutaneotrichosporon	Cutaneotrichosporon_dermatis	NR_171785	Cryptococcus_neoformans	0.003	28.3	80.0	39	30	k__Fungi; p__Basidiomycota; c__Tremellomycetes; o__Trichosporonales; f__Trichosporonaceae; g__Cutaneotrichosporon; s__Cutaneotrichosporon_dermatis	86.20700000000002
bd796f04c04028b86ca7ece20df3e735	NR_171785	900002	0.039	25.6	77.419	34	31	False	candidate_available	Fungi	Basidiomycota	Tremellomycetes	Tremellales	Tremellaceae	Cryptococcus	Cryptococcus_neoformans	NR_171785	Cryptococcus_neoformans	0.48	21.1	100.0	34	11	k__Fungi; p__Basidiomycota; c__Tremellomycetes; o__Tremellales; f__Tremellaceae; g__Cryptococcus; s__Cryptococcus_neoformans	77.419
c0be5a766a77d1b40339c3847e707d78	NR_130667	900010	0.0008990000000000002	30.1	87.5	40	32	False	candidate_available	Fungi	Basidiomycota	Tremellomycetes	Trichosporonales	Trichosporonaceae	Cutaneotrichosporon	Cutaneotrichosporon_dermatis	NR_125332	Candida_albicans	1.6	19.3	100.0	38	10	k__Fungi; p__Basidiomycota; c__Tremellomycetes; o__Trichosporonales; f__Trichosporonaceae; g__Cutaneotrichosporon; s__Cutaneotrichosporon_dermatis	87.5
c335aefb046c3a1f098bc46b7be0bff8	NR_171785	900002	0.003	29.2	72.727	46	66	False	candidate_available	Fungi	Basidiomycota	Tremellomycetes	Tremellales	Tremellaceae	Cryptococcus	Cryptococcus_neoformans	NR_130667	Cutaneotrichosporon_dermatis	1.8	20.2	92.308	41	13	k__Fungi; p__Basidiomycota; c__Tremellomycetes; o__Tremellales; f__Tremellaceae; g__Cryptococcus; s__Cryptococcus_neoformans	72.727
c3b3863baf308516d9bae664ff9843c6	NR_130690	900005	0.009000000000000001	26.5	89.47399999999998	45	19	False	candidate_available	Fungi	Ascomycota	Sordariomycetes	Hypocreales	Nectriaceae	Fusarium	Fusarium_keratoplasticum	NR_130690	Fusarium_keratoplasticum	0.03	25.6	85.714	45	21	k__Fungi; p__Ascomycota; c__Sordariomycetes; o__Hypocreales; f__Nectriaceae; g__Fusarium; s__Fusarium_keratoplasticum	89.47399999999998
c4882dc60b49c95b93e46ef6e32dfc12	NR_121481	900001	0.1	22.9	90.476	54	21	False	candidate_available	Fungi	Ascomycota	Eurotiomycetes	Eurotiales	Aspergillaceae	Aspergillus	Aspergillus_fumigatus	NR_077145	Penicillium_chrysogenum	0.1	22.9	90.476	34	21	k__Fungi; p__Ascomycota; c__Eurotiomycetes; o__Eurotiales; f__Aspergillaceae; g__Aspergillus; s__Aspergillus_fumigatus	90.476
c5fc3fd35912da93c85f5c96bd65b76d	NR_121481	900001	0.0006940000000000001	30.1	69.149	81	94	False	candidate_available	Fungi	Ascomycota	Eurotiomycetes	Eurotiales	Aspergillaceae	Aspergillus	Aspergillus_fumigatus	NR_077145	Penicillium_chrysogenum	0.002	28.3	85.185	49	27	k__Fungi; p__Ascomycota; c__Eurotiomycetes; o__Eurotiales; f__Aspergillaceae; g__Aspergillus; s__Aspergillus_fumigatus	69.149
c89bc141df239be15bf707bdd443fa11	NR_121481	900001	0.38	21.1	100.0	58	11	False	candidate_available	Fungi	Ascomycota	Eurotiomycetes	Eurotiales	Aspergillaceae	Aspergillus	Aspergillus_fumigatus	NR_077145	Penicillium_chrysogenum	0.38	21.1	100.0	47	11	k__Fungi; p__Ascomycota; c__Eurotiomycetes; o__Eurotiales; f__Aspergillaceae; g__Aspergillus; s__Aspergillus_fumigatus	100.0
ca7267bef65439e30d72c01f2ab17865	NR_130667	900010	0.00028700000000000004	32.8	84.375	64	32	False	candidate_available	Fungi	Basidiomycota	Tremellomycetes	Trichosporonales	Trichosporonaceae	Cutaneotrichosporon	Cutaneotrichosporon_dermatis	NR_130691	Nakaseomyces_glabratus	0.15	22.9	100.0	42	12	k__Fungi; p__Basidiomycota; c__Tremellomycetes; o__Trichosporonales; f__Trichosporonaceae; g__Cutaneotrichosporon; s__Cutaneotrichosporon_dermatis	84.375
cb2c0e20773df56a36e2a0f9eabe0e2d	NR_077145	900004	0.029	24.7	82.609	47	23	False	candidate_available	Fungi	Ascomycota	Eurotiomycetes	Eurotiales	Aspergillaceae	Penicillium	Penicillium_chrysogenum	NR_130690	Fusarium_keratoplasticum	0.36	21.1	88.889	43	18	k__Fungi; p__Ascomycota; c__Eurotiomycetes; o__Eurotiales; f__Aspergillaceae; g__Penicillium; s__Penicillium_chrysogenum	82.609
cc6d7b7ac9f42ac1add61a4e92cca4d0	NR_171785	900002	0.49	21.1	100.0	41	11	False	candidate_available	Fungi	Basidiomycota	Tremellomycetes	Tremellales	Tremellaceae	Cryptococcus	Cryptococcus_neoformans	NR_130667	Cutaneotrichosporon_dermatis	0.49	21.1	85.0	50	20	k__Fungi; p__Basidiomycota; c__Tremellomycetes; o__Tremellales; f__Tremellaceae; g__Cryptococcus; s__Cryptococcus_neoformans	100.0
cdd244abd5bf539f9d30cb7b2907eaa7	NR_121481	900001	0.0006889999999999999	31.0	88.462	47	26	False	candidate_available	Fungi	Ascomycota	Eurotiomycetes	Eurotiales	Aspergillaceae	Aspergillus	Aspergillus_fumigatus	NR_077145	Penicillium_chrysogenum	0.0006889999999999999	31.0	88.462	46	26	k__Fungi; p__Ascomycota; c__Eurotiomycetes; o__Eurotiales; f__Aspergillaceae; g__Aspergillus; s__Aspergillus_fumigatus	88.462
ce09f92e8ab71b4062be2fcbf797fc29	NR_130690	900005	0.032	25.6	93.75	50	16	False	candidate_available	Fungi	Ascomycota	Sordariomycetes	Hypocreales	Nectriaceae	Fusarium	Fusarium_keratoplasticum	NR_121481	Aspergillus_fumigatus	0.032	25.6	82.759	49	29	k__Fungi; p__Ascomycota; c__Sordariomycetes; o__Hypocreales; f__Nectriaceae; g__Fusarium; s__Fusarium_keratoplasticum	93.75
cf51d4a65c9fa59fbf840dc7445265d5	NR_130667	900010	0.0008990000000000002	30.1	92.0	43	25	False	candidate_available	Fungi	Basidiomycota	Tremellomycetes	Trichosporonales	Trichosporonaceae	Cutaneotrichosporon	Cutaneotrichosporon_dermatis	NR_111007	Saccharomyces_cerevisiae	0.47	22.0	92.857	35	14	k__Fungi; p__Basidiomycota; c__Tremellomycetes; o__Trichosporonales; f__Trichosporonaceae; g__Cutaneotrichosporon; s__Cutaneotrichosporon_dermatis	92.0
cf9ccf0ca27f56fd87e0d496ea54b7a2	NR_171785	900002	1.9399999999999996e-94	332.0	99.462	100	186	False	candidate_available	Fungi	Basidiomycota	Tremellomycetes	Tremellales	Tremellaceae	Cryptococcus	Cryptococcus_neoformans	NR_130667	Cutaneotrichosporon_dermatis	3.2900000000000004e-28	111.0	82.609	73	115	k__Fungi; p__Basidiomycota; c__Tremellomycetes; o__Tremellales; f__Tremellaceae; g__Cryptococcus; s__Cryptococcus_neoformans	99.462
d00e6d83defe1a30a8b325b1610196d3	NR_130667	900010	0.000265	31.9	83.87100000000002	59	31	False	candidate_available	Fungi	Basidiomycota	Tremellomycetes	Trichosporonales	Trichosporonaceae	Cutaneotrichosporon	Cutaneotrichosporon_dermatis	NR_171785	Cryptococcus_neoformans	0.001	31.0	87.5	46	24	k__Fungi; p__Basidiomycota; c__Tremellomycetes; o__Trichosporonales; f__Trichosporonaceae; g__Cutaneotrichosporon; s__Cutaneotrichosporon_dermatis	83.87100000000002
d03b42d094fc26abc401a439481e5e12	NR_121481	900001	0.4	21.1	81.48100000000002	38	27	False	candidate_available	Fungi	Ascomycota	Eurotiomycetes	Eurotiales	Aspergillaceae	Aspergillus	Aspergillus_fumigatus	NR_130690	Fusarium_keratoplasticum	1.4	20.2	92.308	55	13	k__Fungi; p__Ascomycota; c__Eurotiomycetes; o__Eurotiales; f__Aspergillaceae; g__Aspergillus; s__Aspergillus_fumigatus	81.48100000000002
d06ee85ecbb1b97b12f84c0d16ead2e3	NR_077145	900004	0.029	24.7	100.0	43	13	False	candidate_available	Fungi	Ascomycota	Eurotiomycetes	Eurotiales	Aspergillaceae	Penicillium	Penicillium_chrysogenum	NR_130690	Fusarium_keratoplasticum	1.2	20.2	92.308	46	13	k__Fungi; p__Ascomycota; c__Eurotiomycetes; o__Eurotiales; f__Aspergillaceae; g__Penicillium; s__Penicillium_chrysogenum	100.0
d2e25b6611bfc517eb12d22c4f1f0ac0	NR_130667	900010	0.49	22.0	92.857	52	14	False	candidate_available	Fungi	Basidiomycota	Tremellomycetes	Trichosporonales	Trichosporonaceae	Cutaneotrichosporon	Cutaneotrichosporon_dermatis	NR_171785	Cryptococcus_neoformans	0.49	21.1	100.0	47	11	k__Fungi; p__Basidiomycota; c__Tremellomycetes; o__Trichosporonales; f__Trichosporonaceae; g__Cutaneotrichosporon; s__Cutaneotrichosporon_dermatis	92.857
d41474f8e49115abf6f296e3fee6b8b1	NR_121481	900001	1.1599999999999999e-58	213.0	92.414	92	145	False	candidate_available	Fungi	Ascomycota	Eurotiomycetes	Eurotiales	Aspergillaceae	Aspergillus	Aspergillus_fumigatus	NR_077145	Penicillium_chrysogenum	1.32e-51	189.0	89.583	91	144	k__Fungi; p__Ascomycota; c__Eurotiomycetes; o__Eurotiales; f__Aspergillaceae; g__Aspergillus; s__Aspergillus_fumigatus	92.414
d5f4d4c61556cd9a88f8e7072585def2	NR_121481	900001	0.009000000000000001	26.5	84.615	40	26	False	candidate_available	Fungi	Ascomycota	Eurotiomycetes	Eurotiales	Aspergillaceae	Aspergillus	Aspergillus_fumigatus	NR_077145	Penicillium_chrysogenum	0.009000000000000001	26.5	84.615	36	26	k__Fungi; p__Ascomycota; c__Eurotiomycetes; o__Eurotiales; f__Aspergillaceae; g__Aspergillus; s__Aspergillus_fumigatus	84.615
d6e7806fe6c49f4c960a7210ce8b929b	NR_121481	900001	0.009000000000000001	27.4	87.5	65	24	False	candidate_available	Fungi	Ascomycota	Eurotiomycetes	Eurotiales	Aspergillaceae	Aspergillus	Aspergillus_fumigatus	NR_077145	Penicillium_chrysogenum	0.009000000000000001	27.4	87.5	53	24	k__Fungi; p__Ascomycota; c__Eurotiomycetes; o__Eurotiales; f__Aspergillaceae; g__Aspergillus; s__Aspergillus_fumigatus	87.5
d6f3e15b67c356651253d4bfee7bb46f	NR_130691	900007	2.58e-119	414.0	100.0	100	229	False	candidate_available	Fungi	Ascomycota	Saccharomycetes	Saccharomycetales	Saccharomycetaceae	Nakaseomyces	Nakaseomyces_glabratus	NR_111007	Saccharomyces_cerevisiae	5.72e-20	84.2	86.486	53	74	k__Fungi; p__Ascomycota; c__Saccharomycetes; o__Saccharomycetales; f__Saccharomycetaceae; g__Nakaseomyces; s__Nakaseomyces_glabratus	100.0
d7517e7d7ccfcb017edef33e6825eda1	NR_130667	900010	0.003	29.2	78.723	62	47	False	candidate_available	Fungi	Basidiomycota	Tremellomycetes	Trichosporonales	Trichosporonaceae	Cutaneotrichosporon	Cutaneotrichosporon_dermatis	NR_171785	Cryptococcus_neoformans	0.48	21.1	100.0	35	11	k__Fungi; p__Basidiomycota; c__Tremellomycetes; o__Trichosporonales; f__Trichosporonaceae; g__Cutaneotrichosporon; s__Cutaneotrichosporon_dermatis	78.723
d77de9b0c238f001eff17e8590bee7f3	NR_121481	900001	0.21	23.8	93.333	27	15	False	candidate_available	Fungi	Ascomycota	Eurotiomycetes	Eurotiales	Aspergillaceae	Aspergillus	Aspergillus_fumigatus	NR_130667	Cutaneotrichosporon_dermatis	0.73	22.0	92.857	29	14	k__Fungi; p__Ascomycota; c__Eurotiomycetes; o__Eurotiales; f__Aspergillaceae; g__Aspergillus; s__Aspergillus_fumigatus	93.333
da93059e7d874e588773916cbcb5cebf	NR_111475	900008	0.048	25.6	85.714	50	21	False	candidate_available	Fungi	Basidiomycota	Malasseziomycetes	Malasseziales	Malasseziaceae	Malassezia	Malassezia_globosa	NR_171785	Cryptococcus_neoformans	0.59	22.0	92.857	57	14	k__Fungi; p__Basidiomycota; c__Malasseziomycetes; o__Malasseziales; f__Malasseziaceae; g__Malassezia; s__Malassezia_globosa	85.714
db0a45e1bb8405ca1fe091daa37fd2ec	NR_130667	900010	0.003	28.3	100.0	47	15	False	candidate_available	Fungi	Basidiomycota	Tremellomycetes	Trichosporonales	Trichosporonaceae	Cutaneotrichosporon	Cutaneotrichosporon_dermatis	NR_171785	Cryptococcus_neoformans	0.003	28.3	85.185	39	27	k__Fungi; p__Basidiomycota; c__Tremellomycetes; o__Trichosporonales; f__Trichosporonaceae; g__Cutaneotrichosporon; s__Cutaneotrichosporon_dermatis	100.0
dbf377afa279cfc8e072e84b0bcb4f3f	NR_171785	900002	0.003	29.2	68.041	47	97	False	candidate_available	Fungi	Basidiomycota	Tremellomycetes	Tremellales	Tremellaceae	Cryptococcus	Cryptococcus_neoformans	NR_121481	Aspergillus_fumigatus	0.14	22.9	81.818	46	22	k__Fungi; p__Basidiomycota; c__Tremellomycetes; o__Tremellales; f__Tremellaceae; g__Cryptococcus; s__Cryptococcus_neoformans	68.041
dc65b17281e536dc27c59066ed5cb2b8	NR_171785	900002	0.001	30.1	84.615	38	26	False	candidate_available	Fungi	Basidiomycota	Tremellomycetes	Tremellales	Tremellaceae	Cryptococcus	Cryptococcus_neoformans	NR_130667	Cutaneotrichosporon_dermatis	0.003	28.3	100.0	56	15	k__Fungi; p__Basidiomycota; c__Tremellomycetes; o__Tremellales; f__Tremellaceae; g__Cryptococcus; s__Cryptococcus_neoformans	84.615
dcc55e98f520f9d97db040a6f18089ed	NR_144900	900003	0.34	22.0	92.857	70	14	False	candidate_available	Fungi	Ascomycota	Eurotiomycetes	Onygenales	Arthrodermataceae	Trichophyton	Trichophyton_interdigitale	NR_121481	Aspergillus_fumigatus	0.34	22.0	92.857	53	14	k__Fungi; p__Ascomycota; c__Eurotiomycetes; o__Onygenales; f__Arthrodermataceae; g__Trichophyton; s__Trichophyton_interdigitale	92.857
dde3d9f44829488859e6425ff6f8dcd5	NR_130667	900010	0.49	21.1	88.889	45	18	False	candidate_available	Fungi	Basidiomycota	Tremellomycetes	Trichosporonales	Trichosporonaceae	Cutaneotrichosporon	Cutaneotrichosporon_dermatis	NR_111007	Saccharomyces_cerevisiae	1.7	19.3	100.0	51	10	k__Fungi; p__Basidiomycota; c__Tremellomycetes; o__Trichosporonales; f__Trichosporonaceae; g__Cutaneotrichosporon; s__Cutaneotrichosporon_dermatis	88.889
e10697f67b5d8c5ca3d33e56594068bf	NR_130690	900005	0.52	21.1	100.0	50	11	False	candidate_available	Fungi	Ascomycota	Sordariomycetes	Hypocreales	Nectriaceae	Fusarium	Fusarium_keratoplasticum	NR_144900	Trichophyton_interdigitale	1.8	19.3	100.0	59	10	k__Fungi; p__Ascomycota; c__Sordariomycetes; o__Hypocreales; f__Nectriaceae; g__Fusarium; s__Fusarium_keratoplasticum	100.0
e132feac453bbe8e98e4f5550613e720	NR_171785	900002	1.9399999999999996e-94	332.0	99.462	100	186	False	candidate_available	Fungi	Basidiomycota	Tremellomycetes	Tremellales	Tremellaceae	Cryptococcus	Cryptococcus_neoformans	NR_130667	Cutaneotrichosporon_dermatis	4.01e-08	44.6	74.242	76	66	k__Fungi; p__Basidiomycota; c__Tremellomycetes; o__Tremellales; f__Tremellaceae; g__Cryptococcus; s__Cryptococcus_neoformans	99.462
e399dc7c0823811b06f9eea10fa4ea6c	NR_130690	900005	0.029	25.6	82.14299999999999	41	28	False	candidate_available	Fungi	Ascomycota	Sordariomycetes	Hypocreales	Nectriaceae	Fusarium	Fusarium_keratoplasticum	NR_121481	Aspergillus_fumigatus	0.1	22.9	90.476	49	21	k__Fungi; p__Ascomycota; c__Sordariomycetes; o__Hypocreales; f__Nectriaceae; g__Fusarium; s__Fusarium_keratoplasticum	82.14299999999999
e42387237c012c1ed92a8c7f9dd2e2eb	NR_171785	900002	0.003	29.2	72.727	46	66	False	candidate_available	Fungi	Basidiomycota	Tremellomycetes	Tremellales	Tremellaceae	Cryptococcus	Cryptococcus_neoformans	NR_130667	Cutaneotrichosporon_dermatis	1.8	20.2	92.308	41	13	k__Fungi; p__Basidiomycota; c__Tremellomycetes; o__Tremellales; f__Tremellaceae; g__Cryptococcus; s__Cryptococcus_neoformans	72.727
e6042d9d33d4676b7a7d6c7d232be5b0	NR_121481	900001	1.0099999999999995e-84	298.0	100.0	100	165	False	candidate_available	Fungi	Ascomycota	Eurotiomycetes	Eurotiales	Aspergillaceae	Aspergillus	Aspergillus_fumigatus	NR_077145	Penicillium_chrysogenum	1.4899999999999991e-63	228.0	92.994	97	157	k__Fungi; p__Ascomycota; c__Eurotiomycetes; o__Eurotiales; f__Aspergillaceae; g__Aspergillus; s__Aspergillus_fumigatus	100.0
e696a65744372846e5a5ad7901af11d5	NR_125332	900006	0.011	25.6	85.714	48	21	False	candidate_available	Fungi	Ascomycota	Saccharomycetes	Saccharomycetales	Debaryomycetaceae	Candida	Candida_albicans	NR_125332	Candida_albicans	0.14	21.1	87.5	48	16	k__Fungi; p__Ascomycota; c__Saccharomycetes; o__Saccharomycetales; f__Debaryomycetaceae; g__Candida; s__Candida_albicans	85.714
e7453690825c89a6aed267d0b3afd8fc	NR_111007	900009	0.54	21.1	100.0	49	11	False	candidate_available	Fungi	Ascomycota	Saccharomycetes	Saccharomycetales	Saccharomycetaceae	Saccharomyces	Saccharomyces_cerevisiae	NR_171785	Cryptococcus_neoformans	1.9	20.2	92.308	34	13	k__Fungi; p__Ascomycota; c__Saccharomycetes; o__Saccharomycetales; f__Saccharomycetaceae; g__Saccharomyces; s__Saccharomyces_cerevisiae	100.0
e88a98c4c0b539970aba2e9afdb652ff	NR_130667	900010	0.49	21.1	88.889	50	18	False	candidate_available	Fungi	Basidiomycota	Tremellomycetes	Trichosporonales	Trichosporonaceae	Cutaneotrichosporon	Cutaneotrichosporon_dermatis	NR_130667	Cutaneotrichosporon_dermatis	1.7	19.3	100.0	50	10	k__Fungi; p__Basidiomycota; c__Tremellomycetes; o__Trichosporonales; f__Trichosporonaceae; g__Cutaneotrichosporon; s__Cutaneotrichosporon_dermatis	88.889
e8afdba12110f5899c03436c55249876	NR_171785	900002	0.51	21.1	100.0	44	11	False	candidate_available	Fungi	Basidiomycota	Tremellomycetes	Tremellales	Tremellaceae	Cryptococcus	Cryptococcus_neoformans	NR_111007	Saccharomyces_cerevisiae	0.51	21.1	100.0	40	11	k__Fungi; p__Basidiomycota; c__Tremellomycetes; o__Tremellales; f__Tremellaceae; g__Cryptococcus; s__Cryptococcus_neoformans	100.0
ebd61c5d3dace237f7a2a5bfb8d391ab	NR_130691	900007	2.58e-119	414.0	100.0	100	229	False	candidate_available	Fungi	Ascomycota	Saccharomycetes	Saccharomycetales	Saccharomycetaceae	Nakaseomyces	Nakaseomyces_glabratus	NR_111007	Saccharomyces_cerevisiae	1.87e-51	189.0	90.845	69	142	k__Fungi; p__Ascomycota; c__Saccharomycetes; o__Saccharomycetales; f__Saccharomycetaceae; g__Nakaseomyces; s__Nakaseomyces_glabratus	100.0
ed1c2120a1da64cd9a0b5ea27488f1cd	NR_171785	900002	0.028	24.7	88.889	31	18	False	candidate_available	Fungi	Basidiomycota	Tremellomycetes	Tremellales	Tremellaceae	Cryptococcus	Cryptococcus_neoformans	NR_121481	Aspergillus_fumigatus	0.34	22.0	80.76899999999998	42	26	k__Fungi; p__Basidiomycota; c__Tremellomycetes; o__Tremellales; f__Tremellaceae; g__Cryptococcus; s__Cryptococcus_neoformans	88.889
ed3e9912ffac4094303328fb6a4ea10c	NR_130690	900005	8.529999999999995e-86	303.0	99.412	100	170	False	candidate_available	Fungi	Ascomycota	Sordariomycetes	Hypocreales	Nectriaceae	Fusarium	Fusarium_keratoplasticum	NR_121481	Aspergillus_fumigatus	0.12	22.9	88.235	56	17	k__Fungi; p__Ascomycota; c__Sordariomycetes; o__Hypocreales; f__Nectriaceae; g__Fusarium; s__Fusarium_keratoplasticum	99.412
ede209db473731ebfe17f1dbf1c88156	NR_077145	900004	0.000719	31.0	88.462	48	26	False	candidate_available	Fungi	Ascomycota	Eurotiomycetes	Eurotiales	Aspergillaceae	Penicillium	Penicillium_chrysogenum	NR_121481	Aspergillus_fumigatus	0.000719	31.0	88.462	47	26	k__Fungi; p__Ascomycota; c__Eurotiomycetes; o__Eurotiales; f__Aspergillaceae; g__Penicillium; s__Penicillium_chrysogenum	88.462
ee606ee0d5d5f1f998149031ddfd45fc	NR_171785	900002	0.003	28.3	80.0	45	30	False	candidate_available	Fungi	Basidiomycota	Tremellomycetes	Tremellales	Tremellaceae	Cryptococcus	Cryptococcus_neoformans	NR_130667	Cutaneotrichosporon_dermatis	0.042	25.6	80.645	62	31	k__Fungi; p__Basidiomycota; c__Tremellomycetes; o__Tremellales; f__Tremellaceae; g__Cryptococcus; s__Cryptococcus_neoformans	80.0
ee6217a6ac1c382c5086ba8f01f9a6f5	NR_130691	900007	1.0999999999999993e-117	409.0	99.563	100	229	False	candidate_available	Fungi	Ascomycota	Saccharomycetes	Saccharomycetales	Saccharomycetaceae	Nakaseomyces	Nakaseomyces_glabratus	NR_111007	Saccharomyces_cerevisiae	5.72e-20	84.2	86.486	52	74	k__Fungi; p__Ascomycota; c__Saccharomycetes; o__Saccharomycetales; f__Saccharomycetaceae; g__Nakaseomyces; s__Nakaseomyces_glabratus	99.563
ef2ebeb91f91b576bbd95b341aed051e	NR_130667	900010	0.003	28.3	100.0	48	15	False	candidate_available	Fungi	Basidiomycota	Tremellomycetes	Trichosporonales	Trichosporonaceae	Cutaneotrichosporon	Cutaneotrichosporon_dermatis	NR_171785	Cryptococcus_neoformans	0.003	28.3	85.185	39	27	k__Fungi; p__Basidiomycota; c__Tremellomycetes; o__Trichosporonales; f__Trichosporonaceae; g__Cutaneotrichosporon; s__Cutaneotrichosporon_dermatis	100.0
ef5b732f4220ffb4068dfff3f4590237	NR_130667	900010	1.8	19.3	100.0	33	10	False	candidate_available	Fungi	Basidiomycota	Tremellomycetes	Trichosporonales	Trichosporonaceae	Cutaneotrichosporon	Cutaneotrichosporon_dermatis	NR_130690	Fusarium_keratoplasticum	6.4	18.4	91.667	29	12	k__Fungi; p__Basidiomycota; c__Tremellomycetes; o__Trichosporonales; f__Trichosporonaceae; g__Cutaneotrichosporon; s__Cutaneotrichosporon_dermatis	100.0
ef7c4591e1b81a9863d21132d9f67bb6	NR_171785	900002	8.31e-05	34.6	73.611	55	72	False	candidate_available	Fungi	Basidiomycota	Tremellomycetes	Tremellales	Tremellaceae	Cryptococcus	Cryptococcus_neoformans	NR_171785	Cryptococcus_neoformans	0.52	22.0	92.857	55	14	k__Fungi; p__Basidiomycota; c__Tremellomycetes; o__Tremellales; f__Tremellaceae; g__Cryptococcus; s__Cryptococcus_neoformans	73.611
ef7cf9848db5544fe03fb7d411336533	NR_125332	900006	2.52e-41	155.0	91.667	87	120	False	candidate_available	Fungi	Ascomycota	Saccharomycetes	Saccharomycetales	Debaryomycetaceae	Candida	Candida_albicans	NR_130691	Nakaseomyces_glabratus	0.031	24.7	75.758	51	33	k__Fungi; p__Ascomycota; c__Saccharomycetes; o__Saccharomycetales; f__Debaryomycetaceae; g__Candida; s__Candida_albicans	91.667
f0547560c210f8f296ce2aa804c875d4	NR_130667	900010	0.0008990000000000002	30.1	87.5	43	32	False	candidate_available	Fungi	Basidiomycota	Tremellomycetes	Trichosporonales	Trichosporonaceae	Cutaneotrichosporon	Cutaneotrichosporon_dermatis	NR_171785	Cryptococcus_neoformans	0.47	21.1	80.952	55	21	k__Fungi; p__Basidiomycota; c__Tremellomycetes; o__Trichosporonales; f__Trichosporonaceae; g__Cutaneotrichosporon; s__Cutaneotrichosporon_dermatis	87.5
f1c57273935879d23965899d63727f74	NR_077145	900004	6.32e-43	160.0	83.735	100	166	False	candidate_available	Fungi	Ascomycota	Eurotiomycetes	Eurotiales	Aspergillaceae	Penicillium	Penicillium_chrysogenum	NR_121481	Aspergillus_fumigatus	3.9899999999999996e-39	147.0	84.02799999999998	91	144	k__Fungi; p__Ascomycota; c__Eurotiomycetes; o__Eurotiales; f__Aspergillaceae; g__Penicillium; s__Penicillium_chrysogenum	83.735
f4d47d9e9f949ba9f162bbf4faea2866	NR_130690	900005	0.044	24.7	100.0	41	13	False	candidate_available	Fungi	Ascomycota	Sordariomycetes	Hypocreales	Nectriaceae	Fusarium	Fusarium_keratoplasticum	NR_130667	Cutaneotrichosporon_dermatis	0.53	21.1	82.609	50	23	k__Fungi; p__Ascomycota; c__Sordariomycetes; o__Hypocreales; f__Nectriaceae; g__Fusarium; s__Fusarium_keratoplasticum	100.0
f4e14db83b8c8f27154cef63832ebf60	NR_130667	900010	0.011	26.5	89.47399999999998	60	19	False	candidate_available	Fungi	Basidiomycota	Tremellomycetes	Trichosporonales	Trichosporonaceae	Cutaneotrichosporon	Cutaneotrichosporon_dermatis	NR_130667	Cutaneotrichosporon_dermatis	0.039	24.7	100.0	60	13	k__Fungi; p__Basidiomycota; c__Tremellomycetes; o__Trichosporonales; f__Trichosporonaceae; g__Cutaneotrichosporon; s__Cutaneotrichosporon_dermatis	89.47399999999998
f4fd6035608dbd454bc773ff604d85cc	NR_111007	900009	0.15	23.8	93.333	51	15	False	candidate_available	Fungi	Ascomycota	Saccharomycetes	Saccharomycetales	Saccharomycetaceae	Saccharomyces	Saccharomyces_cerevisiae	NR_130667	Cutaneotrichosporon_dermatis	0.15	22.9	83.333	35	24	k__Fungi; p__Ascomycota; c__Saccharomycetes; o__Saccharomycetales; f__Saccharomycetaceae; g__Saccharomyces; s__Saccharomyces_cerevisiae	93.333
f73a1a510817fc733ace7a6a70e7394e	NR_171785	900002	0.51	21.1	100.0	44	11	False	candidate_available	Fungi	Basidiomycota	Tremellomycetes	Tremellales	Tremellaceae	Cryptococcus	Cryptococcus_neoformans	NR_111007	Saccharomyces_cerevisiae	0.51	21.1	100.0	43	11	k__Fungi; p__Basidiomycota; c__Tremellomycetes; o__Tremellales; f__Tremellaceae; g__Cryptococcus; s__Cryptococcus_neoformans	100.0
f806a2396402eab6244a8d52e08a9f7e	NR_144900	900003	1.6	20.2	92.308	34	13	False	candidate_available	Fungi	Ascomycota	Eurotiomycetes	Onygenales	Arthrodermataceae	Trichophyton	Trichophyton_interdigitale	NR_111007	Saccharomyces_cerevisiae	1.6	19.3	100.0	70	10	k__Fungi; p__Ascomycota; c__Eurotiomycetes; o__Onygenales; f__Arthrodermataceae; g__Trichophyton; s__Trichophyton_interdigitale	92.308
f8d2f35ec8aba3368cfa9bdc9dc84831	NR_171785	900002	0.51	21.1	100.0	44	11	False	candidate_available	Fungi	Basidiomycota	Tremellomycetes	Tremellales	Tremellaceae	Cryptococcus	Cryptococcus_neoformans	NR_111007	Saccharomyces_cerevisiae	0.51	21.1	100.0	43	11	k__Fungi; p__Basidiomycota; c__Tremellomycetes; o__Tremellales; f__Tremellaceae; g__Cryptococcus; s__Cryptococcus_neoformans	100.0
f9bc2c7d2647a3b4e63ca4b721021da9	NR_130667	900010	0.012	26.5	100.0	29	14	False	candidate_available	Fungi	Basidiomycota	Tremellomycetes	Trichosporonales	Trichosporonaceae	Cutaneotrichosporon	Cutaneotrichosporon_dermatis	NR_171785	Cryptococcus_neoformans	0.012	26.5	83.333	32	24	k__Fungi; p__Basidiomycota; c__Tremellomycetes; o__Trichosporonales; f__Trichosporonaceae; g__Cutaneotrichosporon; s__Cutaneotrichosporon_dermatis	100.0
f9d217f428c665f6e44a09c08fe0c485	NR_144900	900003	1.8	19.3	100.0	58	10	False	candidate_available	Fungi	Ascomycota	Eurotiomycetes	Onygenales	Arthrodermataceae	Trichophyton	Trichophyton_interdigitale	NR_130691	Nakaseomyces_glabratus	1.8	19.3	100.0	43	10	k__Fungi; p__Ascomycota; c__Eurotiomycetes; o__Onygenales; f__Arthrodermataceae; g__Trichophyton; s__Trichophyton_interdigitale	100.0
fd56d5d2d7ab0969f3ea9d3294133409	NR_171785	900002	0.51	21.1	100.0	44	11	False	candidate_available	Fungi	Basidiomycota	Tremellomycetes	Tremellales	Tremellaceae	Cryptococcus	Cryptococcus_neoformans	NR_111007	Saccharomyces_cerevisiae	0.51	21.1	100.0	43	11	k__Fungi; p__Basidiomycota; c__Tremellomycetes; o__Tremellales; f__Tremellaceae; g__Cryptococcus; s__Cryptococcus_neoformans	100.0
fdad38ba45d5b299528d74bce258e06a	NR_130667	900010	0.037000000000000005	25.6	85.714	39	21	False	candidate_available	Fungi	Basidiomycota	Tremellomycetes	Trichosporonales	Trichosporonaceae	Cutaneotrichosporon	Cutaneotrichosporon_dermatis	NR_130691	Nakaseomyces_glabratus	0.13	22.9	100.0	22	12	k__Fungi; p__Basidiomycota; c__Tremellomycetes; o__Trichosporonales; f__Trichosporonaceae; g__Cutaneotrichosporon; s__Cutaneotrichosporon_dermatis	85.714
ff0b3c0f2f9029863279aaec209a64b5	NR_130667	900010	0.015	27.4	86.36399999999998	31	22	False	candidate_available	Fungi	Basidiomycota	Tremellomycetes	Trichosporonales	Trichosporonaceae	Cutaneotrichosporon	Cutaneotrichosporon_dermatis	NR_171785	Cryptococcus_neoformans	0.051	25.6	85.714	33	21	k__Fungi; p__Basidiomycota; c__Tremellomycetes; o__Trichosporonales; f__Trichosporonaceae; g__Cutaneotrichosporon; s__Cutaneotrichosporon_dermatis	86.36399999999998
