ASV	QIIME_Taxon_Normalized	QIIME_Confidence	QIIME_Taxon_Original	QIIME_Kingdom	QIIME_Phylum	QIIME_Class	QIIME_Order	QIIME_Family	QIIME_Genus	QIIME_Species	BLAST_Top1_Accession	BLAST_Top1_TaxID	BLAST_Top1_Evalue	BLAST_Top1_Bitscore	BLAST_Top1_Pident	BLAST_Top1_Qcovus	BLAST_Top1_AlignmentLength	BLAST_AmbiguousTopHit	BLAST_SelectionStatus	BLAST_Top1_Kingdom	BLAST_Top1_Phylum	BLAST_Top1_Class	BLAST_Top1_Order	BLAST_Top1_Family	BLAST_Top1_Genus	BLAST_Top1_Species	BLAST_Top2_Accession	BLAST_Top2_Species	BLAST_Top2_Evalue	BLAST_Top2_Bitscore	BLAST_Top2_Pident	BLAST_Top2_Qcovus	BLAST_Top2_AlignmentLength	QIIME_ConfidenceNumeric	QIIME_GenusResolved	QIIME_SpeciesResolved	Reconcile_Mode	Species_Min_Pident	Species_Min_Qcovus	Species_Max_Evalue	BLAST_CutoffPass	BLAST_GenusMatch	Final_Kingdom	Final_Phylum	Final_Class	Final_Order	Final_Family	Final_Genus	Final_Species	Final_Taxon	Replacement_Status	Replacement_Reason
2d783fc0a24c9350fd6e4c008ade61f1	k__Fungi; p__Ascomycota; c__Eurotiomycetes; o__Eurotiales; f__Aspergillaceae; g__Penicillium; s__Penicillium_g	0.9998848289167741	k__Fungi;p__Ascomycota;c__Eurotiomycetes;o__Eurotiales;f__Aspergillaceae;g__Penicillium	Fungi	Ascomycota	Eurotiomycetes	Eurotiales	Aspergillaceae	Penicillium	Penicillium_g	NR_077145	5076	1.98e-80	295.0	100.0	100	163	True	candidate_available	Eukaryota	Ascomycota	Eurotiomycetes	Eurotiales	Aspergillaceae	Penicillium	Penicillium_chrysogenum	NR_103695	Penicillium_flavigenum	1.98e-80	295.0	100.0	100	163	0.9998848289167741	True	False	species_missing_top1_rescue	99.0	99.0	1e-10	True	True	Fungi	Ascomycota	Eurotiomycetes	Eurotiales	Aspergillaceae	Penicillium	Penicillium_chrysogenum	k__Fungi; p__Ascomycota; c__Eurotiomycetes; o__Eurotiales; f__Aspergillaceae; g__Penicillium; s__Penicillium_chrysogenum	blast_top1_species_rescued_ambiguous_missing_qiime_species	QIIME/UNITE species was missing or placeholder-like and BLAST top1 species passed cutoffs; top1 was used despite ambiguous top-hit conflict.
e399dc7c0823811b06f9eea10fa4ea6c	k__Fungi; p__Ascomycota; c__Dothideomycetes; o__Cladosporiales; f__Cladosporiaceae; g__Cladosporium; s__Cladosporium_g	0.9262702243264822	k__Fungi;p__Ascomycota;c__Dothideomycetes;o__Cladosporiales;f__Cladosporiaceae;g__Cladosporium	Fungi	Ascomycota	Dothideomycetes	Cladosporiales	Cladosporiaceae	Cladosporium	Cladosporium_g	NR_111530	887084	2.46e-72	268.0	100.0	100	148	True	candidate_available	Eukaryota	Ascomycota	Dothideomycetes	Cladosporiales	Cladosporiaceae	Cladosporium	Cladosporium_angustisporum	NR_111532	Cladosporium_exile	2.46e-72	268.0	100.0	100	148	0.9262702243264822	True	False	species_missing_top1_rescue	99.0	99.0	1e-10	True	True	Fungi	Ascomycota	Dothideomycetes	Cladosporiales	Cladosporiaceae	Cladosporium	Cladosporium_angustisporum	k__Fungi; p__Ascomycota; c__Dothideomycetes; o__Cladosporiales; f__Cladosporiaceae; g__Cladosporium; s__Cladosporium_angustisporum	blast_top1_species_rescued_ambiguous_missing_qiime_species	QIIME/UNITE species was missing or placeholder-like and BLAST top1 species passed cutoffs; top1 was used despite ambiguous top-hit conflict.
0d7f1fa221989e0cc733a52a1d979bfa	k__Fungi; p__Ascomycota; c__Ascomycota_p; o__Ascomycota_p; f__Ascomycota_p; g__Ascomycota_p; s__Ascomycota_p	0.9999999718407977	k__Fungi;p__Ascomycota	Fungi	Ascomycota	Ascomycota_p	Ascomycota_p	Ascomycota_p	Ascomycota_p	Ascomycota_p	NR_111530	887084	1.04e-70	263.0	99.324	100	148	True	candidate_available	Eukaryota	Ascomycota	Dothideomycetes	Cladosporiales	Cladosporiaceae	Cladosporium	Cladosporium_angustisporum	NR_111532	Cladosporium_exile	1.04e-70	263.0	99.324	100	148	0.9999999718407977	False	False	species_missing_top1_rescue	99.0	99.0	1e-10	True	False	Fungi	Ascomycota	Dothideomycetes	Cladosporiales	Cladosporiaceae	Cladosporium	Cladosporium_angustisporum	k__Fungi; p__Ascomycota; c__Dothideomycetes; o__Cladosporiales; f__Cladosporiaceae; g__Cladosporium; s__Cladosporium_angustisporum	blast_top1_species_rescued_ambiguous_missing_qiime_species	QIIME/UNITE species was missing or placeholder-like and BLAST top1 species passed cutoffs; top1 was used despite ambiguous top-hit conflict.
ed3e9912ffac4094303328fb6a4ea10c	k__Fungi; p__Ascomycota; c__Sordariomycetes; o__Hypocreales; f__Nectriaceae; g__Fusarium; s__Fusarium_g	0.7700910606590629	k__Fungi;p__Ascomycota;c__Sordariomycetes;o__Hypocreales;f__Nectriaceae;g__Fusarium;s__Fusarium_sp;sh__SH1345010.10FU	Fungi	Ascomycota	Sordariomycetes	Hypocreales	Nectriaceae	Fusarium	Fusarium_g	NR_130690	1328300	1.3999999999999998e-82	303.0	99.412	100	170	False	candidate_available	Eukaryota	Ascomycota	Sordariomycetes	Hypocreales	Nectriaceae	Fusarium	Fusarium_keratoplasticum								0.7700910606590629	True	False	species_missing_top1_rescue	99.0	99.0	1e-10	True	True	Fungi	Ascomycota	Sordariomycetes	Hypocreales	Nectriaceae	Fusarium	Fusarium_keratoplasticum	k__Fungi; p__Ascomycota; c__Sordariomycetes; o__Hypocreales; f__Nectriaceae; g__Fusarium; s__Fusarium_keratoplasticum	blast_top1_species_rescued_missing_qiime_species	QIIME/UNITE species was missing or placeholder-like and BLAST top1 species passed high-confidence cutoffs.
921f876dd61c8fdd639a56fbb16d7b6c	k__Fungi; p__Ascomycota; c__Dothideomycetes; o__Pleosporales; f__Didymellaceae; g__Didymellaceae_f; s__Didymellaceae_f	0.9541836835869302	k__Fungi;p__Ascomycota;c__Dothideomycetes;o__Pleosporales;f__Didymellaceae	Fungi	Ascomycota	Dothideomycetes	Pleosporales	Didymellaceae	Didymellaceae_f	Didymellaceae_f	NR_156400	2126488	4.11e-76	280.0	100.0	100	155	True	candidate_available	Eukaryota	Ascomycota	Dothideomycetes	Pleosporales	Didymellaceae	Neodidymella	Neodidymella_thailandicum	NR_158235	Similiphoma_crystallifera	4.11e-76	280.0	100.0	100	155	0.9541836835869302	False	False	species_missing_top1_rescue	99.0	99.0	1e-10	True	False	Fungi	Ascomycota	Dothideomycetes	Pleosporales	Didymellaceae	Neodidymella	Neodidymella_thailandicum	k__Fungi; p__Ascomycota; c__Dothideomycetes; o__Pleosporales; f__Didymellaceae; g__Neodidymella; s__Neodidymella_thailandicum	blast_top1_species_rescued_ambiguous_missing_qiime_species	QIIME/UNITE species was missing or placeholder-like and BLAST top1 species passed cutoffs; top1 was used despite ambiguous top-hit conflict.
4fe0a80f8c4b0a6cfc9a15c0926fd3f1	k__Fungi; p__Ascomycota; c__Sordariomycetes; o__Diaporthales; f__Gnomoniaceae; g__Ophiognomonia; s__Ophiognomonia_g	0.9779232271713717	k__Fungi;p__Ascomycota;c__Sordariomycetes;o__Diaporthales;f__Gnomoniaceae;g__Ophiognomonia	Fungi	Ascomycota	Sordariomycetes	Diaporthales	Gnomoniaceae	Ophiognomonia	Ophiognomonia_g	NR_119677	1150118	1.48e-75	279.0	99.363	99	157	True	candidate_available	Eukaryota	Ascomycota	Sordariomycetes	Diaporthales	Gnomoniaceae	Ophiognomonia	Ophiognomonia_pseudoischnostyla	NR_120057	Ophiognomonia_asiatica	1.48e-75	279.0	99.363	99	157	0.9779232271713717	True	False	species_missing_top1_rescue	99.0	99.0	1e-10	True	True	Fungi	Ascomycota	Sordariomycetes	Diaporthales	Gnomoniaceae	Ophiognomonia	Ophiognomonia_pseudoischnostyla	k__Fungi; p__Ascomycota; c__Sordariomycetes; o__Diaporthales; f__Gnomoniaceae; g__Ophiognomonia; s__Ophiognomonia_pseudoischnostyla	blast_top1_species_rescued_ambiguous_missing_qiime_species	QIIME/UNITE species was missing or placeholder-like and BLAST top1 species passed cutoffs; top1 was used despite ambiguous top-hit conflict.
17586e36e8ab48f597210c14bb4b14a1	k__Fungi; p__Basidiomycota; c__Microbotryomycetes; o__Sporidiobolales; f__Sporidiobolaceae; g__Sporobolomyces; s__Sporobolomyces_g	0.999999960658877	k__Fungi;p__Basidiomycota;c__Microbotryomycetes;o__Sporidiobolales;f__Sporidiobolaceae;g__Sporobolomyces	Fungi	Basidiomycota	Microbotryomycetes	Sporidiobolales	Sporidiobolaceae	Sporobolomyces	Sporobolomyces_g	NR_137660	183961	7.07e-100	360.0	100.0	100	199	False	candidate_available	Eukaryota	Basidiomycota	Microbotryomycetes	Sporidiobolales	Sporidiobolaceae	Sporobolomyces	Sporobolomyces_phaffii	NR_136959	Sporobolomyces_ruberrimus	3.01e-98	355.0	99.497	100	199	0.999999960658877	True	False	species_missing_top1_rescue	99.0	99.0	1e-10	True	True	Fungi	Basidiomycota	Microbotryomycetes	Sporidiobolales	Sporidiobolaceae	Sporobolomyces	Sporobolomyces_phaffii	k__Fungi; p__Basidiomycota; c__Microbotryomycetes; o__Sporidiobolales; f__Sporidiobolaceae; g__Sporobolomyces; s__Sporobolomyces_phaffii	blast_top1_species_rescued_missing_qiime_species	QIIME/UNITE species was missing or placeholder-like and BLAST top1 species passed high-confidence cutoffs.
c4882dc60b49c95b93e46ef6e32dfc12	k__Fungi; p__Ascomycota; c__Dothideomycetes; o__Pleosporales; f__Pleosporales_o; g__Pleosporales_o; s__Pleosporales_o	0.9174227609940808	k__Fungi;p__Ascomycota;c__Dothideomycetes;o__Pleosporales;f__Pleosporales_fam_Incertae_sedis;g__Pleosporales_gen_Incertae_sedis;s__Pleosporales_sp;sh__SH1411340.10FU	Fungi	Ascomycota	Dothideomycetes	Pleosporales	Pleosporales_o	Pleosporales_o	Pleosporales_o	NR_119840	102000	2.46e-72	268.0	100.0	100	148	True	candidate_available	Eukaryota	Ascomycota	Dothideomycetes	Cladosporiales	Cladosporiaceae	Cladosporium	Cladosporium_colocasiae	NR_119855	Cladosporium_tenuissimum	2.46e-72	268.0	100.0	100	148	0.9174227609940808	False	False	species_missing_top1_rescue	99.0	99.0	1e-10	True	False	Fungi	Ascomycota	Dothideomycetes	Cladosporiales	Cladosporiaceae	Cladosporium	Cladosporium_colocasiae	k__Fungi; p__Ascomycota; c__Dothideomycetes; o__Cladosporiales; f__Cladosporiaceae; g__Cladosporium; s__Cladosporium_colocasiae	blast_top1_species_rescued_ambiguous_missing_qiime_species	QIIME/UNITE species was missing or placeholder-like and BLAST top1 species passed cutoffs; top1 was used despite ambiguous top-hit conflict.
6143c50035fe5fc5272475693b56bdf1	k__Fungi; p__Fungi_k; c__Fungi_k; o__Fungi_k; f__Fungi_k; g__Fungi_k; s__Fungi_k	1.0000000000000016	k__Fungi	Fungi	Fungi_k	Fungi_k	Fungi_k	Fungi_k	Fungi_k	Fungi_k	NR_125332	5476	2.05e-73	271.0	100.0	100	150	True	candidate_available	Eukaryota	Ascomycota	Pichiomycetes	Serinales	Debaryomycetaceae	Candida	Candida_albicans	NR_138276	Candida_africana	2.05e-73	271.0	100.0	100	150	1.0000000000000016	False	False	species_missing_top1_rescue	99.0	99.0	1e-10	True	False	Fungi	Ascomycota	Pichiomycetes	Serinales	Debaryomycetaceae	Candida	Candida_albicans	k__Fungi; p__Ascomycota; c__Pichiomycetes; o__Serinales; f__Debaryomycetaceae; g__Candida; s__Candida_albicans	blast_top1_species_rescued_ambiguous_missing_qiime_species	QIIME/UNITE species was missing or placeholder-like and BLAST top1 species passed cutoffs; top1 was used despite ambiguous top-hit conflict.
3aff115ea9dc889997fec9ab39973349	k__Fungi; p__Fungi_k; c__Fungi_k; o__Fungi_k; f__Fungi_k; g__Fungi_k; s__Fungi_k	0.9999999999999936	k__Fungi	Fungi	Fungi_k	Fungi_k	Fungi_k	Fungi_k	Fungi_k	Fungi_k	NR_130667	129132	1.98e-80	295.0	100.0	100	163	False	candidate_available	Eukaryota	Basidiomycota	Tremellomycetes	Trichosporonales	Trichosporonaceae	Cutaneotrichosporon	Cutaneotrichosporon_dermatis	NR_073246	Cutaneotrichosporon_mucoides	8.410000000000001e-79	290.0	99.387	100	163	0.9999999999999936	False	False	species_missing_top1_rescue	99.0	99.0	1e-10	True	False	Fungi	Basidiomycota	Tremellomycetes	Trichosporonales	Trichosporonaceae	Cutaneotrichosporon	Cutaneotrichosporon_dermatis	k__Fungi; p__Basidiomycota; c__Tremellomycetes; o__Trichosporonales; f__Trichosporonaceae; g__Cutaneotrichosporon; s__Cutaneotrichosporon_dermatis	blast_top1_species_rescued_missing_qiime_species	QIIME/UNITE species was missing or placeholder-like and BLAST top1 species passed high-confidence cutoffs.
d41474f8e49115abf6f296e3fee6b8b1	k__Fungi; p__Ascomycota; c__Eurotiomycetes; o__Eurotiales; f__Aspergillaceae; g__Aspergillus; s__Aspergillus_g	0.7260702272234395	k__Fungi;p__Ascomycota;c__Eurotiomycetes;o__Eurotiales;f__Aspergillaceae;g__Aspergillus;s__Aspergillus_sp	Fungi	Ascomycota	Eurotiomycetes	Eurotiales	Aspergillaceae	Aspergillus	Aspergillus_g	NR_111348	5061	2.02e-80	296.0	99.398	100	166	True	candidate_available	Eukaryota	Ascomycota	Eurotiomycetes	Eurotiales	Aspergillaceae	Aspergillus	Aspergillus_niger	NR_137513	Aspergillus_welwitschiae	2.02e-80	296.0	99.398	100	166	0.7260702272234395	True	False	species_missing_top1_rescue	99.0	99.0	1e-10	True	True	Fungi	Ascomycota	Eurotiomycetes	Eurotiales	Aspergillaceae	Aspergillus	Aspergillus_niger	k__Fungi; p__Ascomycota; c__Eurotiomycetes; o__Eurotiales; f__Aspergillaceae; g__Aspergillus; s__Aspergillus_niger	blast_top1_species_rescued_ambiguous_missing_qiime_species	QIIME/UNITE species was missing or placeholder-like and BLAST top1 species passed cutoffs; top1 was used despite ambiguous top-hit conflict.
88bfe70998cfd35a12a909620792688a	k__Fungi; p__Ascomycota; c__Ascomycota_p; o__Ascomycota_p; f__Ascomycota_p; g__Ascomycota_p; s__Ascomycota_p	0.8202503317094223	k__Fungi;p__Ascomycota	Fungi	Ascomycota	Ascomycota_p	Ascomycota_p	Ascomycota_p	Ascomycota_p	Ascomycota_p	NR_077145	5076	1.98e-80	295.0	100.0	100	163	True	candidate_available	Eukaryota	Ascomycota	Eurotiomycetes	Eurotiales	Aspergillaceae	Penicillium	Penicillium_chrysogenum	NR_103695	Penicillium_flavigenum	1.98e-80	295.0	100.0	100	163	0.8202503317094223	False	False	species_missing_top1_rescue	99.0	99.0	1e-10	True	False	Fungi	Ascomycota	Eurotiomycetes	Eurotiales	Aspergillaceae	Penicillium	Penicillium_chrysogenum	k__Fungi; p__Ascomycota; c__Eurotiomycetes; o__Eurotiales; f__Aspergillaceae; g__Penicillium; s__Penicillium_chrysogenum	blast_top1_species_rescued_ambiguous_missing_qiime_species	QIIME/UNITE species was missing or placeholder-like and BLAST top1 species passed cutoffs; top1 was used despite ambiguous top-hit conflict.
cf9ccf0ca27f56fd87e0d496ea54b7a2	k__Fungi; p__Fungi_k; c__Fungi_k; o__Fungi_k; f__Fungi_k; g__Fungi_k; s__Fungi_k	0.9999999999999963	k__Fungi	Fungi	Fungi_k	Fungi_k	Fungi_k	Fungi_k	Fungi_k	Fungi_k	NR_130682	5207	7.47e-93	336.0	100.0	100	186	False	candidate_available	Eukaryota	Basidiomycota	Tremellomycetes	Tremellales	Cryptococcaceae	Cryptococcus	Cryptococcus_neoformans	NR_165941	Cryptococcus_gattii	3.17e-91	332.0	99.462	100	186	0.9999999999999963	False	False	species_missing_top1_rescue	99.0	99.0	1e-10	True	False	Fungi	Basidiomycota	Tremellomycetes	Tremellales	Cryptococcaceae	Cryptococcus	Cryptococcus_neoformans	k__Fungi; p__Basidiomycota; c__Tremellomycetes; o__Tremellales; f__Cryptococcaceae; g__Cryptococcus; s__Cryptococcus_neoformans	blast_top1_species_rescued_missing_qiime_species	QIIME/UNITE species was missing or placeholder-like and BLAST top1 species passed high-confidence cutoffs.
ebd61c5d3dace237f7a2a5bfb8d391ab	k__Fungi; p__Fungi_k; c__Fungi_k; o__Fungi_k; f__Fungi_k; g__Fungi_k; s__Fungi_k	0.9999999999999907	k__Fungi	Fungi	Fungi_k	Fungi_k	Fungi_k	Fungi_k	Fungi_k	Fungi_k	NR_130691	5478	4.29e-116	414.0	100.0	100	229	False	candidate_available	Eukaryota	Ascomycota	Saccharomycetes	Saccharomycetales	Saccharomycetaceae	Nakaseomyces	Nakaseomyces_glabratus								0.9999999999999907	False	False	species_missing_top1_rescue	99.0	99.0	1e-10	True	False	Fungi	Ascomycota	Saccharomycetes	Saccharomycetales	Saccharomycetaceae	Nakaseomyces	Nakaseomyces_glabratus	k__Fungi; p__Ascomycota; c__Saccharomycetes; o__Saccharomycetales; f__Saccharomycetaceae; g__Nakaseomyces; s__Nakaseomyces_glabratus	blast_top1_species_rescued_missing_qiime_species	QIIME/UNITE species was missing or placeholder-like and BLAST top1 species passed high-confidence cutoffs.
915c63e977ee6d732c5eb8192795f959	k__Fungi; p__Fungi_k; c__Fungi_k; o__Fungi_k; f__Fungi_k; g__Fungi_k; s__Fungi_k	1.000000000000001	k__Fungi	Fungi	Fungi_k	Fungi_k	Fungi_k	Fungi_k	Fungi_k	Fungi_k	NR_111355	114524	1.02e-117	419.0	100.0	100	232	True	candidate_available	Eukaryota	Ascomycota	Saccharomycetes	Saccharomycetales	Saccharomycetaceae	Saccharomyces	Saccharomyces_kudriavzevii	NR_138272	Saccharomyces_paradoxus	1.02e-117	419.0	100.0	100	232	1.000000000000001	False	False	species_missing_top1_rescue	99.0	99.0	1e-10	True	False	Fungi	Ascomycota	Saccharomycetes	Saccharomycetales	Saccharomycetaceae	Saccharomyces	Saccharomyces_kudriavzevii	k__Fungi; p__Ascomycota; c__Saccharomycetes; o__Saccharomycetales; f__Saccharomycetaceae; g__Saccharomyces; s__Saccharomyces_kudriavzevii	blast_top1_species_rescued_ambiguous_missing_qiime_species	QIIME/UNITE species was missing or placeholder-like and BLAST top1 species passed cutoffs; top1 was used despite ambiguous top-hit conflict.
53c9feac786c2fec525605f3db4ae987	k__Fungi; p__Ascomycota; c__Ascomycota_p; o__Ascomycota_p; f__Ascomycota_p; g__Ascomycota_p; s__Ascomycota_p	0.8024316838428865	k__Fungi;p__Ascomycota	Fungi	Ascomycota	Ascomycota_p	Ascomycota_p	Ascomycota_p	Ascomycota_p	Ascomycota_p	NR_077145	5076	1.98e-80	295.0	100.0	100	163	True	candidate_available	Eukaryota	Ascomycota	Eurotiomycetes	Eurotiales	Aspergillaceae	Penicillium	Penicillium_chrysogenum	NR_103695	Penicillium_flavigenum	1.98e-80	295.0	100.0	100	163	0.8024316838428865	False	False	species_missing_top1_rescue	99.0	99.0	1e-10	True	False	Fungi	Ascomycota	Eurotiomycetes	Eurotiales	Aspergillaceae	Penicillium	Penicillium_chrysogenum	k__Fungi; p__Ascomycota; c__Eurotiomycetes; o__Eurotiales; f__Aspergillaceae; g__Penicillium; s__Penicillium_chrysogenum	blast_top1_species_rescued_ambiguous_missing_qiime_species	QIIME/UNITE species was missing or placeholder-like and BLAST top1 species passed cutoffs; top1 was used despite ambiguous top-hit conflict.
2ce0943ee52455e0ef499cf2ef2d4e04	k__Fungi; p__Ascomycota; c__Ascomycota_p; o__Ascomycota_p; f__Ascomycota_p; g__Ascomycota_p; s__Ascomycota_p	0.7952260512069517	k__Fungi;p__Ascomycota	Fungi	Ascomycota	Ascomycota_p	Ascomycota_p	Ascomycota_p	Ascomycota_p	Ascomycota_p	NR_077145	5076	8.410000000000001e-79	290.0	99.387	100	163	True	candidate_available	Eukaryota	Ascomycota	Eurotiomycetes	Eurotiales	Aspergillaceae	Penicillium	Penicillium_chrysogenum	NR_103695	Penicillium_flavigenum	8.410000000000001e-79	290.0	99.387	100	163	0.7952260512069517	False	False	species_missing_top1_rescue	99.0	99.0	1e-10	True	False	Fungi	Ascomycota	Eurotiomycetes	Eurotiales	Aspergillaceae	Penicillium	Penicillium_chrysogenum	k__Fungi; p__Ascomycota; c__Eurotiomycetes; o__Eurotiales; f__Aspergillaceae; g__Penicillium; s__Penicillium_chrysogenum	blast_top1_species_rescued_ambiguous_missing_qiime_species	QIIME/UNITE species was missing or placeholder-like and BLAST top1 species passed cutoffs; top1 was used despite ambiguous top-hit conflict.
19589d9adc9d312e7f28d4bddc000468	k__Fungi; p__Ascomycota; c__Ascomycota_p; o__Ascomycota_p; f__Ascomycota_p; g__Ascomycota_p; s__Ascomycota_p	0.8126682387965494	k__Fungi;p__Ascomycota	Fungi	Ascomycota	Ascomycota_p	Ascomycota_p	Ascomycota_p	Ascomycota_p	Ascomycota_p	NR_077145	5076	5.71e-81	297.0	100.0	100	164	True	candidate_available	Eukaryota	Ascomycota	Eurotiomycetes	Eurotiales	Aspergillaceae	Penicillium	Penicillium_chrysogenum	NR_103695	Penicillium_flavigenum	5.71e-81	297.0	100.0	100	164	0.8126682387965494	False	False	species_missing_top1_rescue	99.0	99.0	1e-10	True	False	Fungi	Ascomycota	Eurotiomycetes	Eurotiales	Aspergillaceae	Penicillium	Penicillium_chrysogenum	k__Fungi; p__Ascomycota; c__Eurotiomycetes; o__Eurotiales; f__Aspergillaceae; g__Penicillium; s__Penicillium_chrysogenum	blast_top1_species_rescued_ambiguous_missing_qiime_species	QIIME/UNITE species was missing or placeholder-like and BLAST top1 species passed cutoffs; top1 was used despite ambiguous top-hit conflict.
1f2562bcd89888cd5dc1ecfc90af6ca5	k__Fungi; p__Ascomycota; c__Dothideomycetes; o__Pleosporales; f__Phaeosphaeriaceae; g__Paraphoma; s__Paraphoma_g	0.9029203579984378	k__Fungi;p__Ascomycota;c__Dothideomycetes;o__Pleosporales;f__Phaeosphaeriaceae;g__Paraphoma	Fungi	Ascomycota	Dothideomycetes	Pleosporales	Phaeosphaeriaceae	Paraphoma	Paraphoma_g	NR_175033	798071	2.15e-66	249.0	99.286	100	140	False	candidate_available	Eukaryota	Ascomycota	Dothideomycetes	Pleosporales	Phaeosphaeriaceae	Paraphoma	Paraphoma_chrysanthemicola								0.9029203579984378	True	False	species_missing_top1_rescue	99.0	99.0	1e-10	True	True	Fungi	Ascomycota	Dothideomycetes	Pleosporales	Phaeosphaeriaceae	Paraphoma	Paraphoma_chrysanthemicola	k__Fungi; p__Ascomycota; c__Dothideomycetes; o__Pleosporales; f__Phaeosphaeriaceae; g__Paraphoma; s__Paraphoma_chrysanthemicola	blast_top1_species_rescued_missing_qiime_species	QIIME/UNITE species was missing or placeholder-like and BLAST top1 species passed high-confidence cutoffs.
61126afa4733fbaeff0e31a74c4e98ba	k__Fungi; p__Ascomycota; c__Ascomycota_p; o__Ascomycota_p; f__Ascomycota_p; g__Ascomycota_p; s__Ascomycota_p	0.999999886271515	k__Fungi;p__Ascomycota	Fungi	Ascomycota	Ascomycota_p	Ascomycota_p	Ascomycota_p	Ascomycota_p	Ascomycota_p	NR_163754	2562765	2.05e-73	271.0	100.0	100	150	True	candidate_available	Eukaryota	Ascomycota	Sordariomycetes	Hypocreales	Nectriaceae	Fusarium	Fusarium_pernambucanum	NR_164594	Fusarium_luffae	2.05e-73	271.0	100.0	100	150	0.999999886271515	False	False	species_missing_top1_rescue	99.0	99.0	1e-10	True	False	Fungi	Ascomycota	Sordariomycetes	Hypocreales	Nectriaceae	Fusarium	Fusarium_pernambucanum	k__Fungi; p__Ascomycota; c__Sordariomycetes; o__Hypocreales; f__Nectriaceae; g__Fusarium; s__Fusarium_pernambucanum	blast_top1_species_rescued_ambiguous_missing_qiime_species	QIIME/UNITE species was missing or placeholder-like and BLAST top1 species passed cutoffs; top1 was used despite ambiguous top-hit conflict.
61ac22dac6fb3801dc5ea4a2a0f37828	k__Fungi; p__Basidiomycota; c__Agaricomycetes; o__Agaricales; f__Pleurotaceae; g__Pleurotus; s__Pleurotus_g	0.9999863739363296	k__Fungi;p__Basidiomycota;c__Agaricomycetes;o__Agaricales;f__Pleurotaceae;g__Pleurotus	Fungi	Basidiomycota	Agaricomycetes	Agaricales	Pleurotaceae	Pleurotus	Pleurotus_g	NR_163515	5322	3.01e-98	355.0	99.497	100	199	False	candidate_available	Eukaryota	Basidiomycota	Agaricomycetes	Agaricales	Pleurotaceae	Pleurotus	Pleurotus_ostreatus								0.9999863739363296	True	False	species_missing_top1_rescue	99.0	99.0	1e-10	True	True	Fungi	Basidiomycota	Agaricomycetes	Agaricales	Pleurotaceae	Pleurotus	Pleurotus_ostreatus	k__Fungi; p__Basidiomycota; c__Agaricomycetes; o__Agaricales; f__Pleurotaceae; g__Pleurotus; s__Pleurotus_ostreatus	blast_top1_species_rescued_missing_qiime_species	QIIME/UNITE species was missing or placeholder-like and BLAST top1 species passed high-confidence cutoffs.
7b0c2826eb7474c7abe104a585597010	k__Fungi; p__Ascomycota; c__Sordariomycetes; o__Diaporthales; f__Gnomoniaceae; g__Ophiognomonia; s__Ophiognomonia_g	0.9413989116858618	k__Fungi;p__Ascomycota;c__Sordariomycetes;o__Diaporthales;f__Gnomoniaceae;g__Ophiognomonia	Fungi	Ascomycota	Sordariomycetes	Diaporthales	Gnomoniaceae	Ophiognomonia	Ophiognomonia_g	NR_119677	1150118	1.48e-75	279.0	99.363	99	157	True	candidate_available	Eukaryota	Ascomycota	Sordariomycetes	Diaporthales	Gnomoniaceae	Ophiognomonia	Ophiognomonia_pseudoischnostyla	NR_120057	Ophiognomonia_asiatica	1.48e-75	279.0	99.363	99	157	0.9413989116858618	True	False	species_missing_top1_rescue	99.0	99.0	1e-10	True	True	Fungi	Ascomycota	Sordariomycetes	Diaporthales	Gnomoniaceae	Ophiognomonia	Ophiognomonia_pseudoischnostyla	k__Fungi; p__Ascomycota; c__Sordariomycetes; o__Diaporthales; f__Gnomoniaceae; g__Ophiognomonia; s__Ophiognomonia_pseudoischnostyla	blast_top1_species_rescued_ambiguous_missing_qiime_species	QIIME/UNITE species was missing or placeholder-like and BLAST top1 species passed cutoffs; top1 was used despite ambiguous top-hit conflict.
ed1c2120a1da64cd9a0b5ea27488f1cd	k__Fungi; p__Ascomycota; c__Dothideomycetes; o__Pleosporales; f__Phaeosphaeriaceae; g__Paraphoma; s__Paraphoma_g	0.7824991872972642	k__Fungi;p__Ascomycota;c__Dothideomycetes;o__Pleosporales;f__Phaeosphaeriaceae;g__Paraphoma;s__Paraphoma_sp	Fungi	Ascomycota	Dothideomycetes	Pleosporales	Phaeosphaeriaceae	Paraphoma	Paraphoma_g	NR_154344	2024343	2.15e-66	249.0	99.286	100	140	False	candidate_available	Eukaryota	Ascomycota	Dothideomycetes	Pleosporales	Phaeosphaeriaceae	Paraphoma	Paraphoma_pye								0.7824991872972642	True	False	species_missing_top1_rescue	99.0	99.0	1e-10	True	True	Fungi	Ascomycota	Dothideomycetes	Pleosporales	Phaeosphaeriaceae	Paraphoma	Paraphoma_pye	k__Fungi; p__Ascomycota; c__Dothideomycetes; o__Pleosporales; f__Phaeosphaeriaceae; g__Paraphoma; s__Paraphoma_pye	blast_top1_species_rescued_missing_qiime_species	QIIME/UNITE species was missing or placeholder-like and BLAST top1 species passed high-confidence cutoffs.
dcc55e98f520f9d97db040a6f18089ed	k__Fungi; p__Ascomycota; c__Dothideomycetes; o__Mycosphaerellales; f__Mycosphaerellaceae; g__Ramularia; s__Ramularia_g	0.9956637569801152	k__Fungi;p__Ascomycota;c__Dothideomycetes;o__Mycosphaerellales;f__Mycosphaerellaceae;g__Ramularia	Fungi	Ascomycota	Dothideomycetes	Mycosphaerellales	Mycosphaerellaceae	Ramularia	Ramularia_g	NR_145121	445188	4.23e-69	257.0	100.0	100	142	False	candidate_available	Eukaryota	Ascomycota	Dothideomycetes	Mycosphaerellales	Mycosphaerellaceae	Ramularia	Ramularia_eucalypti	NR_154912	Ramularia_plurivora	1.8e-67	252.0	99.296	100	142	0.9956637569801152	True	False	species_missing_top1_rescue	99.0	99.0	1e-10	True	True	Fungi	Ascomycota	Dothideomycetes	Mycosphaerellales	Mycosphaerellaceae	Ramularia	Ramularia_eucalypti	k__Fungi; p__Ascomycota; c__Dothideomycetes; o__Mycosphaerellales; f__Mycosphaerellaceae; g__Ramularia; s__Ramularia_eucalypti	blast_top1_species_rescued_missing_qiime_species	QIIME/UNITE species was missing or placeholder-like and BLAST top1 species passed high-confidence cutoffs.
a8471a97a89292ee71b9e346420d69e1	k__Fungi; p__Ascomycota; c__Dothideomycetes; o__Pleosporales; f__Pleosporaceae; g__Alternaria; s__Alternaria_g	0.9999837748718365	k__Fungi;p__Ascomycota;c__Dothideomycetes;o__Pleosporales;f__Pleosporaceae;g__Alternaria	Fungi	Ascomycota	Dothideomycetes	Pleosporales	Pleosporaceae	Alternaria	Alternaria_g	NR_136120	1579462	4.2e-76	281.0	99.367	100	158	True	candidate_available	Eukaryota	Ascomycota	Dothideomycetes	Pleosporales	Pleosporaceae	Alternaria	Alternaria_iridiaustralis	NR_137143	Alternaria_destruens	4.2e-76	281.0	99.367	100	158	0.9999837748718365	True	False	species_missing_top1_rescue	99.0	99.0	1e-10	True	True	Fungi	Ascomycota	Dothideomycetes	Pleosporales	Pleosporaceae	Alternaria	Alternaria_iridiaustralis	k__Fungi; p__Ascomycota; c__Dothideomycetes; o__Pleosporales; f__Pleosporaceae; g__Alternaria; s__Alternaria_iridiaustralis	blast_top1_species_rescued_ambiguous_missing_qiime_species	QIIME/UNITE species was missing or placeholder-like and BLAST top1 species passed cutoffs; top1 was used despite ambiguous top-hit conflict.
6a0e3aee96bfc2772cd53575935a9820	k__Fungi; p__Ascomycota; c__Dothideomycetes; o__Pleosporales; f__Pleosporaceae; g__Alternaria; s__Alternaria_g	0.9999971630095169	k__Fungi;p__Ascomycota;c__Dothideomycetes;o__Pleosporales;f__Pleosporaceae;g__Alternaria	Fungi	Ascomycota	Dothideomycetes	Pleosporales	Pleosporaceae	Alternaria	Alternaria_g	NR_137143	230003	9.88e-78	286.0	100.0	100	158	True	candidate_available	Eukaryota	Ascomycota	Dothideomycetes	Pleosporales	Pleosporaceae	Alternaria	Alternaria_destruens	NR_158361	Alternaria_doliconidium	9.88e-78	286.0	100.0	100	158	0.9999971630095169	True	False	species_missing_top1_rescue	99.0	99.0	1e-10	True	True	Fungi	Ascomycota	Dothideomycetes	Pleosporales	Pleosporaceae	Alternaria	Alternaria_destruens	k__Fungi; p__Ascomycota; c__Dothideomycetes; o__Pleosporales; f__Pleosporaceae; g__Alternaria; s__Alternaria_destruens	blast_top1_species_rescued_ambiguous_missing_qiime_species	QIIME/UNITE species was missing or placeholder-like and BLAST top1 species passed cutoffs; top1 was used despite ambiguous top-hit conflict.
257c7dbafd43e052b6ff952661ed50db	k__Fungi; p__Basidiomycota; c__Agaricomycetes; o__Polyporales; f__Polyporaceae; g__Trametes; s__Trametes_g	0.9897900485369598	k__Fungi;p__Basidiomycota;c__Agaricomycetes;o__Polyporales;f__Polyporaceae;g__Trametes	Fungi	Basidiomycota	Agaricomycetes	Polyporales	Polyporaceae	Trametes	Trametes_g	NR_154494	5325	1.49e-95	345.0	100.0	100	191	False	candidate_available	Eukaryota	Basidiomycota	Agaricomycetes	Polyporales	Polyporaceae	Trametes	Trametes_versicolor								0.9897900485369598	True	False	species_missing_top1_rescue	99.0	99.0	1e-10	True	True	Fungi	Basidiomycota	Agaricomycetes	Polyporales	Polyporaceae	Trametes	Trametes_versicolor	k__Fungi; p__Basidiomycota; c__Agaricomycetes; o__Polyporales; f__Polyporaceae; g__Trametes; s__Trametes_versicolor	blast_top1_species_rescued_missing_qiime_species	QIIME/UNITE species was missing or placeholder-like and BLAST top1 species passed high-confidence cutoffs.
c89bc141df239be15bf707bdd443fa11	k__Fungi; p__Ascomycota; c__Dothideomycetes; o__Mycosphaerellales; f__Dissoconiaceae; g__Dissoconium; s__Dissoconium_g	0.9999949965475331	k__Fungi;p__Ascomycota;c__Dothideomycetes;o__Mycosphaerellales;f__Dissoconiaceae;g__Dissoconium	Fungi	Ascomycota	Dothideomycetes	Mycosphaerellales	Dissoconiaceae	Dissoconium	Dissoconium_g	NR_119631	445179	1.19e-76	282.0	100.0	100	156	True	candidate_available	Eukaryota	Ascomycota	Dothideomycetes	Mycosphaerellales	Dissoconiaceae	Dissoconium	Dissoconium_eucalypti	NR_166556	Dissoconium_nelumbonis	1.19e-76	282.0	100.0	100	156	0.9999949965475331	True	False	species_missing_top1_rescue	99.0	99.0	1e-10	True	True	Fungi	Ascomycota	Dothideomycetes	Mycosphaerellales	Dissoconiaceae	Dissoconium	Dissoconium_eucalypti	k__Fungi; p__Ascomycota; c__Dothideomycetes; o__Mycosphaerellales; f__Dissoconiaceae; g__Dissoconium; s__Dissoconium_eucalypti	blast_top1_species_rescued_ambiguous_missing_qiime_species	QIIME/UNITE species was missing or placeholder-like and BLAST top1 species passed cutoffs; top1 was used despite ambiguous top-hit conflict.
