run_id	sample_id	Xaxis	DNA_kit	replicate	matrix_type	taxonomy_method	BLAST	Trimm	Paired	Species2	relative_abundance
fig4_q30_PE_cutadapt_unite_blast_top1_rescue	1D	fig4_q30_PE_cutadapt_unite_blast_top1_rescue_1D	DNeasy	1	mock_only	CustomDB BLAST	CustomDB_BLAST	Cutadapt	PE	Aspergillus_fumigatus	0.0333697351765903
fig4_q30_PE_cutadapt_unite_blast_top1_rescue	1D	fig4_q30_PE_cutadapt_unite_blast_top1_rescue_1D	DNeasy	1	mock_only	CustomDB BLAST	CustomDB_BLAST	Cutadapt	PE	Candida_albicans	0.28955598024372686
fig4_q30_PE_cutadapt_unite_blast_top1_rescue	1D	fig4_q30_PE_cutadapt_unite_blast_top1_rescue_1D	DNeasy	1	mock_only	CustomDB BLAST	CustomDB_BLAST	Cutadapt	PE	Cryptococcus_neoformans	0.1393239184929637
fig4_q30_PE_cutadapt_unite_blast_top1_rescue	1D	fig4_q30_PE_cutadapt_unite_blast_top1_rescue_1D	DNeasy	1	mock_only	CustomDB BLAST	CustomDB_BLAST	Cutadapt	PE	Cutaneotrichosporon_dermatis	0.2359584026209327
fig4_q30_PE_cutadapt_unite_blast_top1_rescue	1D	fig4_q30_PE_cutadapt_unite_blast_top1_rescue_1D	DNeasy	1	mock_only	CustomDB BLAST	CustomDB_BLAST	Cutadapt	PE	Fusarium_keratoplasticum	0.0020600134024968356
fig4_q30_PE_cutadapt_unite_blast_top1_rescue	1D	fig4_q30_PE_cutadapt_unite_blast_top1_rescue_1D	DNeasy	1	mock_only	CustomDB BLAST	CustomDB_BLAST	Cutadapt	PE	Malassezia_globosa	0
fig4_q30_PE_cutadapt_unite_blast_top1_rescue	1D	fig4_q30_PE_cutadapt_unite_blast_top1_rescue_1D	DNeasy	1	mock_only	CustomDB BLAST	CustomDB_BLAST	Cutadapt	PE	Nakaseomyces_glabratus	0.10848576605197191
fig4_q30_PE_cutadapt_unite_blast_top1_rescue	1D	fig4_q30_PE_cutadapt_unite_blast_top1_rescue_1D	DNeasy	1	mock_only	CustomDB BLAST	CustomDB_BLAST	Cutadapt	PE	Penicillium_chrysogenum	0.12556153979796977
fig4_q30_PE_cutadapt_unite_blast_top1_rescue	1D	fig4_q30_PE_cutadapt_unite_blast_top1_rescue_1D	DNeasy	1	mock_only	CustomDB BLAST	CustomDB_BLAST	Cutadapt	PE	Saccharomyces_cerevisiae	0.06072075649648805
fig4_q30_PE_cutadapt_unite_blast_top1_rescue	1D	fig4_q30_PE_cutadapt_unite_blast_top1_rescue_1D	DNeasy	1	mock_only	CustomDB BLAST	CustomDB_BLAST	Cutadapt	PE	Trichophyton_interdigitale	0.004963887716859844
fig4_q30_PE_cutadapt_unite_blast_top1_rescue	1Q	fig4_q30_PE_cutadapt_unite_blast_top1_rescue_1Q	QIAamp	1	mock_only	CustomDB BLAST	CustomDB_BLAST	Cutadapt	PE	Aspergillus_fumigatus	0.030158448717742065
fig4_q30_PE_cutadapt_unite_blast_top1_rescue	1Q	fig4_q30_PE_cutadapt_unite_blast_top1_rescue_1Q	QIAamp	1	mock_only	CustomDB BLAST	CustomDB_BLAST	Cutadapt	PE	Candida_albicans	0.2896968036235271
fig4_q30_PE_cutadapt_unite_blast_top1_rescue	1Q	fig4_q30_PE_cutadapt_unite_blast_top1_rescue_1Q	QIAamp	1	mock_only	CustomDB BLAST	CustomDB_BLAST	Cutadapt	PE	Cryptococcus_neoformans	0.1622527764793114
fig4_q30_PE_cutadapt_unite_blast_top1_rescue	1Q	fig4_q30_PE_cutadapt_unite_blast_top1_rescue_1Q	QIAamp	1	mock_only	CustomDB BLAST	CustomDB_BLAST	Cutadapt	PE	Cutaneotrichosporon_dermatis	0.2290655877754316
fig4_q30_PE_cutadapt_unite_blast_top1_rescue	1Q	fig4_q30_PE_cutadapt_unite_blast_top1_rescue_1Q	QIAamp	1	mock_only	CustomDB BLAST	CustomDB_BLAST	Cutadapt	PE	Fusarium_keratoplasticum	0.0018214349038508035
fig4_q30_PE_cutadapt_unite_blast_top1_rescue	1Q	fig4_q30_PE_cutadapt_unite_blast_top1_rescue_1Q	QIAamp	1	mock_only	CustomDB BLAST	CustomDB_BLAST	Cutadapt	PE	Malassezia_globosa	0
fig4_q30_PE_cutadapt_unite_blast_top1_rescue	1Q	fig4_q30_PE_cutadapt_unite_blast_top1_rescue_1Q	QIAamp	1	mock_only	CustomDB BLAST	CustomDB_BLAST	Cutadapt	PE	Nakaseomyces_glabratus	0.1191347378262061
fig4_q30_PE_cutadapt_unite_blast_top1_rescue	1Q	fig4_q30_PE_cutadapt_unite_blast_top1_rescue_1Q	QIAamp	1	mock_only	CustomDB BLAST	CustomDB_BLAST	Cutadapt	PE	Penicillium_chrysogenum	0.11936846177404536
fig4_q30_PE_cutadapt_unite_blast_top1_rescue	1Q	fig4_q30_PE_cutadapt_unite_blast_top1_rescue_1Q	QIAamp	1	mock_only	CustomDB BLAST	CustomDB_BLAST	Cutadapt	PE	Saccharomyces_cerevisiae	0.043593545995261045
fig4_q30_PE_cutadapt_unite_blast_top1_rescue	1Q	fig4_q30_PE_cutadapt_unite_blast_top1_rescue_1Q	QIAamp	1	mock_only	CustomDB BLAST	CustomDB_BLAST	Cutadapt	PE	Trichophyton_interdigitale	0.00490820290462451
fig4_q30_PE_cutadapt_unite_blast_top1_rescue	1Z	fig4_q30_PE_cutadapt_unite_blast_top1_rescue_1Z	Zymo	1	mock_only	CustomDB BLAST	CustomDB_BLAST	Cutadapt	PE	Aspergillus_fumigatus	0.030512582875882228
fig4_q30_PE_cutadapt_unite_blast_top1_rescue	1Z	fig4_q30_PE_cutadapt_unite_blast_top1_rescue_1Z	Zymo	1	mock_only	CustomDB BLAST	CustomDB_BLAST	Cutadapt	PE	Candida_albicans	0.290867612461681
fig4_q30_PE_cutadapt_unite_blast_top1_rescue	1Z	fig4_q30_PE_cutadapt_unite_blast_top1_rescue_1Z	Zymo	1	mock_only	CustomDB BLAST	CustomDB_BLAST	Cutadapt	PE	Cryptococcus_neoformans	0.13498966279318458
fig4_q30_PE_cutadapt_unite_blast_top1_rescue	1Z	fig4_q30_PE_cutadapt_unite_blast_top1_rescue_1Z	Zymo	1	mock_only	CustomDB BLAST	CustomDB_BLAST	Cutadapt	PE	Cutaneotrichosporon_dermatis	0.27240322235688313
fig4_q30_PE_cutadapt_unite_blast_top1_rescue	1Z	fig4_q30_PE_cutadapt_unite_blast_top1_rescue_1Z	Zymo	1	mock_only	CustomDB BLAST	CustomDB_BLAST	Cutadapt	PE	Fusarium_keratoplasticum	0.0014495853235426915
fig4_q30_PE_cutadapt_unite_blast_top1_rescue	1Z	fig4_q30_PE_cutadapt_unite_blast_top1_rescue_1Z	Zymo	1	mock_only	CustomDB BLAST	CustomDB_BLAST	Cutadapt	PE	Malassezia_globosa	5.940923457142178e-5
fig4_q30_PE_cutadapt_unite_blast_top1_rescue	1Z	fig4_q30_PE_cutadapt_unite_blast_top1_rescue_1Z	Zymo	1	mock_only	CustomDB BLAST	CustomDB_BLAST	Cutadapt	PE	Nakaseomyces_glabratus	0.09172785817827524
fig4_q30_PE_cutadapt_unite_blast_top1_rescue	1Z	fig4_q30_PE_cutadapt_unite_blast_top1_rescue_1Z	Zymo	1	mock_only	CustomDB BLAST	CustomDB_BLAST	Cutadapt	PE	Penicillium_chrysogenum	0.12826453743969962
fig4_q30_PE_cutadapt_unite_blast_top1_rescue	1Z	fig4_q30_PE_cutadapt_unite_blast_top1_rescue_1Z	Zymo	1	mock_only	CustomDB BLAST	CustomDB_BLAST	Cutadapt	PE	Saccharomyces_cerevisiae	0.045174781968109125
fig4_q30_PE_cutadapt_unite_blast_top1_rescue	1Z	fig4_q30_PE_cutadapt_unite_blast_top1_rescue_1Z	Zymo	1	mock_only	CustomDB BLAST	CustomDB_BLAST	Cutadapt	PE	Trichophyton_interdigitale	0.004550747368170909
fig4_q30_PE_cutadapt_unite_blast_top1_rescue	2D	fig4_q30_PE_cutadapt_unite_blast_top1_rescue_2D	DNeasy	2	mock_only	CustomDB BLAST	CustomDB_BLAST	Cutadapt	PE	Aspergillus_fumigatus	0.02739021734747369
fig4_q30_PE_cutadapt_unite_blast_top1_rescue	2D	fig4_q30_PE_cutadapt_unite_blast_top1_rescue_2D	DNeasy	2	mock_only	CustomDB BLAST	CustomDB_BLAST	Cutadapt	PE	Candida_albicans	0.3089741521835558
fig4_q30_PE_cutadapt_unite_blast_top1_rescue	2D	fig4_q30_PE_cutadapt_unite_blast_top1_rescue_2D	DNeasy	2	mock_only	CustomDB BLAST	CustomDB_BLAST	Cutadapt	PE	Cryptococcus_neoformans	0.14553006169603613
fig4_q30_PE_cutadapt_unite_blast_top1_rescue	2D	fig4_q30_PE_cutadapt_unite_blast_top1_rescue_2D	DNeasy	2	mock_only	CustomDB BLAST	CustomDB_BLAST	Cutadapt	PE	Cutaneotrichosporon_dermatis	0.23264042904955845
fig4_q30_PE_cutadapt_unite_blast_top1_rescue	2D	fig4_q30_PE_cutadapt_unite_blast_top1_rescue_2D	DNeasy	2	mock_only	CustomDB BLAST	CustomDB_BLAST	Cutadapt	PE	Fusarium_keratoplasticum	0.0015121577482963022
fig4_q30_PE_cutadapt_unite_blast_top1_rescue	2D	fig4_q30_PE_cutadapt_unite_blast_top1_rescue_2D	DNeasy	2	mock_only	CustomDB BLAST	CustomDB_BLAST	Cutadapt	PE	Malassezia_globosa	0
fig4_q30_PE_cutadapt_unite_blast_top1_rescue	2D	fig4_q30_PE_cutadapt_unite_blast_top1_rescue_2D	DNeasy	2	mock_only	CustomDB BLAST	CustomDB_BLAST	Cutadapt	PE	Nakaseomyces_glabratus	0.108915682083955
fig4_q30_PE_cutadapt_unite_blast_top1_rescue	2D	fig4_q30_PE_cutadapt_unite_blast_top1_rescue_2D	DNeasy	2	mock_only	CustomDB BLAST	CustomDB_BLAST	Cutadapt	PE	Penicillium_chrysogenum	0.10411710149602807
fig4_q30_PE_cutadapt_unite_blast_top1_rescue	2D	fig4_q30_PE_cutadapt_unite_blast_top1_rescue_2D	DNeasy	2	mock_only	CustomDB BLAST	CustomDB_BLAST	Cutadapt	PE	Saccharomyces_cerevisiae	0.06696842614621558
fig4_q30_PE_cutadapt_unite_blast_top1_rescue	2D	fig4_q30_PE_cutadapt_unite_blast_top1_rescue_2D	DNeasy	2	mock_only	CustomDB BLAST	CustomDB_BLAST	Cutadapt	PE	Trichophyton_interdigitale	0.003951772248881004
fig4_q30_PE_cutadapt_unite_blast_top1_rescue	2Q	fig4_q30_PE_cutadapt_unite_blast_top1_rescue_2Q	QIAamp	2	mock_only	CustomDB BLAST	CustomDB_BLAST	Cutadapt	PE	Aspergillus_fumigatus	0.03218108561448408
fig4_q30_PE_cutadapt_unite_blast_top1_rescue	2Q	fig4_q30_PE_cutadapt_unite_blast_top1_rescue_2Q	QIAamp	2	mock_only	CustomDB BLAST	CustomDB_BLAST	Cutadapt	PE	Candida_albicans	0.28705320859776234
fig4_q30_PE_cutadapt_unite_blast_top1_rescue	2Q	fig4_q30_PE_cutadapt_unite_blast_top1_rescue_2Q	QIAamp	2	mock_only	CustomDB BLAST	CustomDB_BLAST	Cutadapt	PE	Cryptococcus_neoformans	0.16201213923809854
fig4_q30_PE_cutadapt_unite_blast_top1_rescue	2Q	fig4_q30_PE_cutadapt_unite_blast_top1_rescue_2Q	QIAamp	2	mock_only	CustomDB BLAST	CustomDB_BLAST	Cutadapt	PE	Cutaneotrichosporon_dermatis	0.22257863701603
fig4_q30_PE_cutadapt_unite_blast_top1_rescue	2Q	fig4_q30_PE_cutadapt_unite_blast_top1_rescue_2Q	QIAamp	2	mock_only	CustomDB BLAST	CustomDB_BLAST	Cutadapt	PE	Fusarium_keratoplasticum	0.002196129969392519
fig4_q30_PE_cutadapt_unite_blast_top1_rescue	2Q	fig4_q30_PE_cutadapt_unite_blast_top1_rescue_2Q	QIAamp	2	mock_only	CustomDB BLAST	CustomDB_BLAST	Cutadapt	PE	Malassezia_globosa	3.458472392744125e-5
fig4_q30_PE_cutadapt_unite_blast_top1_rescue	2Q	fig4_q30_PE_cutadapt_unite_blast_top1_rescue_2Q	QIAamp	2	mock_only	CustomDB BLAST	CustomDB_BLAST	Cutadapt	PE	Nakaseomyces_glabratus	0.11655916581645887
fig4_q30_PE_cutadapt_unite_blast_top1_rescue	2Q	fig4_q30_PE_cutadapt_unite_blast_top1_rescue_2Q	QIAamp	2	mock_only	CustomDB BLAST	CustomDB_BLAST	Cutadapt	PE	Penicillium_chrysogenum	0.12460011412958896
fig4_q30_PE_cutadapt_unite_blast_top1_rescue	2Q	fig4_q30_PE_cutadapt_unite_blast_top1_rescue_2Q	QIAamp	2	mock_only	CustomDB BLAST	CustomDB_BLAST	Cutadapt	PE	Saccharomyces_cerevisiae	0.047242732884884744
fig4_q30_PE_cutadapt_unite_blast_top1_rescue	2Q	fig4_q30_PE_cutadapt_unite_blast_top1_rescue_2Q	QIAamp	2	mock_only	CustomDB BLAST	CustomDB_BLAST	Cutadapt	PE	Trichophyton_interdigitale	0.00554220200937246
fig4_q30_PE_cutadapt_unite_blast_top1_rescue	2Z	fig4_q30_PE_cutadapt_unite_blast_top1_rescue_2Z	Zymo	2	mock_only	CustomDB BLAST	CustomDB_BLAST	Cutadapt	PE	Aspergillus_fumigatus	0.03312334252261507
fig4_q30_PE_cutadapt_unite_blast_top1_rescue	2Z	fig4_q30_PE_cutadapt_unite_blast_top1_rescue_2Z	Zymo	2	mock_only	CustomDB BLAST	CustomDB_BLAST	Cutadapt	PE	Candida_albicans	0.30121277554742615
fig4_q30_PE_cutadapt_unite_blast_top1_rescue	2Z	fig4_q30_PE_cutadapt_unite_blast_top1_rescue_2Z	Zymo	2	mock_only	CustomDB BLAST	CustomDB_BLAST	Cutadapt	PE	Cryptococcus_neoformans	0.14756658735233383
fig4_q30_PE_cutadapt_unite_blast_top1_rescue	2Z	fig4_q30_PE_cutadapt_unite_blast_top1_rescue_2Z	Zymo	2	mock_only	CustomDB BLAST	CustomDB_BLAST	Cutadapt	PE	Cutaneotrichosporon_dermatis	0.21530172639699793
fig4_q30_PE_cutadapt_unite_blast_top1_rescue	2Z	fig4_q30_PE_cutadapt_unite_blast_top1_rescue_2Z	Zymo	2	mock_only	CustomDB BLAST	CustomDB_BLAST	Cutadapt	PE	Fusarium_keratoplasticum	0.002012557520361422
fig4_q30_PE_cutadapt_unite_blast_top1_rescue	2Z	fig4_q30_PE_cutadapt_unite_blast_top1_rescue_2Z	Zymo	2	mock_only	CustomDB BLAST	CustomDB_BLAST	Cutadapt	PE	Malassezia_globosa	1.46748985859687e-4
fig4_q30_PE_cutadapt_unite_blast_top1_rescue	2Z	fig4_q30_PE_cutadapt_unite_blast_top1_rescue_2Z	Zymo	2	mock_only	CustomDB BLAST	CustomDB_BLAST	Cutadapt	PE	Nakaseomyces_glabratus	0.10248320248215427
fig4_q30_PE_cutadapt_unite_blast_top1_rescue	2Z	fig4_q30_PE_cutadapt_unite_blast_top1_rescue_2Z	Zymo	2	mock_only	CustomDB BLAST	CustomDB_BLAST	Cutadapt	PE	Penicillium_chrysogenum	0.13757717424345656
fig4_q30_PE_cutadapt_unite_blast_top1_rescue	2Z	fig4_q30_PE_cutadapt_unite_blast_top1_rescue_2Z	Zymo	2	mock_only	CustomDB BLAST	CustomDB_BLAST	Cutadapt	PE	Saccharomyces_cerevisiae	0.05504135176780118
fig4_q30_PE_cutadapt_unite_blast_top1_rescue	2Z	fig4_q30_PE_cutadapt_unite_blast_top1_rescue_2Z	Zymo	2	mock_only	CustomDB BLAST	CustomDB_BLAST	Cutadapt	PE	Trichophyton_interdigitale	0.00553453318099391
fig4_q30_PE_cutadapt_unite_blast_top1_rescue	3D	fig4_q30_PE_cutadapt_unite_blast_top1_rescue_3D	DNeasy	3	mock_only	CustomDB BLAST	CustomDB_BLAST	Cutadapt	PE	Aspergillus_fumigatus	0.03297284640134597
fig4_q30_PE_cutadapt_unite_blast_top1_rescue	3D	fig4_q30_PE_cutadapt_unite_blast_top1_rescue_3D	DNeasy	3	mock_only	CustomDB BLAST	CustomDB_BLAST	Cutadapt	PE	Candida_albicans	0.3006148802761324
fig4_q30_PE_cutadapt_unite_blast_top1_rescue	3D	fig4_q30_PE_cutadapt_unite_blast_top1_rescue_3D	DNeasy	3	mock_only	CustomDB BLAST	CustomDB_BLAST	Cutadapt	PE	Cryptococcus_neoformans	0.14746719626735585
fig4_q30_PE_cutadapt_unite_blast_top1_rescue	3D	fig4_q30_PE_cutadapt_unite_blast_top1_rescue_3D	DNeasy	3	mock_only	CustomDB BLAST	CustomDB_BLAST	Cutadapt	PE	Cutaneotrichosporon_dermatis	0.20762833132420408
fig4_q30_PE_cutadapt_unite_blast_top1_rescue	3D	fig4_q30_PE_cutadapt_unite_blast_top1_rescue_3D	DNeasy	3	mock_only	CustomDB BLAST	CustomDB_BLAST	Cutadapt	PE	Fusarium_keratoplasticum	0.002254850095831129
fig4_q30_PE_cutadapt_unite_blast_top1_rescue	3D	fig4_q30_PE_cutadapt_unite_blast_top1_rescue_3D	DNeasy	3	mock_only	CustomDB BLAST	CustomDB_BLAST	Cutadapt	PE	Malassezia_globosa	0
fig4_q30_PE_cutadapt_unite_blast_top1_rescue	3D	fig4_q30_PE_cutadapt_unite_blast_top1_rescue_3D	DNeasy	3	mock_only	CustomDB BLAST	CustomDB_BLAST	Cutadapt	PE	Nakaseomyces_glabratus	0.11380054983652337
fig4_q30_PE_cutadapt_unite_blast_top1_rescue	3D	fig4_q30_PE_cutadapt_unite_blast_top1_rescue_3D	DNeasy	3	mock_only	CustomDB BLAST	CustomDB_BLAST	Cutadapt	PE	Penicillium_chrysogenum	0.13143174308584907
fig4_q30_PE_cutadapt_unite_blast_top1_rescue	3D	fig4_q30_PE_cutadapt_unite_blast_top1_rescue_3D	DNeasy	3	mock_only	CustomDB BLAST	CustomDB_BLAST	Cutadapt	PE	Saccharomyces_cerevisiae	0.058452652484237734
fig4_q30_PE_cutadapt_unite_blast_top1_rescue	3D	fig4_q30_PE_cutadapt_unite_blast_top1_rescue_3D	DNeasy	3	mock_only	CustomDB BLAST	CustomDB_BLAST	Cutadapt	PE	Trichophyton_interdigitale	0.005376950228520385
fig4_q30_PE_cutadapt_unite_blast_top1_rescue	3Q	fig4_q30_PE_cutadapt_unite_blast_top1_rescue_3Q	QIAamp	3	mock_only	CustomDB BLAST	CustomDB_BLAST	Cutadapt	PE	Aspergillus_fumigatus	0.03238239845825912
fig4_q30_PE_cutadapt_unite_blast_top1_rescue	3Q	fig4_q30_PE_cutadapt_unite_blast_top1_rescue_3Q	QIAamp	3	mock_only	CustomDB BLAST	CustomDB_BLAST	Cutadapt	PE	Candida_albicans	0.30530168092582316
fig4_q30_PE_cutadapt_unite_blast_top1_rescue	3Q	fig4_q30_PE_cutadapt_unite_blast_top1_rescue_3Q	QIAamp	3	mock_only	CustomDB BLAST	CustomDB_BLAST	Cutadapt	PE	Cryptococcus_neoformans	0.15671445674073642
fig4_q30_PE_cutadapt_unite_blast_top1_rescue	3Q	fig4_q30_PE_cutadapt_unite_blast_top1_rescue_3Q	QIAamp	3	mock_only	CustomDB BLAST	CustomDB_BLAST	Cutadapt	PE	Cutaneotrichosporon_dermatis	0.2216836511227261
fig4_q30_PE_cutadapt_unite_blast_top1_rescue	3Q	fig4_q30_PE_cutadapt_unite_blast_top1_rescue_3Q	QIAamp	3	mock_only	CustomDB BLAST	CustomDB_BLAST	Cutadapt	PE	Fusarium_keratoplasticum	0.002423569947732648
fig4_q30_PE_cutadapt_unite_blast_top1_rescue	3Q	fig4_q30_PE_cutadapt_unite_blast_top1_rescue_3Q	QIAamp	3	mock_only	CustomDB BLAST	CustomDB_BLAST	Cutadapt	PE	Malassezia_globosa	1.9466425282993158e-5
fig4_q30_PE_cutadapt_unite_blast_top1_rescue	3Q	fig4_q30_PE_cutadapt_unite_blast_top1_rescue_3Q	QIAamp	3	mock_only	CustomDB BLAST	CustomDB_BLAST	Cutadapt	PE	Nakaseomyces_glabratus	0.11089049162457053
fig4_q30_PE_cutadapt_unite_blast_top1_rescue	3Q	fig4_q30_PE_cutadapt_unite_blast_top1_rescue_3Q	QIAamp	3	mock_only	CustomDB BLAST	CustomDB_BLAST	Cutadapt	PE	Penicillium_chrysogenum	0.12421525973077933
fig4_q30_PE_cutadapt_unite_blast_top1_rescue	3Q	fig4_q30_PE_cutadapt_unite_blast_top1_rescue_3Q	QIAamp	3	mock_only	CustomDB BLAST	CustomDB_BLAST	Cutadapt	PE	Saccharomyces_cerevisiae	0.03956550938768359
fig4_q30_PE_cutadapt_unite_blast_top1_rescue	3Q	fig4_q30_PE_cutadapt_unite_blast_top1_rescue_3Q	QIAamp	3	mock_only	CustomDB BLAST	CustomDB_BLAST	Cutadapt	PE	Trichophyton_interdigitale	0.006803515636406109
fig4_q30_PE_cutadapt_unite_blast_top1_rescue	3Z	fig4_q30_PE_cutadapt_unite_blast_top1_rescue_3Z	Zymo	3	mock_only	CustomDB BLAST	CustomDB_BLAST	Cutadapt	PE	Aspergillus_fumigatus	0.02768403435124976
fig4_q30_PE_cutadapt_unite_blast_top1_rescue	3Z	fig4_q30_PE_cutadapt_unite_blast_top1_rescue_3Z	Zymo	3	mock_only	CustomDB BLAST	CustomDB_BLAST	Cutadapt	PE	Candida_albicans	0.30543894787865483
fig4_q30_PE_cutadapt_unite_blast_top1_rescue	3Z	fig4_q30_PE_cutadapt_unite_blast_top1_rescue_3Z	Zymo	3	mock_only	CustomDB BLAST	CustomDB_BLAST	Cutadapt	PE	Cryptococcus_neoformans	0.15115098636376106
fig4_q30_PE_cutadapt_unite_blast_top1_rescue	3Z	fig4_q30_PE_cutadapt_unite_blast_top1_rescue_3Z	Zymo	3	mock_only	CustomDB BLAST	CustomDB_BLAST	Cutadapt	PE	Cutaneotrichosporon_dermatis	0.23093807446429063
fig4_q30_PE_cutadapt_unite_blast_top1_rescue	3Z	fig4_q30_PE_cutadapt_unite_blast_top1_rescue_3Z	Zymo	3	mock_only	CustomDB BLAST	CustomDB_BLAST	Cutadapt	PE	Fusarium_keratoplasticum	0.00158220612578996
fig4_q30_PE_cutadapt_unite_blast_top1_rescue	3Z	fig4_q30_PE_cutadapt_unite_blast_top1_rescue_3Z	Zymo	3	mock_only	CustomDB BLAST	CustomDB_BLAST	Cutadapt	PE	Malassezia_globosa	6.401990104352439e-5
fig4_q30_PE_cutadapt_unite_blast_top1_rescue	3Z	fig4_q30_PE_cutadapt_unite_blast_top1_rescue_3Z	Zymo	3	mock_only	CustomDB BLAST	CustomDB_BLAST	Cutadapt	PE	Nakaseomyces_glabratus	0.10047466183773698
fig4_q30_PE_cutadapt_unite_blast_top1_rescue	3Z	fig4_q30_PE_cutadapt_unite_blast_top1_rescue_3Z	Zymo	3	mock_only	CustomDB BLAST	CustomDB_BLAST	Cutadapt	PE	Penicillium_chrysogenum	0.1234029321114678
fig4_q30_PE_cutadapt_unite_blast_top1_rescue	3Z	fig4_q30_PE_cutadapt_unite_blast_top1_rescue_3Z	Zymo	3	mock_only	CustomDB BLAST	CustomDB_BLAST	Cutadapt	PE	Saccharomyces_cerevisiae	0.05503882349713282
fig4_q30_PE_cutadapt_unite_blast_top1_rescue	3Z	fig4_q30_PE_cutadapt_unite_blast_top1_rescue_3Z	Zymo	3	mock_only	CustomDB BLAST	CustomDB_BLAST	Cutadapt	PE	Trichophyton_interdigitale	0.00422531346887261
fig4_q30_PE_cutadapt_unite_blast_top1_rescue	4D	fig4_q30_PE_cutadapt_unite_blast_top1_rescue_4D	DNeasy	4	mock_only	CustomDB BLAST	CustomDB_BLAST	Cutadapt	PE	Aspergillus_fumigatus	0.029490456204535546
fig4_q30_PE_cutadapt_unite_blast_top1_rescue	4D	fig4_q30_PE_cutadapt_unite_blast_top1_rescue_4D	DNeasy	4	mock_only	CustomDB BLAST	CustomDB_BLAST	Cutadapt	PE	Candida_albicans	0.30196517561780367
fig4_q30_PE_cutadapt_unite_blast_top1_rescue	4D	fig4_q30_PE_cutadapt_unite_blast_top1_rescue_4D	DNeasy	4	mock_only	CustomDB BLAST	CustomDB_BLAST	Cutadapt	PE	Cryptococcus_neoformans	0.14774291160556302
fig4_q30_PE_cutadapt_unite_blast_top1_rescue	4D	fig4_q30_PE_cutadapt_unite_blast_top1_rescue_4D	DNeasy	4	mock_only	CustomDB BLAST	CustomDB_BLAST	Cutadapt	PE	Cutaneotrichosporon_dermatis	0.22197338165779104
fig4_q30_PE_cutadapt_unite_blast_top1_rescue	4D	fig4_q30_PE_cutadapt_unite_blast_top1_rescue_4D	DNeasy	4	mock_only	CustomDB BLAST	CustomDB_BLAST	Cutadapt	PE	Fusarium_keratoplasticum	0.0021797293716395837
fig4_q30_PE_cutadapt_unite_blast_top1_rescue	4D	fig4_q30_PE_cutadapt_unite_blast_top1_rescue_4D	DNeasy	4	mock_only	CustomDB BLAST	CustomDB_BLAST	Cutadapt	PE	Malassezia_globosa	0
fig4_q30_PE_cutadapt_unite_blast_top1_rescue	4D	fig4_q30_PE_cutadapt_unite_blast_top1_rescue_4D	DNeasy	4	mock_only	CustomDB BLAST	CustomDB_BLAST	Cutadapt	PE	Nakaseomyces_glabratus	0.11487601186456615
fig4_q30_PE_cutadapt_unite_blast_top1_rescue	4D	fig4_q30_PE_cutadapt_unite_blast_top1_rescue_4D	DNeasy	4	mock_only	CustomDB BLAST	CustomDB_BLAST	Cutadapt	PE	Penicillium_chrysogenum	0.11311513245061416
fig4_q30_PE_cutadapt_unite_blast_top1_rescue	4D	fig4_q30_PE_cutadapt_unite_blast_top1_rescue_4D	DNeasy	4	mock_only	CustomDB BLAST	CustomDB_BLAST	Cutadapt	PE	Saccharomyces_cerevisiae	0.06331472727738979
fig4_q30_PE_cutadapt_unite_blast_top1_rescue	4D	fig4_q30_PE_cutadapt_unite_blast_top1_rescue_4D	DNeasy	4	mock_only	CustomDB BLAST	CustomDB_BLAST	Cutadapt	PE	Trichophyton_interdigitale	0.00534247395009702
fig4_q30_PE_cutadapt_unite_blast_top1_rescue	4Q	fig4_q30_PE_cutadapt_unite_blast_top1_rescue_4Q	QIAamp	4	mock_only	CustomDB BLAST	CustomDB_BLAST	Cutadapt	PE	Aspergillus_fumigatus	0.0338929327461879
fig4_q30_PE_cutadapt_unite_blast_top1_rescue	4Q	fig4_q30_PE_cutadapt_unite_blast_top1_rescue_4Q	QIAamp	4	mock_only	CustomDB BLAST	CustomDB_BLAST	Cutadapt	PE	Candida_albicans	0.2804260955205633
fig4_q30_PE_cutadapt_unite_blast_top1_rescue	4Q	fig4_q30_PE_cutadapt_unite_blast_top1_rescue_4Q	QIAamp	4	mock_only	CustomDB BLAST	CustomDB_BLAST	Cutadapt	PE	Cryptococcus_neoformans	0.1465976883978401
fig4_q30_PE_cutadapt_unite_blast_top1_rescue	4Q	fig4_q30_PE_cutadapt_unite_blast_top1_rescue_4Q	QIAamp	4	mock_only	CustomDB BLAST	CustomDB_BLAST	Cutadapt	PE	Cutaneotrichosporon_dermatis	0.2506877073027157
fig4_q30_PE_cutadapt_unite_blast_top1_rescue	4Q	fig4_q30_PE_cutadapt_unite_blast_top1_rescue_4Q	QIAamp	4	mock_only	CustomDB BLAST	CustomDB_BLAST	Cutadapt	PE	Fusarium_keratoplasticum	0.002173494685126278
fig4_q30_PE_cutadapt_unite_blast_top1_rescue	4Q	fig4_q30_PE_cutadapt_unite_blast_top1_rescue_4Q	QIAamp	4	mock_only	CustomDB BLAST	CustomDB_BLAST	Cutadapt	PE	Malassezia_globosa	0
fig4_q30_PE_cutadapt_unite_blast_top1_rescue	4Q	fig4_q30_PE_cutadapt_unite_blast_top1_rescue_4Q	QIAamp	4	mock_only	CustomDB BLAST	CustomDB_BLAST	Cutadapt	PE	Nakaseomyces_glabratus	0.11170857058763599
fig4_q30_PE_cutadapt_unite_blast_top1_rescue	4Q	fig4_q30_PE_cutadapt_unite_blast_top1_rescue_4Q	QIAamp	4	mock_only	CustomDB BLAST	CustomDB_BLAST	Cutadapt	PE	Penicillium_chrysogenum	0.1258023251865017
fig4_q30_PE_cutadapt_unite_blast_top1_rescue	4Q	fig4_q30_PE_cutadapt_unite_blast_top1_rescue_4Q	QIAamp	4	mock_only	CustomDB BLAST	CustomDB_BLAST	Cutadapt	PE	Saccharomyces_cerevisiae	0.042269943511778756
fig4_q30_PE_cutadapt_unite_blast_top1_rescue	4Q	fig4_q30_PE_cutadapt_unite_blast_top1_rescue_4Q	QIAamp	4	mock_only	CustomDB BLAST	CustomDB_BLAST	Cutadapt	PE	Trichophyton_interdigitale	0.0064412420616502715
fig4_q30_PE_cutadapt_unite_blast_top1_rescue	4Z	fig4_q30_PE_cutadapt_unite_blast_top1_rescue_4Z	Zymo	4	mock_only	CustomDB BLAST	CustomDB_BLAST	Cutadapt	PE	Aspergillus_fumigatus	0.025017676058384262
fig4_q30_PE_cutadapt_unite_blast_top1_rescue	4Z	fig4_q30_PE_cutadapt_unite_blast_top1_rescue_4Z	Zymo	4	mock_only	CustomDB BLAST	CustomDB_BLAST	Cutadapt	PE	Candida_albicans	0.31685182136042694
fig4_q30_PE_cutadapt_unite_blast_top1_rescue	4Z	fig4_q30_PE_cutadapt_unite_blast_top1_rescue_4Z	Zymo	4	mock_only	CustomDB BLAST	CustomDB_BLAST	Cutadapt	PE	Cryptococcus_neoformans	0.14824643815316668
fig4_q30_PE_cutadapt_unite_blast_top1_rescue	4Z	fig4_q30_PE_cutadapt_unite_blast_top1_rescue_4Z	Zymo	4	mock_only	CustomDB BLAST	CustomDB_BLAST	Cutadapt	PE	Cutaneotrichosporon_dermatis	0.23700446502077543
fig4_q30_PE_cutadapt_unite_blast_top1_rescue	4Z	fig4_q30_PE_cutadapt_unite_blast_top1_rescue_4Z	Zymo	4	mock_only	CustomDB BLAST	CustomDB_BLAST	Cutadapt	PE	Fusarium_keratoplasticum	0.0020920704717812626
fig4_q30_PE_cutadapt_unite_blast_top1_rescue	4Z	fig4_q30_PE_cutadapt_unite_blast_top1_rescue_4Z	Zymo	4	mock_only	CustomDB BLAST	CustomDB_BLAST	Cutadapt	PE	Malassezia_globosa	3.874204577372708e-5
fig4_q30_PE_cutadapt_unite_blast_top1_rescue	4Z	fig4_q30_PE_cutadapt_unite_blast_top1_rescue_4Z	Zymo	4	mock_only	CustomDB BLAST	CustomDB_BLAST	Cutadapt	PE	Nakaseomyces_glabratus	0.09455964822222437
fig4_q30_PE_cutadapt_unite_blast_top1_rescue	4Z	fig4_q30_PE_cutadapt_unite_blast_top1_rescue_4Z	Zymo	4	mock_only	CustomDB BLAST	CustomDB_BLAST	Cutadapt	PE	Penicillium_chrysogenum	0.11641016203860645
fig4_q30_PE_cutadapt_unite_blast_top1_rescue	4Z	fig4_q30_PE_cutadapt_unite_blast_top1_rescue_4Z	Zymo	4	mock_only	CustomDB BLAST	CustomDB_BLAST	Cutadapt	PE	Saccharomyces_cerevisiae	0.056263135974895156
fig4_q30_PE_cutadapt_unite_blast_top1_rescue	4Z	fig4_q30_PE_cutadapt_unite_blast_top1_rescue_4Z	Zymo	4	mock_only	CustomDB BLAST	CustomDB_BLAST	Cutadapt	PE	Trichophyton_interdigitale	0.003515840653965733
fig4_q30_PE_itsxpress_unite_blast_top1_rescue	1D	fig4_q30_PE_itsxpress_unite_blast_top1_rescue_1D	DNeasy	1	mock_only	CustomDB BLAST	CustomDB_BLAST	ITSxpress	PE	Aspergillus_fumigatus	0.035453495215467444
fig4_q30_PE_itsxpress_unite_blast_top1_rescue	1D	fig4_q30_PE_itsxpress_unite_blast_top1_rescue_1D	DNeasy	1	mock_only	CustomDB BLAST	CustomDB_BLAST	ITSxpress	PE	Candida_albicans	0.2874425093183948
fig4_q30_PE_itsxpress_unite_blast_top1_rescue	1D	fig4_q30_PE_itsxpress_unite_blast_top1_rescue_1D	DNeasy	1	mock_only	CustomDB BLAST	CustomDB_BLAST	ITSxpress	PE	Cryptococcus_neoformans	0.13961244196438302
fig4_q30_PE_itsxpress_unite_blast_top1_rescue	1D	fig4_q30_PE_itsxpress_unite_blast_top1_rescue_1D	DNeasy	1	mock_only	CustomDB BLAST	CustomDB_BLAST	ITSxpress	PE	Cutaneotrichosporon_dermatis	0.22661682324476318
fig4_q30_PE_itsxpress_unite_blast_top1_rescue	1D	fig4_q30_PE_itsxpress_unite_blast_top1_rescue_1D	DNeasy	1	mock_only	CustomDB BLAST	CustomDB_BLAST	ITSxpress	PE	Fusarium_keratoplasticum	0.0018309828454345315
fig4_q30_PE_itsxpress_unite_blast_top1_rescue	1D	fig4_q30_PE_itsxpress_unite_blast_top1_rescue_1D	DNeasy	1	mock_only	CustomDB BLAST	CustomDB_BLAST	ITSxpress	PE	Malassezia_globosa	0
fig4_q30_PE_itsxpress_unite_blast_top1_rescue	1D	fig4_q30_PE_itsxpress_unite_blast_top1_rescue_1D	DNeasy	1	mock_only	CustomDB BLAST	CustomDB_BLAST	ITSxpress	PE	Nakaseomyces_glabratus	0.10929223794058025
fig4_q30_PE_itsxpress_unite_blast_top1_rescue	1D	fig4_q30_PE_itsxpress_unite_blast_top1_rescue_1D	DNeasy	1	mock_only	CustomDB BLAST	CustomDB_BLAST	ITSxpress	PE	Penicillium_chrysogenum	0.13439196111341195
fig4_q30_PE_itsxpress_unite_blast_top1_rescue	1D	fig4_q30_PE_itsxpress_unite_blast_top1_rescue_1D	DNeasy	1	mock_only	CustomDB BLAST	CustomDB_BLAST	ITSxpress	PE	Saccharomyces_cerevisiae	0.06070580029208536
fig4_q30_PE_itsxpress_unite_blast_top1_rescue	1D	fig4_q30_PE_itsxpress_unite_blast_top1_rescue_1D	DNeasy	1	mock_only	CustomDB BLAST	CustomDB_BLAST	ITSxpress	PE	Trichophyton_interdigitale	0.0046537480654794345
fig4_q30_PE_itsxpress_unite_blast_top1_rescue	1Q	fig4_q30_PE_itsxpress_unite_blast_top1_rescue_1Q	QIAamp	1	mock_only	CustomDB BLAST	CustomDB_BLAST	ITSxpress	PE	Aspergillus_fumigatus	0.0321093249380102
fig4_q30_PE_itsxpress_unite_blast_top1_rescue	1Q	fig4_q30_PE_itsxpress_unite_blast_top1_rescue_1Q	QIAamp	1	mock_only	CustomDB BLAST	CustomDB_BLAST	ITSxpress	PE	Candida_albicans	0.2880714902627253
fig4_q30_PE_itsxpress_unite_blast_top1_rescue	1Q	fig4_q30_PE_itsxpress_unite_blast_top1_rescue_1Q	QIAamp	1	mock_only	CustomDB BLAST	CustomDB_BLAST	ITSxpress	PE	Cryptococcus_neoformans	0.16123617418438135
fig4_q30_PE_itsxpress_unite_blast_top1_rescue	1Q	fig4_q30_PE_itsxpress_unite_blast_top1_rescue_1Q	QIAamp	1	mock_only	CustomDB BLAST	CustomDB_BLAST	ITSxpress	PE	Cutaneotrichosporon_dermatis	0.21982002061683337
fig4_q30_PE_itsxpress_unite_blast_top1_rescue	1Q	fig4_q30_PE_itsxpress_unite_blast_top1_rescue_1Q	QIAamp	1	mock_only	CustomDB BLAST	CustomDB_BLAST	ITSxpress	PE	Fusarium_keratoplasticum	0.001643774552141086
fig4_q30_PE_itsxpress_unite_blast_top1_rescue	1Q	fig4_q30_PE_itsxpress_unite_blast_top1_rescue_1Q	QIAamp	1	mock_only	CustomDB BLAST	CustomDB_BLAST	ITSxpress	PE	Malassezia_globosa	0
fig4_q30_PE_itsxpress_unite_blast_top1_rescue	1Q	fig4_q30_PE_itsxpress_unite_blast_top1_rescue_1Q	QIAamp	1	mock_only	CustomDB BLAST	CustomDB_BLAST	ITSxpress	PE	Nakaseomyces_glabratus	0.11786420750564176
fig4_q30_PE_itsxpress_unite_blast_top1_rescue	1Q	fig4_q30_PE_itsxpress_unite_blast_top1_rescue_1Q	QIAamp	1	mock_only	CustomDB BLAST	CustomDB_BLAST	ITSxpress	PE	Penicillium_chrysogenum	0.13108405538684423
fig4_q30_PE_itsxpress_unite_blast_top1_rescue	1Q	fig4_q30_PE_itsxpress_unite_blast_top1_rescue_1Q	QIAamp	1	mock_only	CustomDB BLAST	CustomDB_BLAST	ITSxpress	PE	Saccharomyces_cerevisiae	0.043344106093110076
fig4_q30_PE_itsxpress_unite_blast_top1_rescue	1Q	fig4_q30_PE_itsxpress_unite_blast_top1_rescue_1Q	QIAamp	1	mock_only	CustomDB BLAST	CustomDB_BLAST	ITSxpress	PE	Trichophyton_interdigitale	0.004826846460312595
fig4_q30_PE_itsxpress_unite_blast_top1_rescue	1Z	fig4_q30_PE_itsxpress_unite_blast_top1_rescue_1Z	Zymo	1	mock_only	CustomDB BLAST	CustomDB_BLAST	ITSxpress	PE	Aspergillus_fumigatus	0.03191344938856922
fig4_q30_PE_itsxpress_unite_blast_top1_rescue	1Z	fig4_q30_PE_itsxpress_unite_blast_top1_rescue_1Z	Zymo	1	mock_only	CustomDB BLAST	CustomDB_BLAST	ITSxpress	PE	Candida_albicans	0.2892574066145219
fig4_q30_PE_itsxpress_unite_blast_top1_rescue	1Z	fig4_q30_PE_itsxpress_unite_blast_top1_rescue_1Z	Zymo	1	mock_only	CustomDB BLAST	CustomDB_BLAST	ITSxpress	PE	Cryptococcus_neoformans	0.13698973464635178
fig4_q30_PE_itsxpress_unite_blast_top1_rescue	1Z	fig4_q30_PE_itsxpress_unite_blast_top1_rescue_1Z	Zymo	1	mock_only	CustomDB BLAST	CustomDB_BLAST	ITSxpress	PE	Cutaneotrichosporon_dermatis	0.25959961987907143
fig4_q30_PE_itsxpress_unite_blast_top1_rescue	1Z	fig4_q30_PE_itsxpress_unite_blast_top1_rescue_1Z	Zymo	1	mock_only	CustomDB BLAST	CustomDB_BLAST	ITSxpress	PE	Fusarium_keratoplasticum	0.0014828893367725227
fig4_q30_PE_itsxpress_unite_blast_top1_rescue	1Z	fig4_q30_PE_itsxpress_unite_blast_top1_rescue_1Z	Zymo	1	mock_only	CustomDB BLAST	CustomDB_BLAST	ITSxpress	PE	Malassezia_globosa	5.221441326663812e-5
fig4_q30_PE_itsxpress_unite_blast_top1_rescue	1Z	fig4_q30_PE_itsxpress_unite_blast_top1_rescue_1Z	Zymo	1	mock_only	CustomDB BLAST	CustomDB_BLAST	ITSxpress	PE	Nakaseomyces_glabratus	0.09294165561461586
fig4_q30_PE_itsxpress_unite_blast_top1_rescue	1Z	fig4_q30_PE_itsxpress_unite_blast_top1_rescue_1Z	Zymo	1	mock_only	CustomDB BLAST	CustomDB_BLAST	ITSxpress	PE	Penicillium_chrysogenum	0.13879635334537746
fig4_q30_PE_itsxpress_unite_blast_top1_rescue	1Z	fig4_q30_PE_itsxpress_unite_blast_top1_rescue_1Z	Zymo	1	mock_only	CustomDB BLAST	CustomDB_BLAST	ITSxpress	PE	Saccharomyces_cerevisiae	0.04483129523073549
fig4_q30_PE_itsxpress_unite_blast_top1_rescue	1Z	fig4_q30_PE_itsxpress_unite_blast_top1_rescue_1Z	Zymo	1	mock_only	CustomDB BLAST	CustomDB_BLAST	ITSxpress	PE	Trichophyton_interdigitale	0.004135381530717739
fig4_q30_PE_itsxpress_unite_blast_top1_rescue	2D	fig4_q30_PE_itsxpress_unite_blast_top1_rescue_2D	DNeasy	2	mock_only	CustomDB BLAST	CustomDB_BLAST	ITSxpress	PE	Aspergillus_fumigatus	0.02909297830446014
fig4_q30_PE_itsxpress_unite_blast_top1_rescue	2D	fig4_q30_PE_itsxpress_unite_blast_top1_rescue_2D	DNeasy	2	mock_only	CustomDB BLAST	CustomDB_BLAST	ITSxpress	PE	Candida_albicans	0.30561627255812274
fig4_q30_PE_itsxpress_unite_blast_top1_rescue	2D	fig4_q30_PE_itsxpress_unite_blast_top1_rescue_2D	DNeasy	2	mock_only	CustomDB BLAST	CustomDB_BLAST	ITSxpress	PE	Cryptococcus_neoformans	0.1450945679859819
fig4_q30_PE_itsxpress_unite_blast_top1_rescue	2D	fig4_q30_PE_itsxpress_unite_blast_top1_rescue_2D	DNeasy	2	mock_only	CustomDB BLAST	CustomDB_BLAST	ITSxpress	PE	Cutaneotrichosporon_dermatis	0.22561735643188757
fig4_q30_PE_itsxpress_unite_blast_top1_rescue	2D	fig4_q30_PE_itsxpress_unite_blast_top1_rescue_2D	DNeasy	2	mock_only	CustomDB BLAST	CustomDB_BLAST	ITSxpress	PE	Fusarium_keratoplasticum	0.001418068175659808
fig4_q30_PE_itsxpress_unite_blast_top1_rescue	2D	fig4_q30_PE_itsxpress_unite_blast_top1_rescue_2D	DNeasy	2	mock_only	CustomDB BLAST	CustomDB_BLAST	ITSxpress	PE	Malassezia_globosa	0
fig4_q30_PE_itsxpress_unite_blast_top1_rescue	2D	fig4_q30_PE_itsxpress_unite_blast_top1_rescue_2D	DNeasy	2	mock_only	CustomDB BLAST	CustomDB_BLAST	ITSxpress	PE	Nakaseomyces_glabratus	0.10994092887981646
fig4_q30_PE_itsxpress_unite_blast_top1_rescue	2D	fig4_q30_PE_itsxpress_unite_blast_top1_rescue_2D	DNeasy	2	mock_only	CustomDB BLAST	CustomDB_BLAST	ITSxpress	PE	Penicillium_chrysogenum	0.1132106147370703
fig4_q30_PE_itsxpress_unite_blast_top1_rescue	2D	fig4_q30_PE_itsxpress_unite_blast_top1_rescue_2D	DNeasy	2	mock_only	CustomDB BLAST	CustomDB_BLAST	ITSxpress	PE	Saccharomyces_cerevisiae	0.06636920353342847
fig4_q30_PE_itsxpress_unite_blast_top1_rescue	2D	fig4_q30_PE_itsxpress_unite_blast_top1_rescue_2D	DNeasy	2	mock_only	CustomDB BLAST	CustomDB_BLAST	ITSxpress	PE	Trichophyton_interdigitale	0.0036400093935726285
fig4_q30_PE_itsxpress_unite_blast_top1_rescue	2Q	fig4_q30_PE_itsxpress_unite_blast_top1_rescue_2Q	QIAamp	2	mock_only	CustomDB BLAST	CustomDB_BLAST	ITSxpress	PE	Aspergillus_fumigatus	0.03379622264142367
fig4_q30_PE_itsxpress_unite_blast_top1_rescue	2Q	fig4_q30_PE_itsxpress_unite_blast_top1_rescue_2Q	QIAamp	2	mock_only	CustomDB BLAST	CustomDB_BLAST	ITSxpress	PE	Candida_albicans	0.2845140419858027
fig4_q30_PE_itsxpress_unite_blast_top1_rescue	2Q	fig4_q30_PE_itsxpress_unite_blast_top1_rescue_2Q	QIAamp	2	mock_only	CustomDB BLAST	CustomDB_BLAST	ITSxpress	PE	Cryptococcus_neoformans	0.15984454192140732
fig4_q30_PE_itsxpress_unite_blast_top1_rescue	2Q	fig4_q30_PE_itsxpress_unite_blast_top1_rescue_2Q	QIAamp	2	mock_only	CustomDB BLAST	CustomDB_BLAST	ITSxpress	PE	Cutaneotrichosporon_dermatis	0.2160049092024819
fig4_q30_PE_itsxpress_unite_blast_top1_rescue	2Q	fig4_q30_PE_itsxpress_unite_blast_top1_rescue_2Q	QIAamp	2	mock_only	CustomDB BLAST	CustomDB_BLAST	ITSxpress	PE	Fusarium_keratoplasticum	0.0021439881209421425
fig4_q30_PE_itsxpress_unite_blast_top1_rescue	2Q	fig4_q30_PE_itsxpress_unite_blast_top1_rescue_2Q	QIAamp	2	mock_only	CustomDB BLAST	CustomDB_BLAST	ITSxpress	PE	Malassezia_globosa	3.030371902391721e-5
fig4_q30_PE_itsxpress_unite_blast_top1_rescue	2Q	fig4_q30_PE_itsxpress_unite_blast_top1_rescue_2Q	QIAamp	2	mock_only	CustomDB BLAST	CustomDB_BLAST	ITSxpress	PE	Nakaseomyces_glabratus	0.11660871080403343
fig4_q30_PE_itsxpress_unite_blast_top1_rescue	2Q	fig4_q30_PE_itsxpress_unite_blast_top1_rescue_2Q	QIAamp	2	mock_only	CustomDB BLAST	CustomDB_BLAST	ITSxpress	PE	Penicillium_chrysogenum	0.13473033478033591
fig4_q30_PE_itsxpress_unite_blast_top1_rescue	2Q	fig4_q30_PE_itsxpress_unite_blast_top1_rescue_2Q	QIAamp	2	mock_only	CustomDB BLAST	CustomDB_BLAST	ITSxpress	PE	Saccharomyces_cerevisiae	0.04697076448707167
fig4_q30_PE_itsxpress_unite_blast_top1_rescue	2Q	fig4_q30_PE_itsxpress_unite_blast_top1_rescue_2Q	QIAamp	2	mock_only	CustomDB BLAST	CustomDB_BLAST	ITSxpress	PE	Trichophyton_interdigitale	0.0053561823374773665
fig4_q30_PE_itsxpress_unite_blast_top1_rescue	2Z	fig4_q30_PE_itsxpress_unite_blast_top1_rescue_2Z	Zymo	2	mock_only	CustomDB BLAST	CustomDB_BLAST	ITSxpress	PE	Aspergillus_fumigatus	0.03450649205699617
fig4_q30_PE_itsxpress_unite_blast_top1_rescue	2Z	fig4_q30_PE_itsxpress_unite_blast_top1_rescue_2Z	Zymo	2	mock_only	CustomDB BLAST	CustomDB_BLAST	ITSxpress	PE	Candida_albicans	0.29817887570222107
fig4_q30_PE_itsxpress_unite_blast_top1_rescue	2Z	fig4_q30_PE_itsxpress_unite_blast_top1_rescue_2Z	Zymo	2	mock_only	CustomDB BLAST	CustomDB_BLAST	ITSxpress	PE	Cryptococcus_neoformans	0.14742921983704751
fig4_q30_PE_itsxpress_unite_blast_top1_rescue	2Z	fig4_q30_PE_itsxpress_unite_blast_top1_rescue_2Z	Zymo	2	mock_only	CustomDB BLAST	CustomDB_BLAST	ITSxpress	PE	Cutaneotrichosporon_dermatis	0.207038952341977
fig4_q30_PE_itsxpress_unite_blast_top1_rescue	2Z	fig4_q30_PE_itsxpress_unite_blast_top1_rescue_2Z	Zymo	2	mock_only	CustomDB BLAST	CustomDB_BLAST	ITSxpress	PE	Fusarium_keratoplasticum	0.0018787901335615164
fig4_q30_PE_itsxpress_unite_blast_top1_rescue	2Z	fig4_q30_PE_itsxpress_unite_blast_top1_rescue_2Z	Zymo	2	mock_only	CustomDB BLAST	CustomDB_BLAST	ITSxpress	PE	Malassezia_globosa	1.2091223631831542e-4
fig4_q30_PE_itsxpress_unite_blast_top1_rescue	2Z	fig4_q30_PE_itsxpress_unite_blast_top1_rescue_2Z	Zymo	2	mock_only	CustomDB BLAST	CustomDB_BLAST	ITSxpress	PE	Nakaseomyces_glabratus	0.10404032888128278
fig4_q30_PE_itsxpress_unite_blast_top1_rescue	2Z	fig4_q30_PE_itsxpress_unite_blast_top1_rescue_2Z	Zymo	2	mock_only	CustomDB BLAST	CustomDB_BLAST	ITSxpress	PE	Penicillium_chrysogenum	0.14699207559805053
fig4_q30_PE_itsxpress_unite_blast_top1_rescue	2Z	fig4_q30_PE_itsxpress_unite_blast_top1_rescue_2Z	Zymo	2	mock_only	CustomDB BLAST	CustomDB_BLAST	ITSxpress	PE	Saccharomyces_cerevisiae	0.05466163175713382
fig4_q30_PE_itsxpress_unite_blast_top1_rescue	2Z	fig4_q30_PE_itsxpress_unite_blast_top1_rescue_2Z	Zymo	2	mock_only	CustomDB BLAST	CustomDB_BLAST	ITSxpress	PE	Trichophyton_interdigitale	0.0051527214554112875
fig4_q30_PE_itsxpress_unite_blast_top1_rescue	3D	fig4_q30_PE_itsxpress_unite_blast_top1_rescue_3D	DNeasy	3	mock_only	CustomDB BLAST	CustomDB_BLAST	ITSxpress	PE	Aspergillus_fumigatus	0.03384740633784427
fig4_q30_PE_itsxpress_unite_blast_top1_rescue	3D	fig4_q30_PE_itsxpress_unite_blast_top1_rescue_3D	DNeasy	3	mock_only	CustomDB BLAST	CustomDB_BLAST	ITSxpress	PE	Candida_albicans	0.2989201394755841
fig4_q30_PE_itsxpress_unite_blast_top1_rescue	3D	fig4_q30_PE_itsxpress_unite_blast_top1_rescue_3D	DNeasy	3	mock_only	CustomDB BLAST	CustomDB_BLAST	ITSxpress	PE	Cryptococcus_neoformans	0.14692554645857975
fig4_q30_PE_itsxpress_unite_blast_top1_rescue	3D	fig4_q30_PE_itsxpress_unite_blast_top1_rescue_3D	DNeasy	3	mock_only	CustomDB BLAST	CustomDB_BLAST	ITSxpress	PE	Cutaneotrichosporon_dermatis	0.20058831661572019
fig4_q30_PE_itsxpress_unite_blast_top1_rescue	3D	fig4_q30_PE_itsxpress_unite_blast_top1_rescue_3D	DNeasy	3	mock_only	CustomDB BLAST	CustomDB_BLAST	ITSxpress	PE	Fusarium_keratoplasticum	0.0021812260948372527
fig4_q30_PE_itsxpress_unite_blast_top1_rescue	3D	fig4_q30_PE_itsxpress_unite_blast_top1_rescue_3D	DNeasy	3	mock_only	CustomDB BLAST	CustomDB_BLAST	ITSxpress	PE	Malassezia_globosa	0
fig4_q30_PE_itsxpress_unite_blast_top1_rescue	3D	fig4_q30_PE_itsxpress_unite_blast_top1_rescue_3D	DNeasy	3	mock_only	CustomDB BLAST	CustomDB_BLAST	ITSxpress	PE	Nakaseomyces_glabratus	0.11376169336876546
fig4_q30_PE_itsxpress_unite_blast_top1_rescue	3D	fig4_q30_PE_itsxpress_unite_blast_top1_rescue_3D	DNeasy	3	mock_only	CustomDB BLAST	CustomDB_BLAST	ITSxpress	PE	Penicillium_chrysogenum	0.141003978433511
fig4_q30_PE_itsxpress_unite_blast_top1_rescue	3D	fig4_q30_PE_itsxpress_unite_blast_top1_rescue_3D	DNeasy	3	mock_only	CustomDB BLAST	CustomDB_BLAST	ITSxpress	PE	Saccharomyces_cerevisiae	0.057733368151026865
fig4_q30_PE_itsxpress_unite_blast_top1_rescue	3D	fig4_q30_PE_itsxpress_unite_blast_top1_rescue_3D	DNeasy	3	mock_only	CustomDB BLAST	CustomDB_BLAST	ITSxpress	PE	Trichophyton_interdigitale	0.0050383250641311194
fig4_q30_PE_itsxpress_unite_blast_top1_rescue	3Q	fig4_q30_PE_itsxpress_unite_blast_top1_rescue_3Q	QIAamp	3	mock_only	CustomDB BLAST	CustomDB_BLAST	ITSxpress	PE	Aspergillus_fumigatus	0.03377818762434147
fig4_q30_PE_itsxpress_unite_blast_top1_rescue	3Q	fig4_q30_PE_itsxpress_unite_blast_top1_rescue_3Q	QIAamp	3	mock_only	CustomDB BLAST	CustomDB_BLAST	ITSxpress	PE	Candida_albicans	0.3028595336287644
fig4_q30_PE_itsxpress_unite_blast_top1_rescue	3Q	fig4_q30_PE_itsxpress_unite_blast_top1_rescue_3Q	QIAamp	3	mock_only	CustomDB BLAST	CustomDB_BLAST	ITSxpress	PE	Cryptococcus_neoformans	0.15592100207484824
fig4_q30_PE_itsxpress_unite_blast_top1_rescue	3Q	fig4_q30_PE_itsxpress_unite_blast_top1_rescue_3Q	QIAamp	3	mock_only	CustomDB BLAST	CustomDB_BLAST	ITSxpress	PE	Cutaneotrichosporon_dermatis	0.21383744460667536
fig4_q30_PE_itsxpress_unite_blast_top1_rescue	3Q	fig4_q30_PE_itsxpress_unite_blast_top1_rescue_3Q	QIAamp	3	mock_only	CustomDB BLAST	CustomDB_BLAST	ITSxpress	PE	Fusarium_keratoplasticum	0.0023566177412331257
fig4_q30_PE_itsxpress_unite_blast_top1_rescue	3Q	fig4_q30_PE_itsxpress_unite_blast_top1_rescue_3Q	QIAamp	3	mock_only	CustomDB BLAST	CustomDB_BLAST	ITSxpress	PE	Malassezia_globosa	1.7076940153863232e-5
fig4_q30_PE_itsxpress_unite_blast_top1_rescue	3Q	fig4_q30_PE_itsxpress_unite_blast_top1_rescue_3Q	QIAamp	3	mock_only	CustomDB BLAST	CustomDB_BLAST	ITSxpress	PE	Nakaseomyces_glabratus	0.11033411033411034
fig4_q30_PE_itsxpress_unite_blast_top1_rescue	3Q	fig4_q30_PE_itsxpress_unite_blast_top1_rescue_3Q	QIAamp	3	mock_only	CustomDB BLAST	CustomDB_BLAST	ITSxpress	PE	Penicillium_chrysogenum	0.13476267322421168
fig4_q30_PE_itsxpress_unite_blast_top1_rescue	3Q	fig4_q30_PE_itsxpress_unite_blast_top1_rescue_3Q	QIAamp	3	mock_only	CustomDB BLAST	CustomDB_BLAST	ITSxpress	PE	Saccharomyces_cerevisiae	0.03980634749865519
fig4_q30_PE_itsxpress_unite_blast_top1_rescue	3Q	fig4_q30_PE_itsxpress_unite_blast_top1_rescue_3Q	QIAamp	3	mock_only	CustomDB BLAST	CustomDB_BLAST	ITSxpress	PE	Trichophyton_interdigitale	0.006327006327006327
fig4_q30_PE_itsxpress_unite_blast_top1_rescue	3Z	fig4_q30_PE_itsxpress_unite_blast_top1_rescue_3Z	Zymo	3	mock_only	CustomDB BLAST	CustomDB_BLAST	ITSxpress	PE	Aspergillus_fumigatus	0.029031738359916223
fig4_q30_PE_itsxpress_unite_blast_top1_rescue	3Z	fig4_q30_PE_itsxpress_unite_blast_top1_rescue_3Z	Zymo	3	mock_only	CustomDB BLAST	CustomDB_BLAST	ITSxpress	PE	Candida_albicans	0.3023441275978734
fig4_q30_PE_itsxpress_unite_blast_top1_rescue	3Z	fig4_q30_PE_itsxpress_unite_blast_top1_rescue_3Z	Zymo	3	mock_only	CustomDB BLAST	CustomDB_BLAST	ITSxpress	PE	Cryptococcus_neoformans	0.15111164813919767
fig4_q30_PE_itsxpress_unite_blast_top1_rescue	3Z	fig4_q30_PE_itsxpress_unite_blast_top1_rescue_3Z	Zymo	3	mock_only	CustomDB BLAST	CustomDB_BLAST	ITSxpress	PE	Cutaneotrichosporon_dermatis	0.2218060254551313
fig4_q30_PE_itsxpress_unite_blast_top1_rescue	3Z	fig4_q30_PE_itsxpress_unite_blast_top1_rescue_3Z	Zymo	3	mock_only	CustomDB BLAST	CustomDB_BLAST	ITSxpress	PE	Fusarium_keratoplasticum	0.0016433059449009182
fig4_q30_PE_itsxpress_unite_blast_top1_rescue	3Z	fig4_q30_PE_itsxpress_unite_blast_top1_rescue_3Z	Zymo	3	mock_only	CustomDB BLAST	CustomDB_BLAST	ITSxpress	PE	Malassezia_globosa	4.833252779120348e-5
fig4_q30_PE_itsxpress_unite_blast_top1_rescue	3Z	fig4_q30_PE_itsxpress_unite_blast_top1_rescue_3Z	Zymo	3	mock_only	CustomDB BLAST	CustomDB_BLAST	ITSxpress	PE	Nakaseomyces_glabratus	0.10173191557918479
fig4_q30_PE_itsxpress_unite_blast_top1_rescue	3Z	fig4_q30_PE_itsxpress_unite_blast_top1_rescue_3Z	Zymo	3	mock_only	CustomDB BLAST	CustomDB_BLAST	ITSxpress	PE	Penicillium_chrysogenum	0.13396165619461897
fig4_q30_PE_itsxpress_unite_blast_top1_rescue	3Z	fig4_q30_PE_itsxpress_unite_blast_top1_rescue_3Z	Zymo	3	mock_only	CustomDB BLAST	CustomDB_BLAST	ITSxpress	PE	Saccharomyces_cerevisiae	0.054494925084581924
fig4_q30_PE_itsxpress_unite_blast_top1_rescue	3Z	fig4_q30_PE_itsxpress_unite_blast_top1_rescue_3Z	Zymo	3	mock_only	CustomDB BLAST	CustomDB_BLAST	ITSxpress	PE	Trichophyton_interdigitale	0.0038263251168036087
fig4_q30_PE_itsxpress_unite_blast_top1_rescue	4D	fig4_q30_PE_itsxpress_unite_blast_top1_rescue_4D	DNeasy	4	mock_only	CustomDB BLAST	CustomDB_BLAST	ITSxpress	PE	Aspergillus_fumigatus	0.030839293355339567
fig4_q30_PE_itsxpress_unite_blast_top1_rescue	4D	fig4_q30_PE_itsxpress_unite_blast_top1_rescue_4D	DNeasy	4	mock_only	CustomDB BLAST	CustomDB_BLAST	ITSxpress	PE	Candida_albicans	0.2992389510361269
fig4_q30_PE_itsxpress_unite_blast_top1_rescue	4D	fig4_q30_PE_itsxpress_unite_blast_top1_rescue_4D	DNeasy	4	mock_only	CustomDB BLAST	CustomDB_BLAST	ITSxpress	PE	Cryptococcus_neoformans	0.1468457729690079
fig4_q30_PE_itsxpress_unite_blast_top1_rescue	4D	fig4_q30_PE_itsxpress_unite_blast_top1_rescue_4D	DNeasy	4	mock_only	CustomDB BLAST	CustomDB_BLAST	ITSxpress	PE	Cutaneotrichosporon_dermatis	0.21453786906290115
fig4_q30_PE_itsxpress_unite_blast_top1_rescue	4D	fig4_q30_PE_itsxpress_unite_blast_top1_rescue_4D	DNeasy	4	mock_only	CustomDB BLAST	CustomDB_BLAST	ITSxpress	PE	Fusarium_keratoplasticum	0.0019943150559325142
fig4_q30_PE_itsxpress_unite_blast_top1_rescue	4D	fig4_q30_PE_itsxpress_unite_blast_top1_rescue_4D	DNeasy	4	mock_only	CustomDB BLAST	CustomDB_BLAST	ITSxpress	PE	Malassezia_globosa	0
fig4_q30_PE_itsxpress_unite_blast_top1_rescue	4D	fig4_q30_PE_itsxpress_unite_blast_top1_rescue_4D	DNeasy	4	mock_only	CustomDB BLAST	CustomDB_BLAST	ITSxpress	PE	Nakaseomyces_glabratus	0.11523473317439942
fig4_q30_PE_itsxpress_unite_blast_top1_rescue	4D	fig4_q30_PE_itsxpress_unite_blast_top1_rescue_4D	DNeasy	4	mock_only	CustomDB BLAST	CustomDB_BLAST	ITSxpress	PE	Penicillium_chrysogenum	0.12331132709823339
fig4_q30_PE_itsxpress_unite_blast_top1_rescue	4D	fig4_q30_PE_itsxpress_unite_blast_top1_rescue_4D	DNeasy	4	mock_only	CustomDB BLAST	CustomDB_BLAST	ITSxpress	PE	Saccharomyces_cerevisiae	0.063061617458279845
fig4_q30_PE_itsxpress_unite_blast_top1_rescue	4D	fig4_q30_PE_itsxpress_unite_blast_top1_rescue_4D	DNeasy	4	mock_only	CustomDB BLAST	CustomDB_BLAST	ITSxpress	PE	Trichophyton_interdigitale	0.004936120789779327
fig4_q30_PE_itsxpress_unite_blast_top1_rescue	4Q	fig4_q30_PE_itsxpress_unite_blast_top1_rescue_4Q	QIAamp	4	mock_only	CustomDB BLAST	CustomDB_BLAST	ITSxpress	PE	Aspergillus_fumigatus	0.03539235802733797
fig4_q30_PE_itsxpress_unite_blast_top1_rescue	4Q	fig4_q30_PE_itsxpress_unite_blast_top1_rescue_4Q	QIAamp	4	mock_only	CustomDB BLAST	CustomDB_BLAST	ITSxpress	PE	Candida_albicans	0.2805561510427832
fig4_q30_PE_itsxpress_unite_blast_top1_rescue	4Q	fig4_q30_PE_itsxpress_unite_blast_top1_rescue_4Q	QIAamp	4	mock_only	CustomDB BLAST	CustomDB_BLAST	ITSxpress	PE	Cryptococcus_neoformans	0.14713298420767873
fig4_q30_PE_itsxpress_unite_blast_top1_rescue	4Q	fig4_q30_PE_itsxpress_unite_blast_top1_rescue_4Q	QIAamp	4	mock_only	CustomDB BLAST	CustomDB_BLAST	ITSxpress	PE	Cutaneotrichosporon_dermatis	0.24138670260006737
fig4_q30_PE_itsxpress_unite_blast_top1_rescue	4Q	fig4_q30_PE_itsxpress_unite_blast_top1_rescue_4Q	QIAamp	4	mock_only	CustomDB BLAST	CustomDB_BLAST	ITSxpress	PE	Fusarium_keratoplasticum	0.002215212486856746
fig4_q30_PE_itsxpress_unite_blast_top1_rescue	4Q	fig4_q30_PE_itsxpress_unite_blast_top1_rescue_4Q	QIAamp	4	mock_only	CustomDB BLAST	CustomDB_BLAST	ITSxpress	PE	Malassezia_globosa	0
fig4_q30_PE_itsxpress_unite_blast_top1_rescue	4Q	fig4_q30_PE_itsxpress_unite_blast_top1_rescue_4Q	QIAamp	4	mock_only	CustomDB BLAST	CustomDB_BLAST	ITSxpress	PE	Nakaseomyces_glabratus	0.11133229208138098
fig4_q30_PE_itsxpress_unite_blast_top1_rescue	4Q	fig4_q30_PE_itsxpress_unite_blast_top1_rescue_4Q	QIAamp	4	mock_only	CustomDB BLAST	CustomDB_BLAST	ITSxpress	PE	Penicillium_chrysogenum	0.13370900070437633
fig4_q30_PE_itsxpress_unite_blast_top1_rescue	4Q	fig4_q30_PE_itsxpress_unite_blast_top1_rescue_4Q	QIAamp	4	mock_only	CustomDB BLAST	CustomDB_BLAST	ITSxpress	PE	Saccharomyces_cerevisiae	0.04201757878296022
fig4_q30_PE_itsxpress_unite_blast_top1_rescue	4Q	fig4_q30_PE_itsxpress_unite_blast_top1_rescue_4Q	QIAamp	4	mock_only	CustomDB BLAST	CustomDB_BLAST	ITSxpress	PE	Trichophyton_interdigitale	0.006257720066558458
fig4_q30_PE_itsxpress_unite_blast_top1_rescue	4Z	fig4_q30_PE_itsxpress_unite_blast_top1_rescue_4Z	Zymo	4	mock_only	CustomDB BLAST	CustomDB_BLAST	ITSxpress	PE	Aspergillus_fumigatus	0.02651091575343644
fig4_q30_PE_itsxpress_unite_blast_top1_rescue	4Z	fig4_q30_PE_itsxpress_unite_blast_top1_rescue_4Z	Zymo	4	mock_only	CustomDB BLAST	CustomDB_BLAST	ITSxpress	PE	Candida_albicans	0.31340857088788343
fig4_q30_PE_itsxpress_unite_blast_top1_rescue	4Z	fig4_q30_PE_itsxpress_unite_blast_top1_rescue_4Z	Zymo	4	mock_only	CustomDB BLAST	CustomDB_BLAST	ITSxpress	PE	Cryptococcus_neoformans	0.14786587988370292
fig4_q30_PE_itsxpress_unite_blast_top1_rescue	4Z	fig4_q30_PE_itsxpress_unite_blast_top1_rescue_4Z	Zymo	4	mock_only	CustomDB BLAST	CustomDB_BLAST	ITSxpress	PE	Cutaneotrichosporon_dermatis	0.2287061090371084
fig4_q30_PE_itsxpress_unite_blast_top1_rescue	4Z	fig4_q30_PE_itsxpress_unite_blast_top1_rescue_4Z	Zymo	4	mock_only	CustomDB BLAST	CustomDB_BLAST	ITSxpress	PE	Fusarium_keratoplasticum	0.002038639530682815
fig4_q30_PE_itsxpress_unite_blast_top1_rescue	4Z	fig4_q30_PE_itsxpress_unite_blast_top1_rescue_4Z	Zymo	4	mock_only	CustomDB BLAST	CustomDB_BLAST	ITSxpress	PE	Malassezia_globosa	3.4407418239372407e-5
fig4_q30_PE_itsxpress_unite_blast_top1_rescue	4Z	fig4_q30_PE_itsxpress_unite_blast_top1_rescue_4Z	Zymo	4	mock_only	CustomDB BLAST	CustomDB_BLAST	ITSxpress	PE	Nakaseomyces_glabratus	0.09556660415985686
fig4_q30_PE_itsxpress_unite_blast_top1_rescue	4Z	fig4_q30_PE_itsxpress_unite_blast_top1_rescue_4Z	Zymo	4	mock_only	CustomDB BLAST	CustomDB_BLAST	ITSxpress	PE	Penicillium_chrysogenum	0.12661069726633062
fig4_q30_PE_itsxpress_unite_blast_top1_rescue	4Z	fig4_q30_PE_itsxpress_unite_blast_top1_rescue_4Z	Zymo	4	mock_only	CustomDB BLAST	CustomDB_BLAST	ITSxpress	PE	Saccharomyces_cerevisiae	0.05614430471209593
fig4_q30_PE_itsxpress_unite_blast_top1_rescue	4Z	fig4_q30_PE_itsxpress_unite_blast_top1_rescue_4Z	Zymo	4	mock_only	CustomDB BLAST	CustomDB_BLAST	ITSxpress	PE	Trichophyton_interdigitale	0.003113871350663203
fig4_q30_SE_cutadapt_unite_blast_top1_rescue	1D	fig4_q30_SE_cutadapt_unite_blast_top1_rescue_1D	DNeasy	1	mock_only	CustomDB BLAST	CustomDB_BLAST	Cutadapt	SE	Aspergillus_fumigatus	0.03479044823042604
fig4_q30_SE_cutadapt_unite_blast_top1_rescue	1D	fig4_q30_SE_cutadapt_unite_blast_top1_rescue_1D	DNeasy	1	mock_only	CustomDB BLAST	CustomDB_BLAST	Cutadapt	SE	Candida_albicans	0.28880695346633073
fig4_q30_SE_cutadapt_unite_blast_top1_rescue	1D	fig4_q30_SE_cutadapt_unite_blast_top1_rescue_1D	DNeasy	1	mock_only	CustomDB BLAST	CustomDB_BLAST	Cutadapt	SE	Cryptococcus_neoformans	0.14221318107214684
fig4_q30_SE_cutadapt_unite_blast_top1_rescue	1D	fig4_q30_SE_cutadapt_unite_blast_top1_rescue_1D	DNeasy	1	mock_only	CustomDB BLAST	CustomDB_BLAST	Cutadapt	SE	Cutaneotrichosporon_dermatis	0.22990591553202802
fig4_q30_SE_cutadapt_unite_blast_top1_rescue	1D	fig4_q30_SE_cutadapt_unite_blast_top1_rescue_1D	DNeasy	1	mock_only	CustomDB BLAST	CustomDB_BLAST	Cutadapt	SE	Fusarium_keratoplasticum	0.0019302341709239695
fig4_q30_SE_cutadapt_unite_blast_top1_rescue	1D	fig4_q30_SE_cutadapt_unite_blast_top1_rescue_1D	DNeasy	1	mock_only	CustomDB BLAST	CustomDB_BLAST	Cutadapt	SE	Malassezia_globosa	0
fig4_q30_SE_cutadapt_unite_blast_top1_rescue	1D	fig4_q30_SE_cutadapt_unite_blast_top1_rescue_1D	DNeasy	1	mock_only	CustomDB BLAST	CustomDB_BLAST	Cutadapt	SE	Nakaseomyces_glabratus	0.10571210615132111
fig4_q30_SE_cutadapt_unite_blast_top1_rescue	1D	fig4_q30_SE_cutadapt_unite_blast_top1_rescue_1D	DNeasy	1	mock_only	CustomDB BLAST	CustomDB_BLAST	Cutadapt	SE	Penicillium_chrysogenum	0.13151020596870017
fig4_q30_SE_cutadapt_unite_blast_top1_rescue	1D	fig4_q30_SE_cutadapt_unite_blast_top1_rescue_1D	DNeasy	1	mock_only	CustomDB BLAST	CustomDB_BLAST	Cutadapt	SE	Saccharomyces_cerevisiae	0.06050764002866456
fig4_q30_SE_cutadapt_unite_blast_top1_rescue	1D	fig4_q30_SE_cutadapt_unite_blast_top1_rescue_1D	DNeasy	1	mock_only	CustomDB BLAST	CustomDB_BLAST	Cutadapt	SE	Trichophyton_interdigitale	0.00462331537945861
fig4_q30_SE_cutadapt_unite_blast_top1_rescue	1Q	fig4_q30_SE_cutadapt_unite_blast_top1_rescue_1Q	QIAamp	1	mock_only	CustomDB BLAST	CustomDB_BLAST	Cutadapt	SE	Aspergillus_fumigatus	0.03159251615018367
fig4_q30_SE_cutadapt_unite_blast_top1_rescue	1Q	fig4_q30_SE_cutadapt_unite_blast_top1_rescue_1Q	QIAamp	1	mock_only	CustomDB BLAST	CustomDB_BLAST	Cutadapt	SE	Candida_albicans	0.2891236802300889
fig4_q30_SE_cutadapt_unite_blast_top1_rescue	1Q	fig4_q30_SE_cutadapt_unite_blast_top1_rescue_1Q	QIAamp	1	mock_only	CustomDB BLAST	CustomDB_BLAST	Cutadapt	SE	Cryptococcus_neoformans	0.16471324575848117
fig4_q30_SE_cutadapt_unite_blast_top1_rescue	1Q	fig4_q30_SE_cutadapt_unite_blast_top1_rescue_1Q	QIAamp	1	mock_only	CustomDB BLAST	CustomDB_BLAST	Cutadapt	SE	Cutaneotrichosporon_dermatis	0.2229507708126877
fig4_q30_SE_cutadapt_unite_blast_top1_rescue	1Q	fig4_q30_SE_cutadapt_unite_blast_top1_rescue_1Q	QIAamp	1	mock_only	CustomDB BLAST	CustomDB_BLAST	Cutadapt	SE	Fusarium_keratoplasticum	0.001691391784455588
fig4_q30_SE_cutadapt_unite_blast_top1_rescue	1Q	fig4_q30_SE_cutadapt_unite_blast_top1_rescue_1Q	QIAamp	1	mock_only	CustomDB BLAST	CustomDB_BLAST	Cutadapt	SE	Malassezia_globosa	0
fig4_q30_SE_cutadapt_unite_blast_top1_rescue	1Q	fig4_q30_SE_cutadapt_unite_blast_top1_rescue_1Q	QIAamp	1	mock_only	CustomDB BLAST	CustomDB_BLAST	Cutadapt	SE	Nakaseomyces_glabratus	0.11567778613952864
fig4_q30_SE_cutadapt_unite_blast_top1_rescue	1Q	fig4_q30_SE_cutadapt_unite_blast_top1_rescue_1Q	QIAamp	1	mock_only	CustomDB BLAST	CustomDB_BLAST	Cutadapt	SE	Penicillium_chrysogenum	0.1264967327079406
fig4_q30_SE_cutadapt_unite_blast_top1_rescue	1Q	fig4_q30_SE_cutadapt_unite_blast_top1_rescue_1Q	QIAamp	1	mock_only	CustomDB BLAST	CustomDB_BLAST	Cutadapt	SE	Saccharomyces_cerevisiae	0.042933037277678845
fig4_q30_SE_cutadapt_unite_blast_top1_rescue	1Q	fig4_q30_SE_cutadapt_unite_blast_top1_rescue_1Q	QIAamp	1	mock_only	CustomDB BLAST	CustomDB_BLAST	Cutadapt	SE	Trichophyton_interdigitale	0.004820839138954914
fig4_q30_SE_cutadapt_unite_blast_top1_rescue	1Z	fig4_q30_SE_cutadapt_unite_blast_top1_rescue_1Z	Zymo	1	mock_only	CustomDB BLAST	CustomDB_BLAST	Cutadapt	SE	Aspergillus_fumigatus	0.031603257566549164
fig4_q30_SE_cutadapt_unite_blast_top1_rescue	1Z	fig4_q30_SE_cutadapt_unite_blast_top1_rescue_1Z	Zymo	1	mock_only	CustomDB BLAST	CustomDB_BLAST	Cutadapt	SE	Candida_albicans	0.2893687083549731
fig4_q30_SE_cutadapt_unite_blast_top1_rescue	1Z	fig4_q30_SE_cutadapt_unite_blast_top1_rescue_1Z	Zymo	1	mock_only	CustomDB BLAST	CustomDB_BLAST	Cutadapt	SE	Cryptococcus_neoformans	0.13923113473374807
fig4_q30_SE_cutadapt_unite_blast_top1_rescue	1Z	fig4_q30_SE_cutadapt_unite_blast_top1_rescue_1Z	Zymo	1	mock_only	CustomDB BLAST	CustomDB_BLAST	Cutadapt	SE	Cutaneotrichosporon_dermatis	0.26338994662806503
fig4_q30_SE_cutadapt_unite_blast_top1_rescue	1Z	fig4_q30_SE_cutadapt_unite_blast_top1_rescue_1Z	Zymo	1	mock_only	CustomDB BLAST	CustomDB_BLAST	Cutadapt	SE	Fusarium_keratoplasticum	0.0014696619777451185
fig4_q30_SE_cutadapt_unite_blast_top1_rescue	1Z	fig4_q30_SE_cutadapt_unite_blast_top1_rescue_1Z	Zymo	1	mock_only	CustomDB BLAST	CustomDB_BLAST	Cutadapt	SE	Malassezia_globosa	5.525045029116987e-5
fig4_q30_SE_cutadapt_unite_blast_top1_rescue	1Z	fig4_q30_SE_cutadapt_unite_blast_top1_rescue_1Z	Zymo	1	mock_only	CustomDB BLAST	CustomDB_BLAST	Cutadapt	SE	Nakaseomyces_glabratus	0.0900913842447816
fig4_q30_SE_cutadapt_unite_blast_top1_rescue	1Z	fig4_q30_SE_cutadapt_unite_blast_top1_rescue_1Z	Zymo	1	mock_only	CustomDB BLAST	CustomDB_BLAST	Cutadapt	SE	Penicillium_chrysogenum	0.13548515420400675
fig4_q30_SE_cutadapt_unite_blast_top1_rescue	1Z	fig4_q30_SE_cutadapt_unite_blast_top1_rescue_1Z	Zymo	1	mock_only	CustomDB BLAST	CustomDB_BLAST	Cutadapt	SE	Saccharomyces_cerevisiae	0.044962816446954046
fig4_q30_SE_cutadapt_unite_blast_top1_rescue	1Z	fig4_q30_SE_cutadapt_unite_blast_top1_rescue_1Z	Zymo	1	mock_only	CustomDB BLAST	CustomDB_BLAST	Cutadapt	SE	Trichophyton_interdigitale	0.004342685392885952
fig4_q30_SE_cutadapt_unite_blast_top1_rescue	2D	fig4_q30_SE_cutadapt_unite_blast_top1_rescue_2D	DNeasy	2	mock_only	CustomDB BLAST	CustomDB_BLAST	Cutadapt	SE	Aspergillus_fumigatus	0.028340349679523646
fig4_q30_SE_cutadapt_unite_blast_top1_rescue	2D	fig4_q30_SE_cutadapt_unite_blast_top1_rescue_2D	DNeasy	2	mock_only	CustomDB BLAST	CustomDB_BLAST	Cutadapt	SE	Candida_albicans	0.3074012970758903
fig4_q30_SE_cutadapt_unite_blast_top1_rescue	2D	fig4_q30_SE_cutadapt_unite_blast_top1_rescue_2D	DNeasy	2	mock_only	CustomDB BLAST	CustomDB_BLAST	Cutadapt	SE	Cryptococcus_neoformans	0.14802594151780635
fig4_q30_SE_cutadapt_unite_blast_top1_rescue	2D	fig4_q30_SE_cutadapt_unite_blast_top1_rescue_2D	DNeasy	2	mock_only	CustomDB BLAST	CustomDB_BLAST	Cutadapt	SE	Cutaneotrichosporon_dermatis	0.22782265710926536
fig4_q30_SE_cutadapt_unite_blast_top1_rescue	2D	fig4_q30_SE_cutadapt_unite_blast_top1_rescue_2D	DNeasy	2	mock_only	CustomDB BLAST	CustomDB_BLAST	Cutadapt	SE	Fusarium_keratoplasticum	0.0014886031782151933
fig4_q30_SE_cutadapt_unite_blast_top1_rescue	2D	fig4_q30_SE_cutadapt_unite_blast_top1_rescue_2D	DNeasy	2	mock_only	CustomDB BLAST	CustomDB_BLAST	Cutadapt	SE	Malassezia_globosa	0
fig4_q30_SE_cutadapt_unite_blast_top1_rescue	2D	fig4_q30_SE_cutadapt_unite_blast_top1_rescue_2D	DNeasy	2	mock_only	CustomDB BLAST	CustomDB_BLAST	Cutadapt	SE	Nakaseomyces_glabratus	0.10687601926650737
fig4_q30_SE_cutadapt_unite_blast_top1_rescue	2D	fig4_q30_SE_cutadapt_unite_blast_top1_rescue_2D	DNeasy	2	mock_only	CustomDB BLAST	CustomDB_BLAST	Cutadapt	SE	Penicillium_chrysogenum	0.10981529942731445
fig4_q30_SE_cutadapt_unite_blast_top1_rescue	2D	fig4_q30_SE_cutadapt_unite_blast_top1_rescue_2D	DNeasy	2	mock_only	CustomDB BLAST	CustomDB_BLAST	Cutadapt	SE	Saccharomyces_cerevisiae	0.06644669473205143
fig4_q30_SE_cutadapt_unite_blast_top1_rescue	2D	fig4_q30_SE_cutadapt_unite_blast_top1_rescue_2D	DNeasy	2	mock_only	CustomDB BLAST	CustomDB_BLAST	Cutadapt	SE	Trichophyton_interdigitale	0.0037831380134258734
fig4_q30_SE_cutadapt_unite_blast_top1_rescue	2Q	fig4_q30_SE_cutadapt_unite_blast_top1_rescue_2Q	QIAamp	2	mock_only	CustomDB BLAST	CustomDB_BLAST	Cutadapt	SE	Aspergillus_fumigatus	0.033474923975479076
fig4_q30_SE_cutadapt_unite_blast_top1_rescue	2Q	fig4_q30_SE_cutadapt_unite_blast_top1_rescue_2Q	QIAamp	2	mock_only	CustomDB BLAST	CustomDB_BLAST	Cutadapt	SE	Candida_albicans	0.2862142202056282
fig4_q30_SE_cutadapt_unite_blast_top1_rescue	2Q	fig4_q30_SE_cutadapt_unite_blast_top1_rescue_2Q	QIAamp	2	mock_only	CustomDB BLAST	CustomDB_BLAST	Cutadapt	SE	Cryptococcus_neoformans	0.1635371916783318
fig4_q30_SE_cutadapt_unite_blast_top1_rescue	2Q	fig4_q30_SE_cutadapt_unite_blast_top1_rescue_2Q	QIAamp	2	mock_only	CustomDB BLAST	CustomDB_BLAST	Cutadapt	SE	Cutaneotrichosporon_dermatis	0.2174864443049991
fig4_q30_SE_cutadapt_unite_blast_top1_rescue	2Q	fig4_q30_SE_cutadapt_unite_blast_top1_rescue_2Q	QIAamp	2	mock_only	CustomDB BLAST	CustomDB_BLAST	Cutadapt	SE	Fusarium_keratoplasticum	0.002075590095090988
fig4_q30_SE_cutadapt_unite_blast_top1_rescue	2Q	fig4_q30_SE_cutadapt_unite_blast_top1_rescue_2Q	QIAamp	2	mock_only	CustomDB BLAST	CustomDB_BLAST	Cutadapt	SE	Malassezia_globosa	3.2179691396759504e-5
fig4_q30_SE_cutadapt_unite_blast_top1_rescue	2Q	fig4_q30_SE_cutadapt_unite_blast_top1_rescue_2Q	QIAamp	2	mock_only	CustomDB BLAST	CustomDB_BLAST	Cutadapt	SE	Nakaseomyces_glabratus	0.11349777155637078
fig4_q30_SE_cutadapt_unite_blast_top1_rescue	2Q	fig4_q30_SE_cutadapt_unite_blast_top1_rescue_2Q	QIAamp	2	mock_only	CustomDB BLAST	CustomDB_BLAST	Cutadapt	SE	Penicillium_chrysogenum	0.13188846518961883
fig4_q30_SE_cutadapt_unite_blast_top1_rescue	2Q	fig4_q30_SE_cutadapt_unite_blast_top1_rescue_2Q	QIAamp	2	mock_only	CustomDB BLAST	CustomDB_BLAST	Cutadapt	SE	Saccharomyces_cerevisiae	0.04658814821965857
fig4_q30_SE_cutadapt_unite_blast_top1_rescue	2Q	fig4_q30_SE_cutadapt_unite_blast_top1_rescue_2Q	QIAamp	2	mock_only	CustomDB BLAST	CustomDB_BLAST	Cutadapt	SE	Trichophyton_interdigitale	0.00520506508342585
fig4_q30_SE_cutadapt_unite_blast_top1_rescue	2Z	fig4_q30_SE_cutadapt_unite_blast_top1_rescue_2Z	Zymo	2	mock_only	CustomDB BLAST	CustomDB_BLAST	Cutadapt	SE	Aspergillus_fumigatus	0.03408957098559485
fig4_q30_SE_cutadapt_unite_blast_top1_rescue	2Z	fig4_q30_SE_cutadapt_unite_blast_top1_rescue_2Z	Zymo	2	mock_only	CustomDB BLAST	CustomDB_BLAST	Cutadapt	SE	Candida_albicans	0.29990775994033836
fig4_q30_SE_cutadapt_unite_blast_top1_rescue	2Z	fig4_q30_SE_cutadapt_unite_blast_top1_rescue_2Z	Zymo	2	mock_only	CustomDB BLAST	CustomDB_BLAST	Cutadapt	SE	Cryptococcus_neoformans	0.1504297994269341
fig4_q30_SE_cutadapt_unite_blast_top1_rescue	2Z	fig4_q30_SE_cutadapt_unite_blast_top1_rescue_2Z	Zymo	2	mock_only	CustomDB BLAST	CustomDB_BLAST	Cutadapt	SE	Cutaneotrichosporon_dermatis	0.20901205008438983
fig4_q30_SE_cutadapt_unite_blast_top1_rescue	2Z	fig4_q30_SE_cutadapt_unite_blast_top1_rescue_2Z	Zymo	2	mock_only	CustomDB BLAST	CustomDB_BLAST	Cutadapt	SE	Fusarium_keratoplasticum	0.001903677827059701
fig4_q30_SE_cutadapt_unite_blast_top1_rescue	2Z	fig4_q30_SE_cutadapt_unite_blast_top1_rescue_2Z	Zymo	2	mock_only	CustomDB BLAST	CustomDB_BLAST	Cutadapt	SE	Malassezia_globosa	1.3737881226204027e-4
fig4_q30_SE_cutadapt_unite_blast_top1_rescue	2Z	fig4_q30_SE_cutadapt_unite_blast_top1_rescue_2Z	Zymo	2	mock_only	CustomDB BLAST	CustomDB_BLAST	Cutadapt	SE	Nakaseomyces_glabratus	0.10076735879420654
fig4_q30_SE_cutadapt_unite_blast_top1_rescue	2Z	fig4_q30_SE_cutadapt_unite_blast_top1_rescue_2Z	Zymo	2	mock_only	CustomDB BLAST	CustomDB_BLAST	Cutadapt	SE	Penicillium_chrysogenum	0.1441594379244024
fig4_q30_SE_cutadapt_unite_blast_top1_rescue	2Z	fig4_q30_SE_cutadapt_unite_blast_top1_rescue_2Z	Zymo	2	mock_only	CustomDB BLAST	CustomDB_BLAST	Cutadapt	SE	Saccharomyces_cerevisiae	0.054392196883463514
fig4_q30_SE_cutadapt_unite_blast_top1_rescue	2Z	fig4_q30_SE_cutadapt_unite_blast_top1_rescue_2Z	Zymo	2	mock_only	CustomDB BLAST	CustomDB_BLAST	Cutadapt	SE	Trichophyton_interdigitale	0.005200769321348667
fig4_q30_SE_cutadapt_unite_blast_top1_rescue	3D	fig4_q30_SE_cutadapt_unite_blast_top1_rescue_3D	DNeasy	3	mock_only	CustomDB BLAST	CustomDB_BLAST	Cutadapt	SE	Aspergillus_fumigatus	0.033676181857845794
fig4_q30_SE_cutadapt_unite_blast_top1_rescue	3D	fig4_q30_SE_cutadapt_unite_blast_top1_rescue_3D	DNeasy	3	mock_only	CustomDB BLAST	CustomDB_BLAST	Cutadapt	SE	Candida_albicans	0.3017040083382485
fig4_q30_SE_cutadapt_unite_blast_top1_rescue	3D	fig4_q30_SE_cutadapt_unite_blast_top1_rescue_3D	DNeasy	3	mock_only	CustomDB BLAST	CustomDB_BLAST	Cutadapt	SE	Cryptococcus_neoformans	0.14881996008629117
fig4_q30_SE_cutadapt_unite_blast_top1_rescue	3D	fig4_q30_SE_cutadapt_unite_blast_top1_rescue_3D	DNeasy	3	mock_only	CustomDB BLAST	CustomDB_BLAST	Cutadapt	SE	Cutaneotrichosporon_dermatis	0.2030347346223145
fig4_q30_SE_cutadapt_unite_blast_top1_rescue	3D	fig4_q30_SE_cutadapt_unite_blast_top1_rescue_3D	DNeasy	3	mock_only	CustomDB BLAST	CustomDB_BLAST	Cutadapt	SE	Fusarium_keratoplasticum	0.002116880913329078
fig4_q30_SE_cutadapt_unite_blast_top1_rescue	3D	fig4_q30_SE_cutadapt_unite_blast_top1_rescue_3D	DNeasy	3	mock_only	CustomDB BLAST	CustomDB_BLAST	Cutadapt	SE	Malassezia_globosa	0
fig4_q30_SE_cutadapt_unite_blast_top1_rescue	3D	fig4_q30_SE_cutadapt_unite_blast_top1_rescue_3D	DNeasy	3	mock_only	CustomDB BLAST	CustomDB_BLAST	Cutadapt	SE	Nakaseomyces_glabratus	0.11049795179652089
fig4_q30_SE_cutadapt_unite_blast_top1_rescue	3D	fig4_q30_SE_cutadapt_unite_blast_top1_rescue_3D	DNeasy	3	mock_only	CustomDB BLAST	CustomDB_BLAST	Cutadapt	SE	Penicillium_chrysogenum	0.13781541121623697
fig4_q30_SE_cutadapt_unite_blast_top1_rescue	3D	fig4_q30_SE_cutadapt_unite_blast_top1_rescue_3D	DNeasy	3	mock_only	CustomDB BLAST	CustomDB_BLAST	Cutadapt	SE	Saccharomyces_cerevisiae	0.057309298924592175
fig4_q30_SE_cutadapt_unite_blast_top1_rescue	3D	fig4_q30_SE_cutadapt_unite_blast_top1_rescue_3D	DNeasy	3	mock_only	CustomDB BLAST	CustomDB_BLAST	Cutadapt	SE	Trichophyton_interdigitale	0.0050255722446209405
fig4_q30_SE_cutadapt_unite_blast_top1_rescue	3Q	fig4_q30_SE_cutadapt_unite_blast_top1_rescue_3Q	QIAamp	3	mock_only	CustomDB BLAST	CustomDB_BLAST	Cutadapt	SE	Aspergillus_fumigatus	0.03360591159770708
fig4_q30_SE_cutadapt_unite_blast_top1_rescue	3Q	fig4_q30_SE_cutadapt_unite_blast_top1_rescue_3Q	QIAamp	3	mock_only	CustomDB BLAST	CustomDB_BLAST	Cutadapt	SE	Candida_albicans	0.3040741847555399
fig4_q30_SE_cutadapt_unite_blast_top1_rescue	3Q	fig4_q30_SE_cutadapt_unite_blast_top1_rescue_3Q	QIAamp	3	mock_only	CustomDB BLAST	CustomDB_BLAST	Cutadapt	SE	Cryptococcus_neoformans	0.15937225497387414
fig4_q30_SE_cutadapt_unite_blast_top1_rescue	3Q	fig4_q30_SE_cutadapt_unite_blast_top1_rescue_3Q	QIAamp	3	mock_only	CustomDB BLAST	CustomDB_BLAST	Cutadapt	SE	Cutaneotrichosporon_dermatis	0.2161880699466616
fig4_q30_SE_cutadapt_unite_blast_top1_rescue	3Q	fig4_q30_SE_cutadapt_unite_blast_top1_rescue_3Q	QIAamp	3	mock_only	CustomDB BLAST	CustomDB_BLAST	Cutadapt	SE	Fusarium_keratoplasticum	0.0022911063417461307
fig4_q30_SE_cutadapt_unite_blast_top1_rescue	3Q	fig4_q30_SE_cutadapt_unite_blast_top1_rescue_3Q	QIAamp	3	mock_only	CustomDB BLAST	CustomDB_BLAST	Cutadapt	SE	Malassezia_globosa	1.8111512582973367e-5
fig4_q30_SE_cutadapt_unite_blast_top1_rescue	3Q	fig4_q30_SE_cutadapt_unite_blast_top1_rescue_3Q	QIAamp	3	mock_only	CustomDB BLAST	CustomDB_BLAST	Cutadapt	SE	Nakaseomyces_glabratus	0.10783594591902343
fig4_q30_SE_cutadapt_unite_blast_top1_rescue	3Q	fig4_q30_SE_cutadapt_unite_blast_top1_rescue_3Q	QIAamp	3	mock_only	CustomDB BLAST	CustomDB_BLAST	Cutadapt	SE	Penicillium_chrysogenum	0.13080134387423364
fig4_q30_SE_cutadapt_unite_blast_top1_rescue	3Q	fig4_q30_SE_cutadapt_unite_blast_top1_rescue_3Q	QIAamp	3	mock_only	CustomDB BLAST	CustomDB_BLAST	Cutadapt	SE	Saccharomyces_cerevisiae	0.039256703523594776
fig4_q30_SE_cutadapt_unite_blast_top1_rescue	3Q	fig4_q30_SE_cutadapt_unite_blast_top1_rescue_3Q	QIAamp	3	mock_only	CustomDB BLAST	CustomDB_BLAST	Cutadapt	SE	Trichophyton_interdigitale	0.0065563675550363585
fig4_q30_SE_cutadapt_unite_blast_top1_rescue	3Z	fig4_q30_SE_cutadapt_unite_blast_top1_rescue_3Z	Zymo	3	mock_only	CustomDB BLAST	CustomDB_BLAST	Cutadapt	SE	Aspergillus_fumigatus	0.028647608014174732
fig4_q30_SE_cutadapt_unite_blast_top1_rescue	3Z	fig4_q30_SE_cutadapt_unite_blast_top1_rescue_3Z	Zymo	3	mock_only	CustomDB BLAST	CustomDB_BLAST	Cutadapt	SE	Candida_albicans	0.3030359820089955
fig4_q30_SE_cutadapt_unite_blast_top1_rescue	3Z	fig4_q30_SE_cutadapt_unite_blast_top1_rescue_3Z	Zymo	3	mock_only	CustomDB BLAST	CustomDB_BLAST	Cutadapt	SE	Cryptococcus_neoformans	0.15472945345509065
fig4_q30_SE_cutadapt_unite_blast_top1_rescue	3Z	fig4_q30_SE_cutadapt_unite_blast_top1_rescue_3Z	Zymo	3	mock_only	CustomDB BLAST	CustomDB_BLAST	Cutadapt	SE	Cutaneotrichosporon_dermatis	0.22452978056426331
fig4_q30_SE_cutadapt_unite_blast_top1_rescue	3Z	fig4_q30_SE_cutadapt_unite_blast_top1_rescue_3Z	Zymo	3	mock_only	CustomDB BLAST	CustomDB_BLAST	Cutadapt	SE	Fusarium_keratoplasticum	0.0015162873108900095
fig4_q30_SE_cutadapt_unite_blast_top1_rescue	3Z	fig4_q30_SE_cutadapt_unite_blast_top1_rescue_3Z	Zymo	3	mock_only	CustomDB BLAST	CustomDB_BLAST	Cutadapt	SE	Malassezia_globosa	5.9629276270955434e-5
fig4_q30_SE_cutadapt_unite_blast_top1_rescue	3Z	fig4_q30_SE_cutadapt_unite_blast_top1_rescue_3Z	Zymo	3	mock_only	CustomDB BLAST	CustomDB_BLAST	Cutadapt	SE	Nakaseomyces_glabratus	0.09872904456862477
fig4_q30_SE_cutadapt_unite_blast_top1_rescue	3Z	fig4_q30_SE_cutadapt_unite_blast_top1_rescue_3Z	Zymo	3	mock_only	CustomDB BLAST	CustomDB_BLAST	Cutadapt	SE	Penicillium_chrysogenum	0.1301536731634183
fig4_q30_SE_cutadapt_unite_blast_top1_rescue	3Z	fig4_q30_SE_cutadapt_unite_blast_top1_rescue_3Z	Zymo	3	mock_only	CustomDB BLAST	CustomDB_BLAST	Cutadapt	SE	Saccharomyces_cerevisiae	0.054441529235382306
fig4_q30_SE_cutadapt_unite_blast_top1_rescue	3Z	fig4_q30_SE_cutadapt_unite_blast_top1_rescue_3Z	Zymo	3	mock_only	CustomDB BLAST	CustomDB_BLAST	Cutadapt	SE	Trichophyton_interdigitale	0.004157012402889465
fig4_q30_SE_cutadapt_unite_blast_top1_rescue	4D	fig4_q30_SE_cutadapt_unite_blast_top1_rescue_4D	DNeasy	4	mock_only	CustomDB BLAST	CustomDB_BLAST	Cutadapt	SE	Aspergillus_fumigatus	0.030570668552554386
fig4_q30_SE_cutadapt_unite_blast_top1_rescue	4D	fig4_q30_SE_cutadapt_unite_blast_top1_rescue_4D	DNeasy	4	mock_only	CustomDB BLAST	CustomDB_BLAST	Cutadapt	SE	Candida_albicans	0.3009892874076812
fig4_q30_SE_cutadapt_unite_blast_top1_rescue	4D	fig4_q30_SE_cutadapt_unite_blast_top1_rescue_4D	DNeasy	4	mock_only	CustomDB BLAST	CustomDB_BLAST	Cutadapt	SE	Cryptococcus_neoformans	0.1502414954232398
fig4_q30_SE_cutadapt_unite_blast_top1_rescue	4D	fig4_q30_SE_cutadapt_unite_blast_top1_rescue_4D	DNeasy	4	mock_only	CustomDB BLAST	CustomDB_BLAST	Cutadapt	SE	Cutaneotrichosporon_dermatis	0.21650205331383154
fig4_q30_SE_cutadapt_unite_blast_top1_rescue	4D	fig4_q30_SE_cutadapt_unite_blast_top1_rescue_4D	DNeasy	4	mock_only	CustomDB BLAST	CustomDB_BLAST	Cutadapt	SE	Fusarium_keratoplasticum	0.002097514324978101
fig4_q30_SE_cutadapt_unite_blast_top1_rescue	4D	fig4_q30_SE_cutadapt_unite_blast_top1_rescue_4D	DNeasy	4	mock_only	CustomDB BLAST	CustomDB_BLAST	Cutadapt	SE	Malassezia_globosa	1.6072906704813032e-5
fig4_q30_SE_cutadapt_unite_blast_top1_rescue	4D	fig4_q30_SE_cutadapt_unite_blast_top1_rescue_4D	DNeasy	4	mock_only	CustomDB BLAST	CustomDB_BLAST	Cutadapt	SE	Nakaseomyces_glabratus	0.1119960139191372
fig4_q30_SE_cutadapt_unite_blast_top1_rescue	4D	fig4_q30_SE_cutadapt_unite_blast_top1_rescue_4D	DNeasy	4	mock_only	CustomDB BLAST	CustomDB_BLAST	Cutadapt	SE	Penicillium_chrysogenum	0.11987173820449559
fig4_q30_SE_cutadapt_unite_blast_top1_rescue	4D	fig4_q30_SE_cutadapt_unite_blast_top1_rescue_4D	DNeasy	4	mock_only	CustomDB BLAST	CustomDB_BLAST	Cutadapt	SE	Saccharomyces_cerevisiae	0.06267629969541842
fig4_q30_SE_cutadapt_unite_blast_top1_rescue	4D	fig4_q30_SE_cutadapt_unite_blast_top1_rescue_4D	DNeasy	4	mock_only	CustomDB BLAST	CustomDB_BLAST	Cutadapt	SE	Trichophyton_interdigitale	0.005038856251958886
fig4_q30_SE_cutadapt_unite_blast_top1_rescue	4Q	fig4_q30_SE_cutadapt_unite_blast_top1_rescue_4Q	QIAamp	4	mock_only	CustomDB BLAST	CustomDB_BLAST	Cutadapt	SE	Aspergillus_fumigatus	0.03477099032654588
fig4_q30_SE_cutadapt_unite_blast_top1_rescue	4Q	fig4_q30_SE_cutadapt_unite_blast_top1_rescue_4Q	QIAamp	4	mock_only	CustomDB BLAST	CustomDB_BLAST	Cutadapt	SE	Candida_albicans	0.2819517930629042
fig4_q30_SE_cutadapt_unite_blast_top1_rescue	4Q	fig4_q30_SE_cutadapt_unite_blast_top1_rescue_4Q	QIAamp	4	mock_only	CustomDB BLAST	CustomDB_BLAST	Cutadapt	SE	Cryptococcus_neoformans	0.1490460157126824
fig4_q30_SE_cutadapt_unite_blast_top1_rescue	4Q	fig4_q30_SE_cutadapt_unite_blast_top1_rescue_4Q	QIAamp	4	mock_only	CustomDB BLAST	CustomDB_BLAST	Cutadapt	SE	Cutaneotrichosporon_dermatis	0.2441985997541553
fig4_q30_SE_cutadapt_unite_blast_top1_rescue	4Q	fig4_q30_SE_cutadapt_unite_blast_top1_rescue_4Q	QIAamp	4	mock_only	CustomDB BLAST	CustomDB_BLAST	Cutadapt	SE	Fusarium_keratoplasticum	0.0020522687189353855
fig4_q30_SE_cutadapt_unite_blast_top1_rescue	4Q	fig4_q30_SE_cutadapt_unite_blast_top1_rescue_4Q	QIAamp	4	mock_only	CustomDB BLAST	CustomDB_BLAST	Cutadapt	SE	Malassezia_globosa	0
fig4_q30_SE_cutadapt_unite_blast_top1_rescue	4Q	fig4_q30_SE_cutadapt_unite_blast_top1_rescue_4Q	QIAamp	4	mock_only	CustomDB BLAST	CustomDB_BLAST	Cutadapt	SE	Nakaseomyces_glabratus	0.10934744268077601
fig4_q30_SE_cutadapt_unite_blast_top1_rescue	4Q	fig4_q30_SE_cutadapt_unite_blast_top1_rescue_4Q	QIAamp	4	mock_only	CustomDB BLAST	CustomDB_BLAST	Cutadapt	SE	Penicillium_chrysogenum	0.13041526374859708
fig4_q30_SE_cutadapt_unite_blast_top1_rescue	4Q	fig4_q30_SE_cutadapt_unite_blast_top1_rescue_4Q	QIAamp	4	mock_only	CustomDB BLAST	CustomDB_BLAST	Cutadapt	SE	Saccharomyces_cerevisiae	0.04196461974239752
fig4_q30_SE_cutadapt_unite_blast_top1_rescue	4Q	fig4_q30_SE_cutadapt_unite_blast_top1_rescue_4Q	QIAamp	4	mock_only	CustomDB BLAST	CustomDB_BLAST	Cutadapt	SE	Trichophyton_interdigitale	0.006253006253006253
fig4_q30_SE_cutadapt_unite_blast_top1_rescue	4Z	fig4_q30_SE_cutadapt_unite_blast_top1_rescue_4Z	Zymo	4	mock_only	CustomDB BLAST	CustomDB_BLAST	Cutadapt	SE	Aspergillus_fumigatus	0.0261870843049897
fig4_q30_SE_cutadapt_unite_blast_top1_rescue	4Z	fig4_q30_SE_cutadapt_unite_blast_top1_rescue_4Z	Zymo	4	mock_only	CustomDB BLAST	CustomDB_BLAST	Cutadapt	SE	Candida_albicans	0.31430852849637503
fig4_q30_SE_cutadapt_unite_blast_top1_rescue	4Z	fig4_q30_SE_cutadapt_unite_blast_top1_rescue_4Z	Zymo	4	mock_only	CustomDB BLAST	CustomDB_BLAST	Cutadapt	SE	Cryptococcus_neoformans	0.15136062137613762
fig4_q30_SE_cutadapt_unite_blast_top1_rescue	4Z	fig4_q30_SE_cutadapt_unite_blast_top1_rescue_4Z	Zymo	4	mock_only	CustomDB BLAST	CustomDB_BLAST	Cutadapt	SE	Cutaneotrichosporon_dermatis	0.23101980817915377
fig4_q30_SE_cutadapt_unite_blast_top1_rescue	4Z	fig4_q30_SE_cutadapt_unite_blast_top1_rescue_4Z	Zymo	4	mock_only	CustomDB BLAST	CustomDB_BLAST	Cutadapt	SE	Fusarium_keratoplasticum	0.0019690219314562594
fig4_q30_SE_cutadapt_unite_blast_top1_rescue	4Z	fig4_q30_SE_cutadapt_unite_blast_top1_rescue_4Z	Zymo	4	mock_only	CustomDB BLAST	CustomDB_BLAST	Cutadapt	SE	Malassezia_globosa	3.629533514205087e-5
fig4_q30_SE_cutadapt_unite_blast_top1_rescue	4Z	fig4_q30_SE_cutadapt_unite_blast_top1_rescue_4Z	Zymo	4	mock_only	CustomDB BLAST	CustomDB_BLAST	Cutadapt	SE	Nakaseomyces_glabratus	0.09317012530964458
fig4_q30_SE_cutadapt_unite_blast_top1_rescue	4Z	fig4_q30_SE_cutadapt_unite_blast_top1_rescue_4Z	Zymo	4	mock_only	CustomDB BLAST	CustomDB_BLAST	Cutadapt	SE	Penicillium_chrysogenum	0.12266915894634642
fig4_q30_SE_cutadapt_unite_blast_top1_rescue	4Z	fig4_q30_SE_cutadapt_unite_blast_top1_rescue_4Z	Zymo	4	mock_only	CustomDB BLAST	CustomDB_BLAST	Cutadapt	SE	Saccharomyces_cerevisiae	0.055894816118758336
fig4_q30_SE_cutadapt_unite_blast_top1_rescue	4Z	fig4_q30_SE_cutadapt_unite_blast_top1_rescue_4Z	Zymo	4	mock_only	CustomDB BLAST	CustomDB_BLAST	Cutadapt	SE	Trichophyton_interdigitale	0.0033845400019962436
fig4_q30_SE_itsxpress_unite_blast_top1_rescue	1D	fig4_q30_SE_itsxpress_unite_blast_top1_rescue_1D	DNeasy	1	mock_only	CustomDB BLAST	CustomDB_BLAST	ITSxpress	SE	Aspergillus_fumigatus	0.03541537423406363
fig4_q30_SE_itsxpress_unite_blast_top1_rescue	1D	fig4_q30_SE_itsxpress_unite_blast_top1_rescue_1D	DNeasy	1	mock_only	CustomDB BLAST	CustomDB_BLAST	ITSxpress	SE	Candida_albicans	0.2875349637030507
fig4_q30_SE_itsxpress_unite_blast_top1_rescue	1D	fig4_q30_SE_itsxpress_unite_blast_top1_rescue_1D	DNeasy	1	mock_only	CustomDB BLAST	CustomDB_BLAST	ITSxpress	SE	Cryptococcus_neoformans	0.13952830291355123
fig4_q30_SE_itsxpress_unite_blast_top1_rescue	1D	fig4_q30_SE_itsxpress_unite_blast_top1_rescue_1D	DNeasy	1	mock_only	CustomDB BLAST	CustomDB_BLAST	ITSxpress	SE	Cutaneotrichosporon_dermatis	0.2264233084097909
fig4_q30_SE_itsxpress_unite_blast_top1_rescue	1D	fig4_q30_SE_itsxpress_unite_blast_top1_rescue_1D	DNeasy	1	mock_only	CustomDB BLAST	CustomDB_BLAST	ITSxpress	SE	Fusarium_keratoplasticum	0.0018284520194599536
fig4_q30_SE_itsxpress_unite_blast_top1_rescue	1D	fig4_q30_SE_itsxpress_unite_blast_top1_rescue_1D	DNeasy	1	mock_only	CustomDB BLAST	CustomDB_BLAST	ITSxpress	SE	Malassezia_globosa	0
fig4_q30_SE_itsxpress_unite_blast_top1_rescue	1D	fig4_q30_SE_itsxpress_unite_blast_top1_rescue_1D	DNeasy	1	mock_only	CustomDB BLAST	CustomDB_BLAST	ITSxpress	SE	Nakaseomyces_glabratus	0.10923912451975926
fig4_q30_SE_itsxpress_unite_blast_top1_rescue	1D	fig4_q30_SE_itsxpress_unite_blast_top1_rescue_1D	DNeasy	1	mock_only	CustomDB BLAST	CustomDB_BLAST	ITSxpress	SE	Penicillium_chrysogenum	0.13446740893111742
fig4_q30_SE_itsxpress_unite_blast_top1_rescue	1D	fig4_q30_SE_itsxpress_unite_blast_top1_rescue_1D	DNeasy	1	mock_only	CustomDB BLAST	CustomDB_BLAST	ITSxpress	SE	Saccharomyces_cerevisiae	0.060719844146232625
fig4_q30_SE_itsxpress_unite_blast_top1_rescue	1D	fig4_q30_SE_itsxpress_unite_blast_top1_rescue_1D	DNeasy	1	mock_only	CustomDB BLAST	CustomDB_BLAST	ITSxpress	SE	Trichophyton_interdigitale	0.004843221122974282
fig4_q30_SE_itsxpress_unite_blast_top1_rescue	1Q	fig4_q30_SE_itsxpress_unite_blast_top1_rescue_1Q	QIAamp	1	mock_only	CustomDB BLAST	CustomDB_BLAST	ITSxpress	SE	Aspergillus_fumigatus	0.03208240023368061
fig4_q30_SE_itsxpress_unite_blast_top1_rescue	1Q	fig4_q30_SE_itsxpress_unite_blast_top1_rescue_1Q	QIAamp	1	mock_only	CustomDB BLAST	CustomDB_BLAST	ITSxpress	SE	Candida_albicans	0.2881574005814196
fig4_q30_SE_itsxpress_unite_blast_top1_rescue	1Q	fig4_q30_SE_itsxpress_unite_blast_top1_rescue_1Q	QIAamp	1	mock_only	CustomDB BLAST	CustomDB_BLAST	ITSxpress	SE	Cryptococcus_neoformans	0.1610796600503526
fig4_q30_SE_itsxpress_unite_blast_top1_rescue	1Q	fig4_q30_SE_itsxpress_unite_blast_top1_rescue_1Q	QIAamp	1	mock_only	CustomDB BLAST	CustomDB_BLAST	ITSxpress	SE	Cutaneotrichosporon_dermatis	0.21955545046110192
fig4_q30_SE_itsxpress_unite_blast_top1_rescue	1Q	fig4_q30_SE_itsxpress_unite_blast_top1_rescue_1Q	QIAamp	1	mock_only	CustomDB BLAST	CustomDB_BLAST	ITSxpress	SE	Fusarium_keratoplasticum	0.0016691472048739099
fig4_q30_SE_itsxpress_unite_blast_top1_rescue	1Q	fig4_q30_SE_itsxpress_unite_blast_top1_rescue_1Q	QIAamp	1	mock_only	CustomDB BLAST	CustomDB_BLAST	ITSxpress	SE	Malassezia_globosa	0
fig4_q30_SE_itsxpress_unite_blast_top1_rescue	1Q	fig4_q30_SE_itsxpress_unite_blast_top1_rescue_1Q	QIAamp	1	mock_only	CustomDB BLAST	CustomDB_BLAST	ITSxpress	SE	Nakaseomyces_glabratus	0.11784179266409804
fig4_q30_SE_itsxpress_unite_blast_top1_rescue	1Q	fig4_q30_SE_itsxpress_unite_blast_top1_rescue_1Q	QIAamp	1	mock_only	CustomDB BLAST	CustomDB_BLAST	ITSxpress	SE	Penicillium_chrysogenum	0.131278427663333
fig4_q30_SE_itsxpress_unite_blast_top1_rescue	1Q	fig4_q30_SE_itsxpress_unite_blast_top1_rescue_1Q	QIAamp	1	mock_only	CustomDB BLAST	CustomDB_BLAST	ITSxpress	SE	Saccharomyces_cerevisiae	0.043328279526518576
fig4_q30_SE_itsxpress_unite_blast_top1_rescue	1Q	fig4_q30_SE_itsxpress_unite_blast_top1_rescue_1Q	QIAamp	1	mock_only	CustomDB BLAST	CustomDB_BLAST	ITSxpress	SE	Trichophyton_interdigitale	0.00500744161462173
fig4_q30_SE_itsxpress_unite_blast_top1_rescue	1Z	fig4_q30_SE_itsxpress_unite_blast_top1_rescue_1Z	Zymo	1	mock_only	CustomDB BLAST	CustomDB_BLAST	ITSxpress	SE	Aspergillus_fumigatus	0.03195600320809941
fig4_q30_SE_itsxpress_unite_blast_top1_rescue	1Z	fig4_q30_SE_itsxpress_unite_blast_top1_rescue_1Z	Zymo	1	mock_only	CustomDB BLAST	CustomDB_BLAST	ITSxpress	SE	Candida_albicans	0.2891039195058694
fig4_q30_SE_itsxpress_unite_blast_top1_rescue	1Z	fig4_q30_SE_itsxpress_unite_blast_top1_rescue_1Z	Zymo	1	mock_only	CustomDB BLAST	CustomDB_BLAST	ITSxpress	SE	Cryptococcus_neoformans	0.13671919755851136
fig4_q30_SE_itsxpress_unite_blast_top1_rescue	1Z	fig4_q30_SE_itsxpress_unite_blast_top1_rescue_1Z	Zymo	1	mock_only	CustomDB BLAST	CustomDB_BLAST	ITSxpress	SE	Cutaneotrichosporon_dermatis	0.2591373545678961
fig4_q30_SE_itsxpress_unite_blast_top1_rescue	1Z	fig4_q30_SE_itsxpress_unite_blast_top1_rescue_1Z	Zymo	1	mock_only	CustomDB BLAST	CustomDB_BLAST	ITSxpress	SE	Fusarium_keratoplasticum	0.0014790588186278084
fig4_q30_SE_itsxpress_unite_blast_top1_rescue	1Z	fig4_q30_SE_itsxpress_unite_blast_top1_rescue_1Z	Zymo	1	mock_only	CustomDB BLAST	CustomDB_BLAST	ITSxpress	SE	Malassezia_globosa	5.207953586717635e-5
fig4_q30_SE_itsxpress_unite_blast_top1_rescue	1Z	fig4_q30_SE_itsxpress_unite_blast_top1_rescue_1Z	Zymo	1	mock_only	CustomDB BLAST	CustomDB_BLAST	ITSxpress	SE	Nakaseomyces_glabratus	0.09286822835834888
fig4_q30_SE_itsxpress_unite_blast_top1_rescue	1Z	fig4_q30_SE_itsxpress_unite_blast_top1_rescue_1Z	Zymo	1	mock_only	CustomDB BLAST	CustomDB_BLAST	ITSxpress	SE	Penicillium_chrysogenum	0.13952107658816545
fig4_q30_SE_itsxpress_unite_blast_top1_rescue	1Z	fig4_q30_SE_itsxpress_unite_blast_top1_rescue_1Z	Zymo	1	mock_only	CustomDB BLAST	CustomDB_BLAST	ITSxpress	SE	Saccharomyces_cerevisiae	0.04481964856729197
fig4_q30_SE_itsxpress_unite_blast_top1_rescue	1Z	fig4_q30_SE_itsxpress_unite_blast_top1_rescue_1Z	Zymo	1	mock_only	CustomDB BLAST	CustomDB_BLAST	ITSxpress	SE	Trichophyton_interdigitale	0.004343433291322508
fig4_q30_SE_itsxpress_unite_blast_top1_rescue	2D	fig4_q30_SE_itsxpress_unite_blast_top1_rescue_2D	DNeasy	2	mock_only	CustomDB BLAST	CustomDB_BLAST	ITSxpress	SE	Aspergillus_fumigatus	0.02906415931197995
fig4_q30_SE_itsxpress_unite_blast_top1_rescue	2D	fig4_q30_SE_itsxpress_unite_blast_top1_rescue_2D	DNeasy	2	mock_only	CustomDB BLAST	CustomDB_BLAST	ITSxpress	SE	Candida_albicans	0.3055252553481118
fig4_q30_SE_itsxpress_unite_blast_top1_rescue	2D	fig4_q30_SE_itsxpress_unite_blast_top1_rescue_2D	DNeasy	2	mock_only	CustomDB BLAST	CustomDB_BLAST	ITSxpress	SE	Cryptococcus_neoformans	0.14544700568842572
fig4_q30_SE_itsxpress_unite_blast_top1_rescue	2D	fig4_q30_SE_itsxpress_unite_blast_top1_rescue_2D	DNeasy	2	mock_only	CustomDB BLAST	CustomDB_BLAST	ITSxpress	SE	Cutaneotrichosporon_dermatis	0.2253283691076113
fig4_q30_SE_itsxpress_unite_blast_top1_rescue	2D	fig4_q30_SE_itsxpress_unite_blast_top1_rescue_2D	DNeasy	2	mock_only	CustomDB BLAST	CustomDB_BLAST	ITSxpress	SE	Fusarium_keratoplasticum	0.0014153452270412074
fig4_q30_SE_itsxpress_unite_blast_top1_rescue	2D	fig4_q30_SE_itsxpress_unite_blast_top1_rescue_2D	DNeasy	2	mock_only	CustomDB BLAST	CustomDB_BLAST	ITSxpress	SE	Malassezia_globosa	0
fig4_q30_SE_itsxpress_unite_blast_top1_rescue	2D	fig4_q30_SE_itsxpress_unite_blast_top1_rescue_2D	DNeasy	2	mock_only	CustomDB BLAST	CustomDB_BLAST	ITSxpress	SE	Nakaseomyces_glabratus	0.10993716588386958
fig4_q30_SE_itsxpress_unite_blast_top1_rescue	2D	fig4_q30_SE_itsxpress_unite_blast_top1_rescue_2D	DNeasy	2	mock_only	CustomDB BLAST	CustomDB_BLAST	ITSxpress	SE	Penicillium_chrysogenum	0.11320958828779287
fig4_q30_SE_itsxpress_unite_blast_top1_rescue	2D	fig4_q30_SE_itsxpress_unite_blast_top1_rescue_2D	DNeasy	2	mock_only	CustomDB BLAST	CustomDB_BLAST	ITSxpress	SE	Saccharomyces_cerevisiae	0.06631388210264408
fig4_q30_SE_itsxpress_unite_blast_top1_rescue	2D	fig4_q30_SE_itsxpress_unite_blast_top1_rescue_2D	DNeasy	2	mock_only	CustomDB BLAST	CustomDB_BLAST	ITSxpress	SE	Trichophyton_interdigitale	0.0037592290425234615
fig4_q30_SE_itsxpress_unite_blast_top1_rescue	2Q	fig4_q30_SE_itsxpress_unite_blast_top1_rescue_2Q	QIAamp	2	mock_only	CustomDB BLAST	CustomDB_BLAST	ITSxpress	SE	Aspergillus_fumigatus	0.03419132932683222
fig4_q30_SE_itsxpress_unite_blast_top1_rescue	2Q	fig4_q30_SE_itsxpress_unite_blast_top1_rescue_2Q	QIAamp	2	mock_only	CustomDB BLAST	CustomDB_BLAST	ITSxpress	SE	Candida_albicans	0.2842499149563443
fig4_q30_SE_itsxpress_unite_blast_top1_rescue	2Q	fig4_q30_SE_itsxpress_unite_blast_top1_rescue_2Q	QIAamp	2	mock_only	CustomDB BLAST	CustomDB_BLAST	ITSxpress	SE	Cryptococcus_neoformans	0.16005593982688893
fig4_q30_SE_itsxpress_unite_blast_top1_rescue	2Q	fig4_q30_SE_itsxpress_unite_blast_top1_rescue_2Q	QIAamp	2	mock_only	CustomDB BLAST	CustomDB_BLAST	ITSxpress	SE	Cutaneotrichosporon_dermatis	0.2155951166043013
fig4_q30_SE_itsxpress_unite_blast_top1_rescue	2Q	fig4_q30_SE_itsxpress_unite_blast_top1_rescue_2Q	QIAamp	2	mock_only	CustomDB BLAST	CustomDB_BLAST	ITSxpress	SE	Fusarium_keratoplasticum	0.0021393204066976605
fig4_q30_SE_itsxpress_unite_blast_top1_rescue	2Q	fig4_q30_SE_itsxpress_unite_blast_top1_rescue_2Q	QIAamp	2	mock_only	CustomDB BLAST	CustomDB_BLAST	ITSxpress	SE	Malassezia_globosa	3.0237744264277885e-5
fig4_q30_SE_itsxpress_unite_blast_top1_rescue	2Q	fig4_q30_SE_itsxpress_unite_blast_top1_rescue_2Q	QIAamp	2	mock_only	CustomDB BLAST	CustomDB_BLAST	ITSxpress	SE	Nakaseomyces_glabratus	0.11650602865026269
fig4_q30_SE_itsxpress_unite_blast_top1_rescue	2Q	fig4_q30_SE_itsxpress_unite_blast_top1_rescue_2Q	QIAamp	2	mock_only	CustomDB BLAST	CustomDB_BLAST	ITSxpress	SE	Penicillium_chrysogenum	0.13476962618588653
fig4_q30_SE_itsxpress_unite_blast_top1_rescue	2Q	fig4_q30_SE_itsxpress_unite_blast_top1_rescue_2Q	QIAamp	2	mock_only	CustomDB BLAST	CustomDB_BLAST	ITSxpress	SE	Saccharomyces_cerevisiae	0.046921419662093206
fig4_q30_SE_itsxpress_unite_blast_top1_rescue	2Q	fig4_q30_SE_itsxpress_unite_blast_top1_rescue_2Q	QIAamp	2	mock_only	CustomDB BLAST	CustomDB_BLAST	ITSxpress	SE	Trichophyton_interdigitale	0.0055410666364289225
fig4_q30_SE_itsxpress_unite_blast_top1_rescue	2Z	fig4_q30_SE_itsxpress_unite_blast_top1_rescue_2Z	Zymo	2	mock_only	CustomDB BLAST	CustomDB_BLAST	ITSxpress	SE	Aspergillus_fumigatus	0.03445394535275604
fig4_q30_SE_itsxpress_unite_blast_top1_rescue	2Z	fig4_q30_SE_itsxpress_unite_blast_top1_rescue_2Z	Zymo	2	mock_only	CustomDB BLAST	CustomDB_BLAST	ITSxpress	SE	Candida_albicans	0.29810879313706373
fig4_q30_SE_itsxpress_unite_blast_top1_rescue	2Z	fig4_q30_SE_itsxpress_unite_blast_top1_rescue_2Z	Zymo	2	mock_only	CustomDB BLAST	CustomDB_BLAST	ITSxpress	SE	Cryptococcus_neoformans	0.14774067162446963
fig4_q30_SE_itsxpress_unite_blast_top1_rescue	2Z	fig4_q30_SE_itsxpress_unite_blast_top1_rescue_2Z	Zymo	2	mock_only	CustomDB BLAST	CustomDB_BLAST	ITSxpress	SE	Cutaneotrichosporon_dermatis	0.2067886620430976
fig4_q30_SE_itsxpress_unite_blast_top1_rescue	2Z	fig4_q30_SE_itsxpress_unite_blast_top1_rescue_2Z	Zymo	2	mock_only	CustomDB BLAST	CustomDB_BLAST	ITSxpress	SE	Fusarium_keratoplasticum	0.0018754235950570518
fig4_q30_SE_itsxpress_unite_blast_top1_rescue	2Z	fig4_q30_SE_itsxpress_unite_blast_top1_rescue_2Z	Zymo	2	mock_only	CustomDB BLAST	CustomDB_BLAST	ITSxpress	SE	Malassezia_globosa	1.2069557789971126e-4
fig4_q30_SE_itsxpress_unite_blast_top1_rescue	2Z	fig4_q30_SE_itsxpress_unite_blast_top1_rescue_2Z	Zymo	2	mock_only	CustomDB BLAST	CustomDB_BLAST	ITSxpress	SE	Nakaseomyces_glabratus	0.10397459822298973
fig4_q30_SE_itsxpress_unite_blast_top1_rescue	2Z	fig4_q30_SE_itsxpress_unite_blast_top1_rescue_2Z	Zymo	2	mock_only	CustomDB BLAST	CustomDB_BLAST	ITSxpress	SE	Penicillium_chrysogenum	0.14699792960662525
fig4_q30_SE_itsxpress_unite_blast_top1_rescue	2Z	fig4_q30_SE_itsxpress_unite_blast_top1_rescue_2Z	Zymo	2	mock_only	CustomDB BLAST	CustomDB_BLAST	ITSxpress	SE	Saccharomyces_cerevisiae	0.05468438106379225
fig4_q30_SE_itsxpress_unite_blast_top1_rescue	2Z	fig4_q30_SE_itsxpress_unite_blast_top1_rescue_2Z	Zymo	2	mock_only	CustomDB BLAST	CustomDB_BLAST	ITSxpress	SE	Trichophyton_interdigitale	0.005254899776248967
fig4_q30_SE_itsxpress_unite_blast_top1_rescue	3D	fig4_q30_SE_itsxpress_unite_blast_top1_rescue_3D	DNeasy	3	mock_only	CustomDB BLAST	CustomDB_BLAST	ITSxpress	SE	Aspergillus_fumigatus	0.03374765747504494
fig4_q30_SE_itsxpress_unite_blast_top1_rescue	3D	fig4_q30_SE_itsxpress_unite_blast_top1_rescue_3D	DNeasy	3	mock_only	CustomDB BLAST	CustomDB_BLAST	ITSxpress	SE	Candida_albicans	0.2988335181856427
fig4_q30_SE_itsxpress_unite_blast_top1_rescue	3D	fig4_q30_SE_itsxpress_unite_blast_top1_rescue_3D	DNeasy	3	mock_only	CustomDB BLAST	CustomDB_BLAST	ITSxpress	SE	Cryptococcus_neoformans	0.1464336252724978
fig4_q30_SE_itsxpress_unite_blast_top1_rescue	3D	fig4_q30_SE_itsxpress_unite_blast_top1_rescue_3D	DNeasy	3	mock_only	CustomDB BLAST	CustomDB_BLAST	ITSxpress	SE	Cutaneotrichosporon_dermatis	0.2009408345125636
fig4_q30_SE_itsxpress_unite_blast_top1_rescue	3D	fig4_q30_SE_itsxpress_unite_blast_top1_rescue_3D	DNeasy	3	mock_only	CustomDB BLAST	CustomDB_BLAST	ITSxpress	SE	Fusarium_keratoplasticum	0.0021723333460817685
fig4_q30_SE_itsxpress_unite_blast_top1_rescue	3D	fig4_q30_SE_itsxpress_unite_blast_top1_rescue_3D	DNeasy	3	mock_only	CustomDB BLAST	CustomDB_BLAST	ITSxpress	SE	Malassezia_globosa	0
fig4_q30_SE_itsxpress_unite_blast_top1_rescue	3D	fig4_q30_SE_itsxpress_unite_blast_top1_rescue_3D	DNeasy	3	mock_only	CustomDB BLAST	CustomDB_BLAST	ITSxpress	SE	Nakaseomyces_glabratus	0.1137797835315715
fig4_q30_SE_itsxpress_unite_blast_top1_rescue	3D	fig4_q30_SE_itsxpress_unite_blast_top1_rescue_3D	DNeasy	3	mock_only	CustomDB BLAST	CustomDB_BLAST	ITSxpress	SE	Penicillium_chrysogenum	0.14128580716717024
fig4_q30_SE_itsxpress_unite_blast_top1_rescue	3D	fig4_q30_SE_itsxpress_unite_blast_top1_rescue_3D	DNeasy	3	mock_only	CustomDB BLAST	CustomDB_BLAST	ITSxpress	SE	Saccharomyces_cerevisiae	0.05758213179332237
fig4_q30_SE_itsxpress_unite_blast_top1_rescue	3D	fig4_q30_SE_itsxpress_unite_blast_top1_rescue_3D	DNeasy	3	mock_only	CustomDB BLAST	CustomDB_BLAST	ITSxpress	SE	Trichophyton_interdigitale	0.005224308716105098
fig4_q30_SE_itsxpress_unite_blast_top1_rescue	3Q	fig4_q30_SE_itsxpress_unite_blast_top1_rescue_3Q	QIAamp	3	mock_only	CustomDB BLAST	CustomDB_BLAST	ITSxpress	SE	Aspergillus_fumigatus	0.03373791576167966
fig4_q30_SE_itsxpress_unite_blast_top1_rescue	3Q	fig4_q30_SE_itsxpress_unite_blast_top1_rescue_3Q	QIAamp	3	mock_only	CustomDB BLAST	CustomDB_BLAST	ITSxpress	SE	Candida_albicans	0.30276393679996594
fig4_q30_SE_itsxpress_unite_blast_top1_rescue	3Q	fig4_q30_SE_itsxpress_unite_blast_top1_rescue_3Q	QIAamp	3	mock_only	CustomDB BLAST	CustomDB_BLAST	ITSxpress	SE	Cryptococcus_neoformans	0.15622844001533154
fig4_q30_SE_itsxpress_unite_blast_top1_rescue	3Q	fig4_q30_SE_itsxpress_unite_blast_top1_rescue_3Q	QIAamp	3	mock_only	CustomDB BLAST	CustomDB_BLAST	ITSxpress	SE	Cutaneotrichosporon_dermatis	0.2135258293939781
fig4_q30_SE_itsxpress_unite_blast_top1_rescue	3Q	fig4_q30_SE_itsxpress_unite_blast_top1_rescue_3Q	QIAamp	3	mock_only	CustomDB BLAST	CustomDB_BLAST	ITSxpress	SE	Fusarium_keratoplasticum	0.0023678718964268985
fig4_q30_SE_itsxpress_unite_blast_top1_rescue	3Q	fig4_q30_SE_itsxpress_unite_blast_top1_rescue_3Q	QIAamp	3	mock_only	CustomDB BLAST	CustomDB_BLAST	ITSxpress	SE	Malassezia_globosa	1.7035049614582003e-5
fig4_q30_SE_itsxpress_unite_blast_top1_rescue	3Q	fig4_q30_SE_itsxpress_unite_blast_top1_rescue_3Q	QIAamp	3	mock_only	CustomDB BLAST	CustomDB_BLAST	ITSxpress	SE	Nakaseomyces_glabratus	0.11018270090711639
fig4_q30_SE_itsxpress_unite_blast_top1_rescue	3Q	fig4_q30_SE_itsxpress_unite_blast_top1_rescue_3Q	QIAamp	3	mock_only	CustomDB BLAST	CustomDB_BLAST	ITSxpress	SE	Penicillium_chrysogenum	0.13490907542268216
fig4_q30_SE_itsxpress_unite_blast_top1_rescue	3Q	fig4_q30_SE_itsxpress_unite_blast_top1_rescue_3Q	QIAamp	3	mock_only	CustomDB BLAST	CustomDB_BLAST	ITSxpress	SE	Saccharomyces_cerevisiae	0.039776840850048976
fig4_q30_SE_itsxpress_unite_blast_top1_rescue	3Q	fig4_q30_SE_itsxpress_unite_blast_top1_rescue_3Q	QIAamp	3	mock_only	CustomDB BLAST	CustomDB_BLAST	ITSxpress	SE	Trichophyton_interdigitale	0.006490353903155743
fig4_q30_SE_itsxpress_unite_blast_top1_rescue	3Z	fig4_q30_SE_itsxpress_unite_blast_top1_rescue_3Z	Zymo	3	mock_only	CustomDB BLAST	CustomDB_BLAST	ITSxpress	SE	Aspergillus_fumigatus	0.02913167969629701
fig4_q30_SE_itsxpress_unite_blast_top1_rescue	3Z	fig4_q30_SE_itsxpress_unite_blast_top1_rescue_3Z	Zymo	3	mock_only	CustomDB BLAST	CustomDB_BLAST	ITSxpress	SE	Candida_albicans	0.30224720908535213
fig4_q30_SE_itsxpress_unite_blast_top1_rescue	3Z	fig4_q30_SE_itsxpress_unite_blast_top1_rescue_3Z	Zymo	3	mock_only	CustomDB BLAST	CustomDB_BLAST	ITSxpress	SE	Cryptococcus_neoformans	0.1513850014477367
fig4_q30_SE_itsxpress_unite_blast_top1_rescue	3Z	fig4_q30_SE_itsxpress_unite_blast_top1_rescue_3Z	Zymo	3	mock_only	CustomDB BLAST	CustomDB_BLAST	ITSxpress	SE	Cutaneotrichosporon_dermatis	0.22154393076601359
fig4_q30_SE_itsxpress_unite_blast_top1_rescue	3Z	fig4_q30_SE_itsxpress_unite_blast_top1_rescue_3Z	Zymo	3	mock_only	CustomDB BLAST	CustomDB_BLAST	ITSxpress	SE	Fusarium_keratoplasticum	0.0016407682656114275
fig4_q30_SE_itsxpress_unite_blast_top1_rescue	3Z	fig4_q30_SE_itsxpress_unite_blast_top1_rescue_3Z	Zymo	3	mock_only	CustomDB BLAST	CustomDB_BLAST	ITSxpress	SE	Malassezia_globosa	4.825789016504198e-5
fig4_q30_SE_itsxpress_unite_blast_top1_rescue	3Z	fig4_q30_SE_itsxpress_unite_blast_top1_rescue_3Z	Zymo	3	mock_only	CustomDB BLAST	CustomDB_BLAST	ITSxpress	SE	Nakaseomyces_glabratus	0.10166328861435511
fig4_q30_SE_itsxpress_unite_blast_top1_rescue	3Z	fig4_q30_SE_itsxpress_unite_blast_top1_rescue_3Z	Zymo	3	mock_only	CustomDB BLAST	CustomDB_BLAST	ITSxpress	SE	Penicillium_chrysogenum	0.13393977415307404
fig4_q30_SE_itsxpress_unite_blast_top1_rescue	3Z	fig4_q30_SE_itsxpress_unite_blast_top1_rescue_3Z	Zymo	3	mock_only	CustomDB BLAST	CustomDB_BLAST	ITSxpress	SE	Saccharomyces_cerevisiae	0.05444294308786153
fig4_q30_SE_itsxpress_unite_blast_top1_rescue	3Z	fig4_q30_SE_itsxpress_unite_blast_top1_rescue_3Z	Zymo	3	mock_only	CustomDB BLAST	CustomDB_BLAST	ITSxpress	SE	Trichophyton_interdigitale	0.003957146993533443
fig4_q30_SE_itsxpress_unite_blast_top1_rescue	4D	fig4_q30_SE_itsxpress_unite_blast_top1_rescue_4D	DNeasy	4	mock_only	CustomDB BLAST	CustomDB_BLAST	ITSxpress	SE	Aspergillus_fumigatus	0.03086132611430968
fig4_q30_SE_itsxpress_unite_blast_top1_rescue	4D	fig4_q30_SE_itsxpress_unite_blast_top1_rescue_4D	DNeasy	4	mock_only	CustomDB BLAST	CustomDB_BLAST	ITSxpress	SE	Candida_albicans	0.29945476036145957
fig4_q30_SE_itsxpress_unite_blast_top1_rescue	4D	fig4_q30_SE_itsxpress_unite_blast_top1_rescue_4D	DNeasy	4	mock_only	CustomDB BLAST	CustomDB_BLAST	ITSxpress	SE	Cryptococcus_neoformans	0.1471079421969726
fig4_q30_SE_itsxpress_unite_blast_top1_rescue	4D	fig4_q30_SE_itsxpress_unite_blast_top1_rescue_4D	DNeasy	4	mock_only	CustomDB BLAST	CustomDB_BLAST	ITSxpress	SE	Cutaneotrichosporon_dermatis	0.21416860487284098
fig4_q30_SE_itsxpress_unite_blast_top1_rescue	4D	fig4_q30_SE_itsxpress_unite_blast_top1_rescue_4D	DNeasy	4	mock_only	CustomDB BLAST	CustomDB_BLAST	ITSxpress	SE	Fusarium_keratoplasticum	0.001990315323902848
fig4_q30_SE_itsxpress_unite_blast_top1_rescue	4D	fig4_q30_SE_itsxpress_unite_blast_top1_rescue_4D	DNeasy	4	mock_only	CustomDB BLAST	CustomDB_BLAST	ITSxpress	SE	Malassezia_globosa	1.5251458420711481e-5
fig4_q30_SE_itsxpress_unite_blast_top1_rescue	4D	fig4_q30_SE_itsxpress_unite_blast_top1_rescue_4D	DNeasy	4	mock_only	CustomDB BLAST	CustomDB_BLAST	ITSxpress	SE	Nakaseomyces_glabratus	0.1150417508674267
fig4_q30_SE_itsxpress_unite_blast_top1_rescue	4D	fig4_q30_SE_itsxpress_unite_blast_top1_rescue_4D	DNeasy	4	mock_only	CustomDB BLAST	CustomDB_BLAST	ITSxpress	SE	Penicillium_chrysogenum	0.12332329278987303
fig4_q30_SE_itsxpress_unite_blast_top1_rescue	4D	fig4_q30_SE_itsxpress_unite_blast_top1_rescue_4D	DNeasy	4	mock_only	CustomDB BLAST	CustomDB_BLAST	ITSxpress	SE	Saccharomyces_cerevisiae	0.06298089754832806
fig4_q30_SE_itsxpress_unite_blast_top1_rescue	4D	fig4_q30_SE_itsxpress_unite_blast_top1_rescue_4D	DNeasy	4	mock_only	CustomDB BLAST	CustomDB_BLAST	ITSxpress	SE	Trichophyton_interdigitale	0.005055858466465855
fig4_q30_SE_itsxpress_unite_blast_top1_rescue	4Q	fig4_q30_SE_itsxpress_unite_blast_top1_rescue_4Q	QIAamp	4	mock_only	CustomDB BLAST	CustomDB_BLAST	ITSxpress	SE	Aspergillus_fumigatus	0.035353586824699614
fig4_q30_SE_itsxpress_unite_blast_top1_rescue	4Q	fig4_q30_SE_itsxpress_unite_blast_top1_rescue_4Q	QIAamp	4	mock_only	CustomDB BLAST	CustomDB_BLAST	ITSxpress	SE	Candida_albicans	0.2805968019730338
fig4_q30_SE_itsxpress_unite_blast_top1_rescue	4Q	fig4_q30_SE_itsxpress_unite_blast_top1_rescue_4Q	QIAamp	4	mock_only	CustomDB BLAST	CustomDB_BLAST	ITSxpress	SE	Cryptococcus_neoformans	0.14706032224860635
fig4_q30_SE_itsxpress_unite_blast_top1_rescue	4Q	fig4_q30_SE_itsxpress_unite_blast_top1_rescue_4Q	QIAamp	4	mock_only	CustomDB BLAST	CustomDB_BLAST	ITSxpress	SE	Cutaneotrichosporon_dermatis	0.2411361250675173
fig4_q30_SE_itsxpress_unite_blast_top1_rescue	4Q	fig4_q30_SE_itsxpress_unite_blast_top1_rescue_4Q	QIAamp	4	mock_only	CustomDB BLAST	CustomDB_BLAST	ITSxpress	SE	Fusarium_keratoplasticum	0.0022115100435168107
fig4_q30_SE_itsxpress_unite_blast_top1_rescue	4Q	fig4_q30_SE_itsxpress_unite_blast_top1_rescue_4Q	QIAamp	4	mock_only	CustomDB BLAST	CustomDB_BLAST	ITSxpress	SE	Malassezia_globosa	0
fig4_q30_SE_itsxpress_unite_blast_top1_rescue	4Q	fig4_q30_SE_itsxpress_unite_blast_top1_rescue_4Q	QIAamp	4	mock_only	CustomDB BLAST	CustomDB_BLAST	ITSxpress	SE	Nakaseomyces_glabratus	0.11126850993141262
fig4_q30_SE_itsxpress_unite_blast_top1_rescue	4Q	fig4_q30_SE_itsxpress_unite_blast_top1_rescue_4Q	QIAamp	4	mock_only	CustomDB BLAST	CustomDB_BLAST	ITSxpress	SE	Penicillium_chrysogenum	0.13384221844012106
fig4_q30_SE_itsxpress_unite_blast_top1_rescue	4Q	fig4_q30_SE_itsxpress_unite_blast_top1_rescue_4Q	QIAamp	4	mock_only	CustomDB BLAST	CustomDB_BLAST	ITSxpress	SE	Saccharomyces_cerevisiae	0.041998308245773164
fig4_q30_SE_itsxpress_unite_blast_top1_rescue	4Q	fig4_q30_SE_itsxpress_unite_blast_top1_rescue_4Q	QIAamp	4	mock_only	CustomDB BLAST	CustomDB_BLAST	ITSxpress	SE	Trichophyton_interdigitale	0.0065326172253192425
fig4_q30_SE_itsxpress_unite_blast_top1_rescue	4Z	fig4_q30_SE_itsxpress_unite_blast_top1_rescue_4Z	Zymo	4	mock_only	CustomDB BLAST	CustomDB_BLAST	ITSxpress	SE	Aspergillus_fumigatus	0.026516387110065754
fig4_q30_SE_itsxpress_unite_blast_top1_rescue	4Z	fig4_q30_SE_itsxpress_unite_blast_top1_rescue_4Z	Zymo	4	mock_only	CustomDB BLAST	CustomDB_BLAST	ITSxpress	SE	Candida_albicans	0.313295105327313
fig4_q30_SE_itsxpress_unite_blast_top1_rescue	4Z	fig4_q30_SE_itsxpress_unite_blast_top1_rescue_4Z	Zymo	4	mock_only	CustomDB BLAST	CustomDB_BLAST	ITSxpress	SE	Cryptococcus_neoformans	0.1481363847065085
fig4_q30_SE_itsxpress_unite_blast_top1_rescue	4Z	fig4_q30_SE_itsxpress_unite_blast_top1_rescue_4Z	Zymo	4	mock_only	CustomDB BLAST	CustomDB_BLAST	ITSxpress	SE	Cutaneotrichosporon_dermatis	0.2283894449499545
fig4_q30_SE_itsxpress_unite_blast_top1_rescue	4Z	fig4_q30_SE_itsxpress_unite_blast_top1_rescue_4Z	Zymo	4	mock_only	CustomDB BLAST	CustomDB_BLAST	ITSxpress	SE	Fusarium_keratoplasticum	0.0020344395419506583
fig4_q30_SE_itsxpress_unite_blast_top1_rescue	4Z	fig4_q30_SE_itsxpress_unite_blast_top1_rescue_4Z	Zymo	4	mock_only	CustomDB BLAST	CustomDB_BLAST	ITSxpress	SE	Malassezia_globosa	3.433653235359761e-5
fig4_q30_SE_itsxpress_unite_blast_top1_rescue	4Z	fig4_q30_SE_itsxpress_unite_blast_top1_rescue_4Z	Zymo	4	mock_only	CustomDB BLAST	CustomDB_BLAST	ITSxpress	SE	Nakaseomyces_glabratus	0.09543839167682455
fig4_q30_SE_itsxpress_unite_blast_top1_rescue	4Z	fig4_q30_SE_itsxpress_unite_blast_top1_rescue_4Z	Zymo	4	mock_only	CustomDB BLAST	CustomDB_BLAST	ITSxpress	SE	Penicillium_chrysogenum	0.12679622984874758
fig4_q30_SE_itsxpress_unite_blast_top1_rescue	4Z	fig4_q30_SE_itsxpress_unite_blast_top1_rescue_4Z	Zymo	4	mock_only	CustomDB BLAST	CustomDB_BLAST	ITSxpress	SE	Saccharomyces_cerevisiae	0.056105893865778494
fig4_q30_SE_itsxpress_unite_blast_top1_rescue	4Z	fig4_q30_SE_itsxpress_unite_blast_top1_rescue_4Z	Zymo	4	mock_only	CustomDB BLAST	CustomDB_BLAST	ITSxpress	SE	Trichophyton_interdigitale	0.0032533864405033734
