run_id	sample_id	Xaxis	DNA_kit	replicate	matrix_type	taxonomy_method	BLAST	Trimm	Paired	Method	Species2	relative_abundance
fig4_q30_PE_cutadapt_unite_blast_top1_rescue	STD	fig4_q30_PE_cutadapt_unite_blast_top1_rescue_STD	DNeasy	NA	stool	UNITE	No_BLAST	Cutadapt	PE	Cutadapt_PE	Ascomycota_p	0.45736031046305714
fig4_q30_PE_cutadapt_unite_blast_top1_rescue	STD	fig4_q30_PE_cutadapt_unite_blast_top1_rescue_STD	DNeasy	NA	stool	UNITE	No_BLAST	Cutadapt	PE	Cutadapt_PE	Fungi_k	0.13831430616781584
fig4_q30_PE_cutadapt_unite_blast_top1_rescue	STD	fig4_q30_PE_cutadapt_unite_blast_top1_rescue_STD	DNeasy	NA	stool	UNITE	No_BLAST	Cutadapt	PE	Cutadapt_PE	Cutaneotrichosporon_debeurmannianum	0
fig4_q30_PE_cutadapt_unite_blast_top1_rescue	STD	fig4_q30_PE_cutadapt_unite_blast_top1_rescue_STD	DNeasy	NA	stool	UNITE	No_BLAST	Cutadapt	PE	Cutadapt_PE	Irpex_hacksungii	0
fig4_q30_PE_cutadapt_unite_blast_top1_rescue	STD	fig4_q30_PE_cutadapt_unite_blast_top1_rescue_STD	DNeasy	NA	stool	UNITE	No_BLAST	Cutadapt	PE	Cutadapt_PE	Peniophoraceae_f	0.0455069515089861
fig4_q30_PE_cutadapt_unite_blast_top1_rescue	STD	fig4_q30_PE_cutadapt_unite_blast_top1_rescue_STD	DNeasy	NA	stool	UNITE	No_BLAST	Cutadapt	PE	Cutadapt_PE	Kazachstania_servazzii	0.0012433593308466147
fig4_q30_PE_cutadapt_unite_blast_top1_rescue	STD	fig4_q30_PE_cutadapt_unite_blast_top1_rescue_STD	DNeasy	NA	stool	UNITE	No_BLAST	Cutadapt	PE	Cutadapt_PE	Debaryomyces_delbrueckii	0
fig4_q30_PE_cutadapt_unite_blast_top1_rescue	STD	fig4_q30_PE_cutadapt_unite_blast_top1_rescue_STD	DNeasy	NA	stool	UNITE	No_BLAST	Cutadapt	PE	Cutadapt_PE	Irpex_laceratus	0.053713123092573756
fig4_q30_PE_cutadapt_unite_blast_top1_rescue	STD	fig4_q30_PE_cutadapt_unite_blast_top1_rescue_STD	DNeasy	NA	stool	UNITE	No_BLAST	Cutadapt	PE	Cutadapt_PE	Cladosporium_angustisporum	0
fig4_q30_PE_cutadapt_unite_blast_top1_rescue	STD	fig4_q30_PE_cutadapt_unite_blast_top1_rescue_STD	DNeasy	NA	stool	UNITE	No_BLAST	Cutadapt	PE	Cutadapt_PE	Saccharomyces_cerevisiae	0
fig4_q30_PE_cutadapt_unite_blast_top1_rescue	STD	fig4_q30_PE_cutadapt_unite_blast_top1_rescue_STD	DNeasy	NA	stool	UNITE	No_BLAST	Cutadapt	PE	Cutadapt_PE	Mucor_circinelloides	0.0039712143476131265
fig4_q30_PE_cutadapt_unite_blast_top1_rescue	STD	fig4_q30_PE_cutadapt_unite_blast_top1_rescue_STD	DNeasy	NA	stool	UNITE	No_BLAST	Cutadapt	PE	Cutadapt_PE	Stereaceae_f	0.018333898496665536
fig4_q30_PE_cutadapt_unite_blast_top1_rescue	STD	fig4_q30_PE_cutadapt_unite_blast_top1_rescue_STD	DNeasy	NA	stool	UNITE	No_BLAST	Cutadapt	PE	Cutadapt_PE	Penicillium_patris-mei	0
fig4_q30_PE_cutadapt_unite_blast_top1_rescue	STD	fig4_q30_PE_cutadapt_unite_blast_top1_rescue_STD	DNeasy	NA	stool	UNITE	No_BLAST	Cutadapt	PE	Cutadapt_PE	Bjerkandera_adusta	0.016427414189367395
fig4_q30_PE_cutadapt_unite_blast_top1_rescue	STD	fig4_q30_PE_cutadapt_unite_blast_top1_rescue_STD	DNeasy	NA	stool	UNITE	No_BLAST	Cutadapt	PE	Cutadapt_PE	Schizophyllum_commune	0.012109566331336422
fig4_q30_PE_cutadapt_unite_blast_top1_rescue	STD	fig4_q30_PE_cutadapt_unite_blast_top1_rescue_STD	DNeasy	NA	stool	UNITE	No_BLAST	Cutadapt	PE	Cutadapt_PE	Bullera_alba	0.02048151915903696
fig4_q30_PE_cutadapt_unite_blast_top1_rescue	STD	fig4_q30_PE_cutadapt_unite_blast_top1_rescue_STD	DNeasy	NA	stool	UNITE	No_BLAST	Cutadapt	PE	Cutadapt_PE	Tilletiopsis_washingtonensis	0
fig4_q30_PE_cutadapt_unite_blast_top1_rescue	STD	fig4_q30_PE_cutadapt_unite_blast_top1_rescue_STD	DNeasy	NA	stool	UNITE	No_BLAST	Cutadapt	PE	Cutadapt_PE	Candolleomyces_subminutisporus	0
fig4_q30_PE_cutadapt_unite_blast_top1_rescue	STD	fig4_q30_PE_cutadapt_unite_blast_top1_rescue_STD	DNeasy	NA	stool	UNITE	No_BLAST	Cutadapt	PE	Cutadapt_PE	Aspergillus_ruber	0
fig4_q30_PE_cutadapt_unite_blast_top1_rescue	STD	fig4_q30_PE_cutadapt_unite_blast_top1_rescue_STD	DNeasy	NA	stool	UNITE	No_BLAST	Cutadapt	PE	Cutadapt_PE	Rhizoplaca_novomexicana	0.002644964394710071
fig4_q30_PE_cutadapt_unite_blast_top1_rescue	STD	fig4_q30_PE_cutadapt_unite_blast_top1_rescue_STD	DNeasy	NA	stool	UNITE	No_BLAST	Cutadapt	PE	Cutadapt_PE	Other	0.22989337251799102
fig4_q30_PE_cutadapt_unite_blast_top1_rescue	STD	fig4_q30_PE_cutadapt_unite_blast_top1_rescue_STD	DNeasy	NA	stool	UNITE+BLAST	BLAST	Cutadapt	PE	Cutadapt_PE	Ascomycota_p	0.400007535511096
fig4_q30_PE_cutadapt_unite_blast_top1_rescue	STD	fig4_q30_PE_cutadapt_unite_blast_top1_rescue_STD	DNeasy	NA	stool	UNITE+BLAST	BLAST	Cutadapt	PE	Cutadapt_PE	Fungi_k	0.13831430616781584
fig4_q30_PE_cutadapt_unite_blast_top1_rescue	STD	fig4_q30_PE_cutadapt_unite_blast_top1_rescue_STD	DNeasy	NA	stool	UNITE+BLAST	BLAST	Cutadapt	PE	Cutadapt_PE	Cutaneotrichosporon_debeurmannianum	0
fig4_q30_PE_cutadapt_unite_blast_top1_rescue	STD	fig4_q30_PE_cutadapt_unite_blast_top1_rescue_STD	DNeasy	NA	stool	UNITE+BLAST	BLAST	Cutadapt	PE	Cutadapt_PE	Irpex_hacksungii	0
fig4_q30_PE_cutadapt_unite_blast_top1_rescue	STD	fig4_q30_PE_cutadapt_unite_blast_top1_rescue_STD	DNeasy	NA	stool	UNITE+BLAST	BLAST	Cutadapt	PE	Cutadapt_PE	Peniophoraceae_f	0.0455069515089861
fig4_q30_PE_cutadapt_unite_blast_top1_rescue	STD	fig4_q30_PE_cutadapt_unite_blast_top1_rescue_STD	DNeasy	NA	stool	UNITE+BLAST	BLAST	Cutadapt	PE	Cutadapt_PE	Kazachstania_servazzii	0.0012433593308466147
fig4_q30_PE_cutadapt_unite_blast_top1_rescue	STD	fig4_q30_PE_cutadapt_unite_blast_top1_rescue_STD	DNeasy	NA	stool	UNITE+BLAST	BLAST	Cutadapt	PE	Cutadapt_PE	Debaryomyces_delbrueckii	0
fig4_q30_PE_cutadapt_unite_blast_top1_rescue	STD	fig4_q30_PE_cutadapt_unite_blast_top1_rescue_STD	DNeasy	NA	stool	UNITE+BLAST	BLAST	Cutadapt	PE	Cutadapt_PE	Irpex_laceratus	0.053713123092573756
fig4_q30_PE_cutadapt_unite_blast_top1_rescue	STD	fig4_q30_PE_cutadapt_unite_blast_top1_rescue_STD	DNeasy	NA	stool	UNITE+BLAST	BLAST	Cutadapt	PE	Cutadapt_PE	Cladosporium_angustisporum	0
fig4_q30_PE_cutadapt_unite_blast_top1_rescue	STD	fig4_q30_PE_cutadapt_unite_blast_top1_rescue_STD	DNeasy	NA	stool	UNITE+BLAST	BLAST	Cutadapt	PE	Cutadapt_PE	Saccharomyces_cerevisiae	0
fig4_q30_PE_cutadapt_unite_blast_top1_rescue	STD	fig4_q30_PE_cutadapt_unite_blast_top1_rescue_STD	DNeasy	NA	stool	UNITE+BLAST	BLAST	Cutadapt	PE	Cutadapt_PE	Mucor_circinelloides	0.0039712143476131265
fig4_q30_PE_cutadapt_unite_blast_top1_rescue	STD	fig4_q30_PE_cutadapt_unite_blast_top1_rescue_STD	DNeasy	NA	stool	UNITE+BLAST	BLAST	Cutadapt	PE	Cutadapt_PE	Stereaceae_f	0.018333898496665536
fig4_q30_PE_cutadapt_unite_blast_top1_rescue	STD	fig4_q30_PE_cutadapt_unite_blast_top1_rescue_STD	DNeasy	NA	stool	UNITE+BLAST	BLAST	Cutadapt	PE	Cutadapt_PE	Penicillium_patris-mei	0
fig4_q30_PE_cutadapt_unite_blast_top1_rescue	STD	fig4_q30_PE_cutadapt_unite_blast_top1_rescue_STD	DNeasy	NA	stool	UNITE+BLAST	BLAST	Cutadapt	PE	Cutadapt_PE	Bjerkandera_adusta	0.016427414189367395
fig4_q30_PE_cutadapt_unite_blast_top1_rescue	STD	fig4_q30_PE_cutadapt_unite_blast_top1_rescue_STD	DNeasy	NA	stool	UNITE+BLAST	BLAST	Cutadapt	PE	Cutadapt_PE	Schizophyllum_commune	0.012109566331336422
fig4_q30_PE_cutadapt_unite_blast_top1_rescue	STD	fig4_q30_PE_cutadapt_unite_blast_top1_rescue_STD	DNeasy	NA	stool	UNITE+BLAST	BLAST	Cutadapt	PE	Cutadapt_PE	Bullera_alba	0.02048151915903696
fig4_q30_PE_cutadapt_unite_blast_top1_rescue	STD	fig4_q30_PE_cutadapt_unite_blast_top1_rescue_STD	DNeasy	NA	stool	UNITE+BLAST	BLAST	Cutadapt	PE	Cutadapt_PE	Tilletiopsis_washingtonensis	0
fig4_q30_PE_cutadapt_unite_blast_top1_rescue	STD	fig4_q30_PE_cutadapt_unite_blast_top1_rescue_STD	DNeasy	NA	stool	UNITE+BLAST	BLAST	Cutadapt	PE	Cutadapt_PE	Candolleomyces_subminutisporus	0
fig4_q30_PE_cutadapt_unite_blast_top1_rescue	STD	fig4_q30_PE_cutadapt_unite_blast_top1_rescue_STD	DNeasy	NA	stool	UNITE+BLAST	BLAST	Cutadapt	PE	Cutadapt_PE	Aspergillus_ruber	0
fig4_q30_PE_cutadapt_unite_blast_top1_rescue	STD	fig4_q30_PE_cutadapt_unite_blast_top1_rescue_STD	DNeasy	NA	stool	UNITE+BLAST	BLAST	Cutadapt	PE	Cutadapt_PE	Rhizoplaca_novomexicana	0.002644964394710071
fig4_q30_PE_cutadapt_unite_blast_top1_rescue	STD	fig4_q30_PE_cutadapt_unite_blast_top1_rescue_STD	DNeasy	NA	stool	UNITE+BLAST	BLAST	Cutadapt	PE	Cutadapt_PE	Other	0.28724614746995214
fig4_q30_PE_cutadapt_unite_blast_top1_rescue	STQ	fig4_q30_PE_cutadapt_unite_blast_top1_rescue_STQ	QIAamp	NA	stool	UNITE	No_BLAST	Cutadapt	PE	Cutadapt_PE	Ascomycota_p	0.3488414806442498
fig4_q30_PE_cutadapt_unite_blast_top1_rescue	STQ	fig4_q30_PE_cutadapt_unite_blast_top1_rescue_STQ	QIAamp	NA	stool	UNITE	No_BLAST	Cutadapt	PE	Cutadapt_PE	Fungi_k	0.201080813789206
fig4_q30_PE_cutadapt_unite_blast_top1_rescue	STQ	fig4_q30_PE_cutadapt_unite_blast_top1_rescue_STQ	QIAamp	NA	stool	UNITE	No_BLAST	Cutadapt	PE	Cutadapt_PE	Cutaneotrichosporon_debeurmannianum	0
fig4_q30_PE_cutadapt_unite_blast_top1_rescue	STQ	fig4_q30_PE_cutadapt_unite_blast_top1_rescue_STQ	QIAamp	NA	stool	UNITE	No_BLAST	Cutadapt	PE	Cutadapt_PE	Irpex_hacksungii	0
fig4_q30_PE_cutadapt_unite_blast_top1_rescue	STQ	fig4_q30_PE_cutadapt_unite_blast_top1_rescue_STQ	QIAamp	NA	stool	UNITE	No_BLAST	Cutadapt	PE	Cutadapt_PE	Peniophoraceae_f	0.027917490816614862
fig4_q30_PE_cutadapt_unite_blast_top1_rescue	STQ	fig4_q30_PE_cutadapt_unite_blast_top1_rescue_STQ	QIAamp	NA	stool	UNITE	No_BLAST	Cutadapt	PE	Cutadapt_PE	Kazachstania_servazzii	0.008992653291890364
fig4_q30_PE_cutadapt_unite_blast_top1_rescue	STQ	fig4_q30_PE_cutadapt_unite_blast_top1_rescue_STQ	QIAamp	NA	stool	UNITE	No_BLAST	Cutadapt	PE	Cutadapt_PE	Debaryomyces_delbrueckii	0.008738344165018367
fig4_q30_PE_cutadapt_unite_blast_top1_rescue	STQ	fig4_q30_PE_cutadapt_unite_blast_top1_rescue_STQ	QIAamp	NA	stool	UNITE	No_BLAST	Cutadapt	PE	Cutadapt_PE	Irpex_laceratus	0.019793727041537156
fig4_q30_PE_cutadapt_unite_blast_top1_rescue	STQ	fig4_q30_PE_cutadapt_unite_blast_top1_rescue_STQ	QIAamp	NA	stool	UNITE	No_BLAST	Cutadapt	PE	Cutadapt_PE	Cladosporium_angustisporum	0
fig4_q30_PE_cutadapt_unite_blast_top1_rescue	STQ	fig4_q30_PE_cutadapt_unite_blast_top1_rescue_STQ	QIAamp	NA	stool	UNITE	No_BLAST	Cutadapt	PE	Cutadapt_PE	Saccharomyces_cerevisiae	0
fig4_q30_PE_cutadapt_unite_blast_top1_rescue	STQ	fig4_q30_PE_cutadapt_unite_blast_top1_rescue_STQ	QIAamp	NA	stool	UNITE	No_BLAST	Cutadapt	PE	Cutadapt_PE	Mucor_circinelloides	0.0012079683526419892
fig4_q30_PE_cutadapt_unite_blast_top1_rescue	STQ	fig4_q30_PE_cutadapt_unite_blast_top1_rescue_STQ	QIAamp	NA	stool	UNITE	No_BLAST	Cutadapt	PE	Cutadapt_PE	Stereaceae_f	0.00774936422718282
fig4_q30_PE_cutadapt_unite_blast_top1_rescue	STQ	fig4_q30_PE_cutadapt_unite_blast_top1_rescue_STQ	QIAamp	NA	stool	UNITE	No_BLAST	Cutadapt	PE	Cutadapt_PE	Penicillium_patris-mei	0
fig4_q30_PE_cutadapt_unite_blast_top1_rescue	STQ	fig4_q30_PE_cutadapt_unite_blast_top1_rescue_STQ	QIAamp	NA	stool	UNITE	No_BLAST	Cutadapt	PE	Cutadapt_PE	Bjerkandera_adusta	0.005439389658095507
fig4_q30_PE_cutadapt_unite_blast_top1_rescue	STQ	fig4_q30_PE_cutadapt_unite_blast_top1_rescue_STQ	QIAamp	NA	stool	UNITE	No_BLAST	Cutadapt	PE	Cutadapt_PE	Schizophyllum_commune	0.009550720542526137
fig4_q30_PE_cutadapt_unite_blast_top1_rescue	STQ	fig4_q30_PE_cutadapt_unite_blast_top1_rescue_STQ	QIAamp	NA	stool	UNITE	No_BLAST	Cutadapt	PE	Cutadapt_PE	Bullera_alba	0
fig4_q30_PE_cutadapt_unite_blast_top1_rescue	STQ	fig4_q30_PE_cutadapt_unite_blast_top1_rescue_STQ	QIAamp	NA	stool	UNITE	No_BLAST	Cutadapt	PE	Cutadapt_PE	Tilletiopsis_washingtonensis	0
fig4_q30_PE_cutadapt_unite_blast_top1_rescue	STQ	fig4_q30_PE_cutadapt_unite_blast_top1_rescue_STQ	QIAamp	NA	stool	UNITE	No_BLAST	Cutadapt	PE	Cutadapt_PE	Candolleomyces_subminutisporus	0.019186210794009607
fig4_q30_PE_cutadapt_unite_blast_top1_rescue	STQ	fig4_q30_PE_cutadapt_unite_blast_top1_rescue_STQ	QIAamp	NA	stool	UNITE	No_BLAST	Cutadapt	PE	Cutadapt_PE	Aspergillus_ruber	0.02204012432890647
fig4_q30_PE_cutadapt_unite_blast_top1_rescue	STQ	fig4_q30_PE_cutadapt_unite_blast_top1_rescue_STQ	QIAamp	NA	stool	UNITE	No_BLAST	Cutadapt	PE	Cutadapt_PE	Rhizoplaca_novomexicana	3.532071206555524e-5
fig4_q30_PE_cutadapt_unite_blast_top1_rescue	STQ	fig4_q30_PE_cutadapt_unite_blast_top1_rescue_STQ	QIAamp	NA	stool	UNITE	No_BLAST	Cutadapt	PE	Cutadapt_PE	Other	0.3194263916360554
fig4_q30_PE_cutadapt_unite_blast_top1_rescue	STQ	fig4_q30_PE_cutadapt_unite_blast_top1_rescue_STQ	QIAamp	NA	stool	UNITE+BLAST	BLAST	Cutadapt	PE	Cutadapt_PE	Ascomycota_p	0.31299802204012434
fig4_q30_PE_cutadapt_unite_blast_top1_rescue	STQ	fig4_q30_PE_cutadapt_unite_blast_top1_rescue_STQ	QIAamp	NA	stool	UNITE+BLAST	BLAST	Cutadapt	PE	Cutadapt_PE	Fungi_k	0.20095365922577
fig4_q30_PE_cutadapt_unite_blast_top1_rescue	STQ	fig4_q30_PE_cutadapt_unite_blast_top1_rescue_STQ	QIAamp	NA	stool	UNITE+BLAST	BLAST	Cutadapt	PE	Cutadapt_PE	Cutaneotrichosporon_debeurmannianum	0
fig4_q30_PE_cutadapt_unite_blast_top1_rescue	STQ	fig4_q30_PE_cutadapt_unite_blast_top1_rescue_STQ	QIAamp	NA	stool	UNITE+BLAST	BLAST	Cutadapt	PE	Cutadapt_PE	Irpex_hacksungii	0
fig4_q30_PE_cutadapt_unite_blast_top1_rescue	STQ	fig4_q30_PE_cutadapt_unite_blast_top1_rescue_STQ	QIAamp	NA	stool	UNITE+BLAST	BLAST	Cutadapt	PE	Cutadapt_PE	Peniophoraceae_f	0.027917490816614862
fig4_q30_PE_cutadapt_unite_blast_top1_rescue	STQ	fig4_q30_PE_cutadapt_unite_blast_top1_rescue_STQ	QIAamp	NA	stool	UNITE+BLAST	BLAST	Cutadapt	PE	Cutadapt_PE	Kazachstania_servazzii	0.008992653291890364
fig4_q30_PE_cutadapt_unite_blast_top1_rescue	STQ	fig4_q30_PE_cutadapt_unite_blast_top1_rescue_STQ	QIAamp	NA	stool	UNITE+BLAST	BLAST	Cutadapt	PE	Cutadapt_PE	Debaryomyces_delbrueckii	0.008738344165018367
fig4_q30_PE_cutadapt_unite_blast_top1_rescue	STQ	fig4_q30_PE_cutadapt_unite_blast_top1_rescue_STQ	QIAamp	NA	stool	UNITE+BLAST	BLAST	Cutadapt	PE	Cutadapt_PE	Irpex_laceratus	0.019793727041537156
fig4_q30_PE_cutadapt_unite_blast_top1_rescue	STQ	fig4_q30_PE_cutadapt_unite_blast_top1_rescue_STQ	QIAamp	NA	stool	UNITE+BLAST	BLAST	Cutadapt	PE	Cutadapt_PE	Cladosporium_angustisporum	0
fig4_q30_PE_cutadapt_unite_blast_top1_rescue	STQ	fig4_q30_PE_cutadapt_unite_blast_top1_rescue_STQ	QIAamp	NA	stool	UNITE+BLAST	BLAST	Cutadapt	PE	Cutadapt_PE	Saccharomyces_cerevisiae	0
fig4_q30_PE_cutadapt_unite_blast_top1_rescue	STQ	fig4_q30_PE_cutadapt_unite_blast_top1_rescue_STQ	QIAamp	NA	stool	UNITE+BLAST	BLAST	Cutadapt	PE	Cutadapt_PE	Mucor_circinelloides	0.0012079683526419892
fig4_q30_PE_cutadapt_unite_blast_top1_rescue	STQ	fig4_q30_PE_cutadapt_unite_blast_top1_rescue_STQ	QIAamp	NA	stool	UNITE+BLAST	BLAST	Cutadapt	PE	Cutadapt_PE	Stereaceae_f	0.00774936422718282
fig4_q30_PE_cutadapt_unite_blast_top1_rescue	STQ	fig4_q30_PE_cutadapt_unite_blast_top1_rescue_STQ	QIAamp	NA	stool	UNITE+BLAST	BLAST	Cutadapt	PE	Cutadapt_PE	Penicillium_patris-mei	0
fig4_q30_PE_cutadapt_unite_blast_top1_rescue	STQ	fig4_q30_PE_cutadapt_unite_blast_top1_rescue_STQ	QIAamp	NA	stool	UNITE+BLAST	BLAST	Cutadapt	PE	Cutadapt_PE	Bjerkandera_adusta	0.005439389658095507
fig4_q30_PE_cutadapt_unite_blast_top1_rescue	STQ	fig4_q30_PE_cutadapt_unite_blast_top1_rescue_STQ	QIAamp	NA	stool	UNITE+BLAST	BLAST	Cutadapt	PE	Cutadapt_PE	Schizophyllum_commune	0.009550720542526137
fig4_q30_PE_cutadapt_unite_blast_top1_rescue	STQ	fig4_q30_PE_cutadapt_unite_blast_top1_rescue_STQ	QIAamp	NA	stool	UNITE+BLAST	BLAST	Cutadapt	PE	Cutadapt_PE	Bullera_alba	0
fig4_q30_PE_cutadapt_unite_blast_top1_rescue	STQ	fig4_q30_PE_cutadapt_unite_blast_top1_rescue_STQ	QIAamp	NA	stool	UNITE+BLAST	BLAST	Cutadapt	PE	Cutadapt_PE	Tilletiopsis_washingtonensis	0
fig4_q30_PE_cutadapt_unite_blast_top1_rescue	STQ	fig4_q30_PE_cutadapt_unite_blast_top1_rescue_STQ	QIAamp	NA	stool	UNITE+BLAST	BLAST	Cutadapt	PE	Cutadapt_PE	Candolleomyces_subminutisporus	0.019186210794009607
fig4_q30_PE_cutadapt_unite_blast_top1_rescue	STQ	fig4_q30_PE_cutadapt_unite_blast_top1_rescue_STQ	QIAamp	NA	stool	UNITE+BLAST	BLAST	Cutadapt	PE	Cutadapt_PE	Aspergillus_ruber	0.02204012432890647
fig4_q30_PE_cutadapt_unite_blast_top1_rescue	STQ	fig4_q30_PE_cutadapt_unite_blast_top1_rescue_STQ	QIAamp	NA	stool	UNITE+BLAST	BLAST	Cutadapt	PE	Cutadapt_PE	Rhizoplaca_novomexicana	3.532071206555524e-5
fig4_q30_PE_cutadapt_unite_blast_top1_rescue	STQ	fig4_q30_PE_cutadapt_unite_blast_top1_rescue_STQ	QIAamp	NA	stool	UNITE+BLAST	BLAST	Cutadapt	PE	Cutadapt_PE	Other	0.35539700480361686
fig4_q30_PE_cutadapt_unite_blast_top1_rescue	STZ	fig4_q30_PE_cutadapt_unite_blast_top1_rescue_STZ	Zymo	NA	stool	UNITE	No_BLAST	Cutadapt	PE	Cutadapt_PE	Ascomycota_p	0.5882798098379742
fig4_q30_PE_cutadapt_unite_blast_top1_rescue	STZ	fig4_q30_PE_cutadapt_unite_blast_top1_rescue_STZ	Zymo	NA	stool	UNITE	No_BLAST	Cutadapt	PE	Cutadapt_PE	Fungi_k	0.07547297952847579
fig4_q30_PE_cutadapt_unite_blast_top1_rescue	STZ	fig4_q30_PE_cutadapt_unite_blast_top1_rescue_STZ	Zymo	NA	stool	UNITE	No_BLAST	Cutadapt	PE	Cutadapt_PE	Cutaneotrichosporon_debeurmannianum	0.10709226739109343
fig4_q30_PE_cutadapt_unite_blast_top1_rescue	STZ	fig4_q30_PE_cutadapt_unite_blast_top1_rescue_STZ	Zymo	NA	stool	UNITE	No_BLAST	Cutadapt	PE	Cutadapt_PE	Irpex_hacksungii	0
fig4_q30_PE_cutadapt_unite_blast_top1_rescue	STZ	fig4_q30_PE_cutadapt_unite_blast_top1_rescue_STZ	Zymo	NA	stool	UNITE	No_BLAST	Cutadapt	PE	Cutadapt_PE	Peniophoraceae_f	0
fig4_q30_PE_cutadapt_unite_blast_top1_rescue	STZ	fig4_q30_PE_cutadapt_unite_blast_top1_rescue_STZ	Zymo	NA	stool	UNITE	No_BLAST	Cutadapt	PE	Cutadapt_PE	Kazachstania_servazzii	0.050538469001649364
fig4_q30_PE_cutadapt_unite_blast_top1_rescue	STZ	fig4_q30_PE_cutadapt_unite_blast_top1_rescue_STZ	Zymo	NA	stool	UNITE	No_BLAST	Cutadapt	PE	Cutadapt_PE	Debaryomyces_delbrueckii	0.04025419617735519
fig4_q30_PE_cutadapt_unite_blast_top1_rescue	STZ	fig4_q30_PE_cutadapt_unite_blast_top1_rescue_STZ	Zymo	NA	stool	UNITE	No_BLAST	Cutadapt	PE	Cutadapt_PE	Irpex_laceratus	0
fig4_q30_PE_cutadapt_unite_blast_top1_rescue	STZ	fig4_q30_PE_cutadapt_unite_blast_top1_rescue_STZ	Zymo	NA	stool	UNITE	No_BLAST	Cutadapt	PE	Cutadapt_PE	Cladosporium_angustisporum	0
fig4_q30_PE_cutadapt_unite_blast_top1_rescue	STZ	fig4_q30_PE_cutadapt_unite_blast_top1_rescue_STZ	Zymo	NA	stool	UNITE	No_BLAST	Cutadapt	PE	Cutadapt_PE	Saccharomyces_cerevisiae	0.030726690598622295
fig4_q30_PE_cutadapt_unite_blast_top1_rescue	STZ	fig4_q30_PE_cutadapt_unite_blast_top1_rescue_STZ	Zymo	NA	stool	UNITE	No_BLAST	Cutadapt	PE	Cutadapt_PE	Mucor_circinelloides	0.024847191229261666
fig4_q30_PE_cutadapt_unite_blast_top1_rescue	STZ	fig4_q30_PE_cutadapt_unite_blast_top1_rescue_STZ	Zymo	NA	stool	UNITE	No_BLAST	Cutadapt	PE	Cutadapt_PE	Stereaceae_f	0
fig4_q30_PE_cutadapt_unite_blast_top1_rescue	STZ	fig4_q30_PE_cutadapt_unite_blast_top1_rescue_STZ	Zymo	NA	stool	UNITE	No_BLAST	Cutadapt	PE	Cutadapt_PE	Penicillium_patris-mei	0
fig4_q30_PE_cutadapt_unite_blast_top1_rescue	STZ	fig4_q30_PE_cutadapt_unite_blast_top1_rescue_STZ	Zymo	NA	stool	UNITE	No_BLAST	Cutadapt	PE	Cutadapt_PE	Bjerkandera_adusta	0
fig4_q30_PE_cutadapt_unite_blast_top1_rescue	STZ	fig4_q30_PE_cutadapt_unite_blast_top1_rescue_STZ	Zymo	NA	stool	UNITE	No_BLAST	Cutadapt	PE	Cutadapt_PE	Schizophyllum_commune	0
fig4_q30_PE_cutadapt_unite_blast_top1_rescue	STZ	fig4_q30_PE_cutadapt_unite_blast_top1_rescue_STZ	Zymo	NA	stool	UNITE	No_BLAST	Cutadapt	PE	Cutadapt_PE	Bullera_alba	0
fig4_q30_PE_cutadapt_unite_blast_top1_rescue	STZ	fig4_q30_PE_cutadapt_unite_blast_top1_rescue_STZ	Zymo	NA	stool	UNITE	No_BLAST	Cutadapt	PE	Cutadapt_PE	Tilletiopsis_washingtonensis	0.017900456000776173
fig4_q30_PE_cutadapt_unite_blast_top1_rescue	STZ	fig4_q30_PE_cutadapt_unite_blast_top1_rescue_STZ	Zymo	NA	stool	UNITE	No_BLAST	Cutadapt	PE	Cutadapt_PE	Candolleomyces_subminutisporus	0
fig4_q30_PE_cutadapt_unite_blast_top1_rescue	STZ	fig4_q30_PE_cutadapt_unite_blast_top1_rescue_STZ	Zymo	NA	stool	UNITE	No_BLAST	Cutadapt	PE	Cutadapt_PE	Aspergillus_ruber	0
fig4_q30_PE_cutadapt_unite_blast_top1_rescue	STZ	fig4_q30_PE_cutadapt_unite_blast_top1_rescue_STZ	Zymo	NA	stool	UNITE	No_BLAST	Cutadapt	PE	Cutadapt_PE	Rhizoplaca_novomexicana	0.001581449500339575
fig4_q30_PE_cutadapt_unite_blast_top1_rescue	STZ	fig4_q30_PE_cutadapt_unite_blast_top1_rescue_STZ	Zymo	NA	stool	UNITE	No_BLAST	Cutadapt	PE	Cutadapt_PE	Other	0.06330649073445233
fig4_q30_PE_cutadapt_unite_blast_top1_rescue	STZ	fig4_q30_PE_cutadapt_unite_blast_top1_rescue_STZ	Zymo	NA	stool	UNITE+BLAST	BLAST	Cutadapt	PE	Cutadapt_PE	Ascomycota_p	0.5746677015620452
fig4_q30_PE_cutadapt_unite_blast_top1_rescue	STZ	fig4_q30_PE_cutadapt_unite_blast_top1_rescue_STZ	Zymo	NA	stool	UNITE+BLAST	BLAST	Cutadapt	PE	Cutadapt_PE	Fungi_k	0.07547297952847579
fig4_q30_PE_cutadapt_unite_blast_top1_rescue	STZ	fig4_q30_PE_cutadapt_unite_blast_top1_rescue_STZ	Zymo	NA	stool	UNITE+BLAST	BLAST	Cutadapt	PE	Cutadapt_PE	Cutaneotrichosporon_debeurmannianum	0.10709226739109343
fig4_q30_PE_cutadapt_unite_blast_top1_rescue	STZ	fig4_q30_PE_cutadapt_unite_blast_top1_rescue_STZ	Zymo	NA	stool	UNITE+BLAST	BLAST	Cutadapt	PE	Cutadapt_PE	Irpex_hacksungii	0
fig4_q30_PE_cutadapt_unite_blast_top1_rescue	STZ	fig4_q30_PE_cutadapt_unite_blast_top1_rescue_STZ	Zymo	NA	stool	UNITE+BLAST	BLAST	Cutadapt	PE	Cutadapt_PE	Peniophoraceae_f	0
fig4_q30_PE_cutadapt_unite_blast_top1_rescue	STZ	fig4_q30_PE_cutadapt_unite_blast_top1_rescue_STZ	Zymo	NA	stool	UNITE+BLAST	BLAST	Cutadapt	PE	Cutadapt_PE	Kazachstania_servazzii	0.050538469001649364
fig4_q30_PE_cutadapt_unite_blast_top1_rescue	STZ	fig4_q30_PE_cutadapt_unite_blast_top1_rescue_STZ	Zymo	NA	stool	UNITE+BLAST	BLAST	Cutadapt	PE	Cutadapt_PE	Debaryomyces_delbrueckii	0.04025419617735519
fig4_q30_PE_cutadapt_unite_blast_top1_rescue	STZ	fig4_q30_PE_cutadapt_unite_blast_top1_rescue_STZ	Zymo	NA	stool	UNITE+BLAST	BLAST	Cutadapt	PE	Cutadapt_PE	Irpex_laceratus	0
fig4_q30_PE_cutadapt_unite_blast_top1_rescue	STZ	fig4_q30_PE_cutadapt_unite_blast_top1_rescue_STZ	Zymo	NA	stool	UNITE+BLAST	BLAST	Cutadapt	PE	Cutadapt_PE	Cladosporium_angustisporum	0
fig4_q30_PE_cutadapt_unite_blast_top1_rescue	STZ	fig4_q30_PE_cutadapt_unite_blast_top1_rescue_STZ	Zymo	NA	stool	UNITE+BLAST	BLAST	Cutadapt	PE	Cutadapt_PE	Saccharomyces_cerevisiae	0.030726690598622295
fig4_q30_PE_cutadapt_unite_blast_top1_rescue	STZ	fig4_q30_PE_cutadapt_unite_blast_top1_rescue_STZ	Zymo	NA	stool	UNITE+BLAST	BLAST	Cutadapt	PE	Cutadapt_PE	Mucor_circinelloides	0.024847191229261666
fig4_q30_PE_cutadapt_unite_blast_top1_rescue	STZ	fig4_q30_PE_cutadapt_unite_blast_top1_rescue_STZ	Zymo	NA	stool	UNITE+BLAST	BLAST	Cutadapt	PE	Cutadapt_PE	Stereaceae_f	0
fig4_q30_PE_cutadapt_unite_blast_top1_rescue	STZ	fig4_q30_PE_cutadapt_unite_blast_top1_rescue_STZ	Zymo	NA	stool	UNITE+BLAST	BLAST	Cutadapt	PE	Cutadapt_PE	Penicillium_patris-mei	0
fig4_q30_PE_cutadapt_unite_blast_top1_rescue	STZ	fig4_q30_PE_cutadapt_unite_blast_top1_rescue_STZ	Zymo	NA	stool	UNITE+BLAST	BLAST	Cutadapt	PE	Cutadapt_PE	Bjerkandera_adusta	0
fig4_q30_PE_cutadapt_unite_blast_top1_rescue	STZ	fig4_q30_PE_cutadapt_unite_blast_top1_rescue_STZ	Zymo	NA	stool	UNITE+BLAST	BLAST	Cutadapt	PE	Cutadapt_PE	Schizophyllum_commune	0
fig4_q30_PE_cutadapt_unite_blast_top1_rescue	STZ	fig4_q30_PE_cutadapt_unite_blast_top1_rescue_STZ	Zymo	NA	stool	UNITE+BLAST	BLAST	Cutadapt	PE	Cutadapt_PE	Bullera_alba	0
fig4_q30_PE_cutadapt_unite_blast_top1_rescue	STZ	fig4_q30_PE_cutadapt_unite_blast_top1_rescue_STZ	Zymo	NA	stool	UNITE+BLAST	BLAST	Cutadapt	PE	Cutadapt_PE	Tilletiopsis_washingtonensis	0.017900456000776173
fig4_q30_PE_cutadapt_unite_blast_top1_rescue	STZ	fig4_q30_PE_cutadapt_unite_blast_top1_rescue_STZ	Zymo	NA	stool	UNITE+BLAST	BLAST	Cutadapt	PE	Cutadapt_PE	Candolleomyces_subminutisporus	0
fig4_q30_PE_cutadapt_unite_blast_top1_rescue	STZ	fig4_q30_PE_cutadapt_unite_blast_top1_rescue_STZ	Zymo	NA	stool	UNITE+BLAST	BLAST	Cutadapt	PE	Cutadapt_PE	Aspergillus_ruber	0
fig4_q30_PE_cutadapt_unite_blast_top1_rescue	STZ	fig4_q30_PE_cutadapt_unite_blast_top1_rescue_STZ	Zymo	NA	stool	UNITE+BLAST	BLAST	Cutadapt	PE	Cutadapt_PE	Rhizoplaca_novomexicana	0.001581449500339575
fig4_q30_PE_cutadapt_unite_blast_top1_rescue	STZ	fig4_q30_PE_cutadapt_unite_blast_top1_rescue_STZ	Zymo	NA	stool	UNITE+BLAST	BLAST	Cutadapt	PE	Cutadapt_PE	Other	0.0769185990103813
fig4_q30_PE_itsxpress_unite_blast_top1_rescue	STD	fig4_q30_PE_itsxpress_unite_blast_top1_rescue_STD	DNeasy	NA	stool	UNITE	No_BLAST	ITSxpress	PE	ITSx_PE	Ascomycota_p	0.006630470549522869
fig4_q30_PE_itsxpress_unite_blast_top1_rescue	STD	fig4_q30_PE_itsxpress_unite_blast_top1_rescue_STD	DNeasy	NA	stool	UNITE	No_BLAST	ITSxpress	PE	ITSx_PE	Fungi_k	0.0372490950970714
fig4_q30_PE_itsxpress_unite_blast_top1_rescue	STD	fig4_q30_PE_itsxpress_unite_blast_top1_rescue_STD	DNeasy	NA	stool	UNITE	No_BLAST	ITSxpress	PE	ITSx_PE	Cutaneotrichosporon_debeurmannianum	0
fig4_q30_PE_itsxpress_unite_blast_top1_rescue	STD	fig4_q30_PE_itsxpress_unite_blast_top1_rescue_STD	DNeasy	NA	stool	UNITE	No_BLAST	ITSxpress	PE	ITSx_PE	Irpex_hacksungii	0.06688055281342548
fig4_q30_PE_itsxpress_unite_blast_top1_rescue	STD	fig4_q30_PE_itsxpress_unite_blast_top1_rescue_STD	DNeasy	NA	stool	UNITE	No_BLAST	ITSxpress	PE	ITSx_PE	Peniophoraceae_f	0.09911154985192498
fig4_q30_PE_itsxpress_unite_blast_top1_rescue	STD	fig4_q30_PE_itsxpress_unite_blast_top1_rescue_STD	DNeasy	NA	stool	UNITE	No_BLAST	ITSxpress	PE	ITSx_PE	Kazachstania_servazzii	0.0026982560052648897
fig4_q30_PE_itsxpress_unite_blast_top1_rescue	STD	fig4_q30_PE_itsxpress_unite_blast_top1_rescue_STD	DNeasy	NA	stool	UNITE	No_BLAST	ITSxpress	PE	ITSx_PE	Debaryomyces_delbrueckii	0
fig4_q30_PE_itsxpress_unite_blast_top1_rescue	STD	fig4_q30_PE_itsxpress_unite_blast_top1_rescue_STD	DNeasy	NA	stool	UNITE	No_BLAST	ITSxpress	PE	ITSx_PE	Irpex_laceratus	0.03144126357354393
fig4_q30_PE_itsxpress_unite_blast_top1_rescue	STD	fig4_q30_PE_itsxpress_unite_blast_top1_rescue_STD	DNeasy	NA	stool	UNITE	No_BLAST	ITSxpress	PE	ITSx_PE	Cladosporium_angustisporum	0
fig4_q30_PE_itsxpress_unite_blast_top1_rescue	STD	fig4_q30_PE_itsxpress_unite_blast_top1_rescue_STD	DNeasy	NA	stool	UNITE	No_BLAST	ITSxpress	PE	ITSx_PE	Saccharomyces_cerevisiae	0
fig4_q30_PE_itsxpress_unite_blast_top1_rescue	STD	fig4_q30_PE_itsxpress_unite_blast_top1_rescue_STD	DNeasy	NA	stool	UNITE	No_BLAST	ITSxpress	PE	ITSx_PE	Mucor_circinelloides	0.008604804211911813
fig4_q30_PE_itsxpress_unite_blast_top1_rescue	STD	fig4_q30_PE_itsxpress_unite_blast_top1_rescue_STD	DNeasy	NA	stool	UNITE	No_BLAST	ITSxpress	PE	ITSx_PE	Stereaceae_f	0.039897992760776574
fig4_q30_PE_itsxpress_unite_blast_top1_rescue	STD	fig4_q30_PE_itsxpress_unite_blast_top1_rescue_STD	DNeasy	NA	stool	UNITE	No_BLAST	ITSxpress	PE	ITSx_PE	Penicillium_patris-mei	0.006992431720960843
fig4_q30_PE_itsxpress_unite_blast_top1_rescue	STD	fig4_q30_PE_itsxpress_unite_blast_top1_rescue_STD	DNeasy	NA	stool	UNITE	No_BLAST	ITSxpress	PE	ITSx_PE	Bjerkandera_adusta	0.03583415597235933
fig4_q30_PE_itsxpress_unite_blast_top1_rescue	STD	fig4_q30_PE_itsxpress_unite_blast_top1_rescue_STD	DNeasy	NA	stool	UNITE	No_BLAST	ITSxpress	PE	ITSx_PE	Schizophyllum_commune	0.026390259953932214
fig4_q30_PE_itsxpress_unite_blast_top1_rescue	STD	fig4_q30_PE_itsxpress_unite_blast_top1_rescue_STD	DNeasy	NA	stool	UNITE	No_BLAST	ITSxpress	PE	ITSx_PE	Bullera_alba	0.04468575189206976
fig4_q30_PE_itsxpress_unite_blast_top1_rescue	STD	fig4_q30_PE_itsxpress_unite_blast_top1_rescue_STD	DNeasy	NA	stool	UNITE	No_BLAST	ITSxpress	PE	ITSx_PE	Tilletiopsis_washingtonensis	0
fig4_q30_PE_itsxpress_unite_blast_top1_rescue	STD	fig4_q30_PE_itsxpress_unite_blast_top1_rescue_STD	DNeasy	NA	stool	UNITE	No_BLAST	ITSxpress	PE	ITSx_PE	Candolleomyces_subminutisporus	0
fig4_q30_PE_itsxpress_unite_blast_top1_rescue	STD	fig4_q30_PE_itsxpress_unite_blast_top1_rescue_STD	DNeasy	NA	stool	UNITE	No_BLAST	ITSxpress	PE	ITSx_PE	Aspergillus_ruber	0
fig4_q30_PE_itsxpress_unite_blast_top1_rescue	STD	fig4_q30_PE_itsxpress_unite_blast_top1_rescue_STD	DNeasy	NA	stool	UNITE	No_BLAST	ITSxpress	PE	ITSx_PE	Rhizoplaca_novomexicana	0
fig4_q30_PE_itsxpress_unite_blast_top1_rescue	STD	fig4_q30_PE_itsxpress_unite_blast_top1_rescue_STD	DNeasy	NA	stool	UNITE	No_BLAST	ITSxpress	PE	ITSx_PE	Other	0.5935834155972359
fig4_q30_PE_itsxpress_unite_blast_top1_rescue	STD	fig4_q30_PE_itsxpress_unite_blast_top1_rescue_STD	DNeasy	NA	stool	UNITE+BLAST	BLAST	ITSxpress	PE	ITSx_PE	Ascomycota_p	0
fig4_q30_PE_itsxpress_unite_blast_top1_rescue	STD	fig4_q30_PE_itsxpress_unite_blast_top1_rescue_STD	DNeasy	NA	stool	UNITE+BLAST	BLAST	ITSxpress	PE	ITSx_PE	Fungi_k	0.0372490950970714
fig4_q30_PE_itsxpress_unite_blast_top1_rescue	STD	fig4_q30_PE_itsxpress_unite_blast_top1_rescue_STD	DNeasy	NA	stool	UNITE+BLAST	BLAST	ITSxpress	PE	ITSx_PE	Cutaneotrichosporon_debeurmannianum	0
fig4_q30_PE_itsxpress_unite_blast_top1_rescue	STD	fig4_q30_PE_itsxpress_unite_blast_top1_rescue_STD	DNeasy	NA	stool	UNITE+BLAST	BLAST	ITSxpress	PE	ITSx_PE	Irpex_hacksungii	0.06688055281342548
fig4_q30_PE_itsxpress_unite_blast_top1_rescue	STD	fig4_q30_PE_itsxpress_unite_blast_top1_rescue_STD	DNeasy	NA	stool	UNITE+BLAST	BLAST	ITSxpress	PE	ITSx_PE	Peniophoraceae_f	0.09911154985192498
fig4_q30_PE_itsxpress_unite_blast_top1_rescue	STD	fig4_q30_PE_itsxpress_unite_blast_top1_rescue_STD	DNeasy	NA	stool	UNITE+BLAST	BLAST	ITSxpress	PE	ITSx_PE	Kazachstania_servazzii	0.0026982560052648897
fig4_q30_PE_itsxpress_unite_blast_top1_rescue	STD	fig4_q30_PE_itsxpress_unite_blast_top1_rescue_STD	DNeasy	NA	stool	UNITE+BLAST	BLAST	ITSxpress	PE	ITSx_PE	Debaryomyces_delbrueckii	0
fig4_q30_PE_itsxpress_unite_blast_top1_rescue	STD	fig4_q30_PE_itsxpress_unite_blast_top1_rescue_STD	DNeasy	NA	stool	UNITE+BLAST	BLAST	ITSxpress	PE	ITSx_PE	Irpex_laceratus	0.03144126357354393
fig4_q30_PE_itsxpress_unite_blast_top1_rescue	STD	fig4_q30_PE_itsxpress_unite_blast_top1_rescue_STD	DNeasy	NA	stool	UNITE+BLAST	BLAST	ITSxpress	PE	ITSx_PE	Cladosporium_angustisporum	0.12540309312273773
fig4_q30_PE_itsxpress_unite_blast_top1_rescue	STD	fig4_q30_PE_itsxpress_unite_blast_top1_rescue_STD	DNeasy	NA	stool	UNITE+BLAST	BLAST	ITSxpress	PE	ITSx_PE	Saccharomyces_cerevisiae	0
fig4_q30_PE_itsxpress_unite_blast_top1_rescue	STD	fig4_q30_PE_itsxpress_unite_blast_top1_rescue_STD	DNeasy	NA	stool	UNITE+BLAST	BLAST	ITSxpress	PE	ITSx_PE	Mucor_circinelloides	0.008604804211911813
fig4_q30_PE_itsxpress_unite_blast_top1_rescue	STD	fig4_q30_PE_itsxpress_unite_blast_top1_rescue_STD	DNeasy	NA	stool	UNITE+BLAST	BLAST	ITSxpress	PE	ITSx_PE	Stereaceae_f	0.039897992760776574
fig4_q30_PE_itsxpress_unite_blast_top1_rescue	STD	fig4_q30_PE_itsxpress_unite_blast_top1_rescue_STD	DNeasy	NA	stool	UNITE+BLAST	BLAST	ITSxpress	PE	ITSx_PE	Penicillium_patris-mei	0.006992431720960843
fig4_q30_PE_itsxpress_unite_blast_top1_rescue	STD	fig4_q30_PE_itsxpress_unite_blast_top1_rescue_STD	DNeasy	NA	stool	UNITE+BLAST	BLAST	ITSxpress	PE	ITSx_PE	Bjerkandera_adusta	0.03583415597235933
fig4_q30_PE_itsxpress_unite_blast_top1_rescue	STD	fig4_q30_PE_itsxpress_unite_blast_top1_rescue_STD	DNeasy	NA	stool	UNITE+BLAST	BLAST	ITSxpress	PE	ITSx_PE	Schizophyllum_commune	0.026390259953932214
fig4_q30_PE_itsxpress_unite_blast_top1_rescue	STD	fig4_q30_PE_itsxpress_unite_blast_top1_rescue_STD	DNeasy	NA	stool	UNITE+BLAST	BLAST	ITSxpress	PE	ITSx_PE	Bullera_alba	0.04468575189206976
fig4_q30_PE_itsxpress_unite_blast_top1_rescue	STD	fig4_q30_PE_itsxpress_unite_blast_top1_rescue_STD	DNeasy	NA	stool	UNITE+BLAST	BLAST	ITSxpress	PE	ITSx_PE	Tilletiopsis_washingtonensis	0
fig4_q30_PE_itsxpress_unite_blast_top1_rescue	STD	fig4_q30_PE_itsxpress_unite_blast_top1_rescue_STD	DNeasy	NA	stool	UNITE+BLAST	BLAST	ITSxpress	PE	ITSx_PE	Candolleomyces_subminutisporus	0
fig4_q30_PE_itsxpress_unite_blast_top1_rescue	STD	fig4_q30_PE_itsxpress_unite_blast_top1_rescue_STD	DNeasy	NA	stool	UNITE+BLAST	BLAST	ITSxpress	PE	ITSx_PE	Aspergillus_ruber	0
fig4_q30_PE_itsxpress_unite_blast_top1_rescue	STD	fig4_q30_PE_itsxpress_unite_blast_top1_rescue_STD	DNeasy	NA	stool	UNITE+BLAST	BLAST	ITSxpress	PE	ITSx_PE	Rhizoplaca_novomexicana	0
fig4_q30_PE_itsxpress_unite_blast_top1_rescue	STD	fig4_q30_PE_itsxpress_unite_blast_top1_rescue_STD	DNeasy	NA	stool	UNITE+BLAST	BLAST	ITSxpress	PE	ITSx_PE	Other	0.47481079302402107
fig4_q30_PE_itsxpress_unite_blast_top1_rescue	STQ	fig4_q30_PE_itsxpress_unite_blast_top1_rescue_STQ	QIAamp	NA	stool	UNITE	No_BLAST	ITSxpress	PE	ITSx_PE	Ascomycota_p	0.04024173081507032
fig4_q30_PE_itsxpress_unite_blast_top1_rescue	STQ	fig4_q30_PE_itsxpress_unite_blast_top1_rescue_STQ	QIAamp	NA	stool	UNITE	No_BLAST	ITSxpress	PE	ITSx_PE	Fungi_k	0.03642788036848526
fig4_q30_PE_itsxpress_unite_blast_top1_rescue	STQ	fig4_q30_PE_itsxpress_unite_blast_top1_rescue_STQ	QIAamp	NA	stool	UNITE	No_BLAST	ITSxpress	PE	ITSx_PE	Cutaneotrichosporon_debeurmannianum	0
fig4_q30_PE_itsxpress_unite_blast_top1_rescue	STQ	fig4_q30_PE_itsxpress_unite_blast_top1_rescue_STQ	QIAamp	NA	stool	UNITE	No_BLAST	ITSxpress	PE	ITSx_PE	Irpex_hacksungii	0.14001878882205304
fig4_q30_PE_itsxpress_unite_blast_top1_rescue	STQ	fig4_q30_PE_itsxpress_unite_blast_top1_rescue_STQ	QIAamp	NA	stool	UNITE	No_BLAST	ITSxpress	PE	ITSx_PE	Peniophoraceae_f	0.0552447454395042
fig4_q30_PE_itsxpress_unite_blast_top1_rescue	STQ	fig4_q30_PE_itsxpress_unite_blast_top1_rescue_STQ	QIAamp	NA	stool	UNITE	No_BLAST	ITSxpress	PE	ITSx_PE	Kazachstania_servazzii	0.017765251896409092
fig4_q30_PE_itsxpress_unite_blast_top1_rescue	STQ	fig4_q30_PE_itsxpress_unite_blast_top1_rescue_STQ	QIAamp	NA	stool	UNITE	No_BLAST	ITSxpress	PE	ITSx_PE	Debaryomyces_delbrueckii	0.017232434554606768
fig4_q30_PE_itsxpress_unite_blast_top1_rescue	STQ	fig4_q30_PE_itsxpress_unite_blast_top1_rescue_STQ	QIAamp	NA	stool	UNITE	No_BLAST	ITSxpress	PE	ITSx_PE	Irpex_laceratus	0
fig4_q30_PE_itsxpress_unite_blast_top1_rescue	STQ	fig4_q30_PE_itsxpress_unite_blast_top1_rescue_STQ	QIAamp	NA	stool	UNITE	No_BLAST	ITSxpress	PE	ITSx_PE	Cladosporium_angustisporum	0
fig4_q30_PE_itsxpress_unite_blast_top1_rescue	STQ	fig4_q30_PE_itsxpress_unite_blast_top1_rescue_STQ	QIAamp	NA	stool	UNITE	No_BLAST	ITSxpress	PE	ITSx_PE	Saccharomyces_cerevisiae	0
fig4_q30_PE_itsxpress_unite_blast_top1_rescue	STQ	fig4_q30_PE_itsxpress_unite_blast_top1_rescue_STQ	QIAamp	NA	stool	UNITE	No_BLAST	ITSxpress	PE	ITSx_PE	Mucor_circinelloides	0.0023836565291156632
fig4_q30_PE_itsxpress_unite_blast_top1_rescue	STQ	fig4_q30_PE_itsxpress_unite_blast_top1_rescue_STQ	QIAamp	NA	stool	UNITE	No_BLAST	ITSxpress	PE	ITSx_PE	Stereaceae_f	0.015325509331314236
fig4_q30_PE_itsxpress_unite_blast_top1_rescue	STQ	fig4_q30_PE_itsxpress_unite_blast_top1_rescue_STQ	QIAamp	NA	stool	UNITE	No_BLAST	ITSxpress	PE	ITSx_PE	Penicillium_patris-mei	0.013376519581037312
fig4_q30_PE_itsxpress_unite_blast_top1_rescue	STQ	fig4_q30_PE_itsxpress_unite_blast_top1_rescue_STQ	QIAamp	NA	stool	UNITE	No_BLAST	ITSxpress	PE	ITSx_PE	Bjerkandera_adusta	0.010796561925994475
fig4_q30_PE_itsxpress_unite_blast_top1_rescue	STQ	fig4_q30_PE_itsxpress_unite_blast_top1_rescue_STQ	QIAamp	NA	stool	UNITE	No_BLAST	ITSxpress	PE	ITSx_PE	Schizophyllum_commune	0.01891501563398253
fig4_q30_PE_itsxpress_unite_blast_top1_rescue	STQ	fig4_q30_PE_itsxpress_unite_blast_top1_rescue_STQ	QIAamp	NA	stool	UNITE	No_BLAST	ITSxpress	PE	ITSx_PE	Bullera_alba	0
fig4_q30_PE_itsxpress_unite_blast_top1_rescue	STQ	fig4_q30_PE_itsxpress_unite_blast_top1_rescue_STQ	QIAamp	NA	stool	UNITE	No_BLAST	ITSxpress	PE	ITSx_PE	Tilletiopsis_washingtonensis	0
fig4_q30_PE_itsxpress_unite_blast_top1_rescue	STQ	fig4_q30_PE_itsxpress_unite_blast_top1_rescue_STQ	QIAamp	NA	stool	UNITE	No_BLAST	ITSxpress	PE	ITSx_PE	Candolleomyces_subminutisporus	0.038012310884897434
fig4_q30_PE_itsxpress_unite_blast_top1_rescue	STQ	fig4_q30_PE_itsxpress_unite_blast_top1_rescue_STQ	QIAamp	NA	stool	UNITE	No_BLAST	ITSxpress	PE	ITSx_PE	Aspergillus_ruber	0.043606892973821844
fig4_q30_PE_itsxpress_unite_blast_top1_rescue	STQ	fig4_q30_PE_itsxpress_unite_blast_top1_rescue_STQ	QIAamp	NA	stool	UNITE	No_BLAST	ITSxpress	PE	ITSx_PE	Rhizoplaca_novomexicana	0
fig4_q30_PE_itsxpress_unite_blast_top1_rescue	STQ	fig4_q30_PE_itsxpress_unite_blast_top1_rescue_STQ	QIAamp	NA	stool	UNITE	No_BLAST	ITSxpress	PE	ITSx_PE	Other	0.5506527012437078
fig4_q30_PE_itsxpress_unite_blast_top1_rescue	STQ	fig4_q30_PE_itsxpress_unite_blast_top1_rescue_STQ	QIAamp	NA	stool	UNITE+BLAST	BLAST	ITSxpress	PE	ITSx_PE	Ascomycota_p	0
fig4_q30_PE_itsxpress_unite_blast_top1_rescue	STQ	fig4_q30_PE_itsxpress_unite_blast_top1_rescue_STQ	QIAamp	NA	stool	UNITE+BLAST	BLAST	ITSxpress	PE	ITSx_PE	Fungi_k	0.03642788036848526
fig4_q30_PE_itsxpress_unite_blast_top1_rescue	STQ	fig4_q30_PE_itsxpress_unite_blast_top1_rescue_STQ	QIAamp	NA	stool	UNITE+BLAST	BLAST	ITSxpress	PE	ITSx_PE	Cutaneotrichosporon_debeurmannianum	0
fig4_q30_PE_itsxpress_unite_blast_top1_rescue	STQ	fig4_q30_PE_itsxpress_unite_blast_top1_rescue_STQ	QIAamp	NA	stool	UNITE+BLAST	BLAST	ITSxpress	PE	ITSx_PE	Irpex_hacksungii	0.14001878882205304
fig4_q30_PE_itsxpress_unite_blast_top1_rescue	STQ	fig4_q30_PE_itsxpress_unite_blast_top1_rescue_STQ	QIAamp	NA	stool	UNITE+BLAST	BLAST	ITSxpress	PE	ITSx_PE	Peniophoraceae_f	0.0552447454395042
fig4_q30_PE_itsxpress_unite_blast_top1_rescue	STQ	fig4_q30_PE_itsxpress_unite_blast_top1_rescue_STQ	QIAamp	NA	stool	UNITE+BLAST	BLAST	ITSxpress	PE	ITSx_PE	Kazachstania_servazzii	0.017765251896409092
fig4_q30_PE_itsxpress_unite_blast_top1_rescue	STQ	fig4_q30_PE_itsxpress_unite_blast_top1_rescue_STQ	QIAamp	NA	stool	UNITE+BLAST	BLAST	ITSxpress	PE	ITSx_PE	Debaryomyces_delbrueckii	0.017232434554606768
fig4_q30_PE_itsxpress_unite_blast_top1_rescue	STQ	fig4_q30_PE_itsxpress_unite_blast_top1_rescue_STQ	QIAamp	NA	stool	UNITE+BLAST	BLAST	ITSxpress	PE	ITSx_PE	Irpex_laceratus	0
fig4_q30_PE_itsxpress_unite_blast_top1_rescue	STQ	fig4_q30_PE_itsxpress_unite_blast_top1_rescue_STQ	QIAamp	NA	stool	UNITE+BLAST	BLAST	ITSxpress	PE	ITSx_PE	Cladosporium_angustisporum	0.07201447019728263
fig4_q30_PE_itsxpress_unite_blast_top1_rescue	STQ	fig4_q30_PE_itsxpress_unite_blast_top1_rescue_STQ	QIAamp	NA	stool	UNITE+BLAST	BLAST	ITSxpress	PE	ITSx_PE	Saccharomyces_cerevisiae	0
fig4_q30_PE_itsxpress_unite_blast_top1_rescue	STQ	fig4_q30_PE_itsxpress_unite_blast_top1_rescue_STQ	QIAamp	NA	stool	UNITE+BLAST	BLAST	ITSxpress	PE	ITSx_PE	Mucor_circinelloides	0.0023836565291156632
fig4_q30_PE_itsxpress_unite_blast_top1_rescue	STQ	fig4_q30_PE_itsxpress_unite_blast_top1_rescue_STQ	QIAamp	NA	stool	UNITE+BLAST	BLAST	ITSxpress	PE	ITSx_PE	Stereaceae_f	0.015325509331314236
fig4_q30_PE_itsxpress_unite_blast_top1_rescue	STQ	fig4_q30_PE_itsxpress_unite_blast_top1_rescue_STQ	QIAamp	NA	stool	UNITE+BLAST	BLAST	ITSxpress	PE	ITSx_PE	Penicillium_patris-mei	0.013376519581037312
fig4_q30_PE_itsxpress_unite_blast_top1_rescue	STQ	fig4_q30_PE_itsxpress_unite_blast_top1_rescue_STQ	QIAamp	NA	stool	UNITE+BLAST	BLAST	ITSxpress	PE	ITSx_PE	Bjerkandera_adusta	0.010796561925994475
fig4_q30_PE_itsxpress_unite_blast_top1_rescue	STQ	fig4_q30_PE_itsxpress_unite_blast_top1_rescue_STQ	QIAamp	NA	stool	UNITE+BLAST	BLAST	ITSxpress	PE	ITSx_PE	Schizophyllum_commune	0.01891501563398253
fig4_q30_PE_itsxpress_unite_blast_top1_rescue	STQ	fig4_q30_PE_itsxpress_unite_blast_top1_rescue_STQ	QIAamp	NA	stool	UNITE+BLAST	BLAST	ITSxpress	PE	ITSx_PE	Bullera_alba	0
fig4_q30_PE_itsxpress_unite_blast_top1_rescue	STQ	fig4_q30_PE_itsxpress_unite_blast_top1_rescue_STQ	QIAamp	NA	stool	UNITE+BLAST	BLAST	ITSxpress	PE	ITSx_PE	Tilletiopsis_washingtonensis	0
fig4_q30_PE_itsxpress_unite_blast_top1_rescue	STQ	fig4_q30_PE_itsxpress_unite_blast_top1_rescue_STQ	QIAamp	NA	stool	UNITE+BLAST	BLAST	ITSxpress	PE	ITSx_PE	Candolleomyces_subminutisporus	0.038012310884897434
fig4_q30_PE_itsxpress_unite_blast_top1_rescue	STQ	fig4_q30_PE_itsxpress_unite_blast_top1_rescue_STQ	QIAamp	NA	stool	UNITE+BLAST	BLAST	ITSxpress	PE	ITSx_PE	Aspergillus_ruber	0.043606892973821844
fig4_q30_PE_itsxpress_unite_blast_top1_rescue	STQ	fig4_q30_PE_itsxpress_unite_blast_top1_rescue_STQ	QIAamp	NA	stool	UNITE+BLAST	BLAST	ITSxpress	PE	ITSx_PE	Rhizoplaca_novomexicana	0
fig4_q30_PE_itsxpress_unite_blast_top1_rescue	STQ	fig4_q30_PE_itsxpress_unite_blast_top1_rescue_STQ	QIAamp	NA	stool	UNITE+BLAST	BLAST	ITSxpress	PE	ITSx_PE	Other	0.5188799618614955
fig4_q30_PE_itsxpress_unite_blast_top1_rescue	STZ	fig4_q30_PE_itsxpress_unite_blast_top1_rescue_STZ	Zymo	NA	stool	UNITE	No_BLAST	ITSxpress	PE	ITSx_PE	Ascomycota_p	0.03643983338870008
fig4_q30_PE_itsxpress_unite_blast_top1_rescue	STZ	fig4_q30_PE_itsxpress_unite_blast_top1_rescue_STZ	Zymo	NA	stool	UNITE	No_BLAST	ITSxpress	PE	ITSx_PE	Fungi_k	0
fig4_q30_PE_itsxpress_unite_blast_top1_rescue	STZ	fig4_q30_PE_itsxpress_unite_blast_top1_rescue_STZ	Zymo	NA	stool	UNITE	No_BLAST	ITSxpress	PE	ITSx_PE	Cutaneotrichosporon_debeurmannianum	0.2819870697365395
fig4_q30_PE_itsxpress_unite_blast_top1_rescue	STZ	fig4_q30_PE_itsxpress_unite_blast_top1_rescue_STZ	Zymo	NA	stool	UNITE	No_BLAST	ITSxpress	PE	ITSx_PE	Irpex_hacksungii	0
fig4_q30_PE_itsxpress_unite_blast_top1_rescue	STZ	fig4_q30_PE_itsxpress_unite_blast_top1_rescue_STZ	Zymo	NA	stool	UNITE	No_BLAST	ITSxpress	PE	ITSx_PE	Peniophoraceae_f	0
fig4_q30_PE_itsxpress_unite_blast_top1_rescue	STZ	fig4_q30_PE_itsxpress_unite_blast_top1_rescue_STZ	Zymo	NA	stool	UNITE	No_BLAST	ITSxpress	PE	ITSx_PE	Kazachstania_servazzii	0.1327268545728669
fig4_q30_PE_itsxpress_unite_blast_top1_rescue	STZ	fig4_q30_PE_itsxpress_unite_blast_top1_rescue_STZ	Zymo	NA	stool	UNITE	No_BLAST	ITSxpress	PE	ITSx_PE	Debaryomyces_delbrueckii	0.10581861855722792
fig4_q30_PE_itsxpress_unite_blast_top1_rescue	STZ	fig4_q30_PE_itsxpress_unite_blast_top1_rescue_STZ	Zymo	NA	stool	UNITE	No_BLAST	ITSxpress	PE	ITSx_PE	Irpex_laceratus	0
fig4_q30_PE_itsxpress_unite_blast_top1_rescue	STZ	fig4_q30_PE_itsxpress_unite_blast_top1_rescue_STZ	Zymo	NA	stool	UNITE	No_BLAST	ITSxpress	PE	ITSx_PE	Cladosporium_angustisporum	0
fig4_q30_PE_itsxpress_unite_blast_top1_rescue	STZ	fig4_q30_PE_itsxpress_unite_blast_top1_rescue_STZ	Zymo	NA	stool	UNITE	No_BLAST	ITSxpress	PE	ITSx_PE	Saccharomyces_cerevisiae	0.07898704418265913
fig4_q30_PE_itsxpress_unite_blast_top1_rescue	STZ	fig4_q30_PE_itsxpress_unite_blast_top1_rescue_STZ	Zymo	NA	stool	UNITE	No_BLAST	ITSxpress	PE	ITSx_PE	Mucor_circinelloides	0.06516239490966703
fig4_q30_PE_itsxpress_unite_blast_top1_rescue	STZ	fig4_q30_PE_itsxpress_unite_blast_top1_rescue_STZ	Zymo	NA	stool	UNITE	No_BLAST	ITSxpress	PE	ITSx_PE	Stereaceae_f	0
fig4_q30_PE_itsxpress_unite_blast_top1_rescue	STZ	fig4_q30_PE_itsxpress_unite_blast_top1_rescue_STZ	Zymo	NA	stool	UNITE	No_BLAST	ITSxpress	PE	ITSx_PE	Penicillium_patris-mei	0.04410599749571972
fig4_q30_PE_itsxpress_unite_blast_top1_rescue	STZ	fig4_q30_PE_itsxpress_unite_blast_top1_rescue_STZ	Zymo	NA	stool	UNITE	No_BLAST	ITSxpress	PE	ITSx_PE	Bjerkandera_adusta	0
fig4_q30_PE_itsxpress_unite_blast_top1_rescue	STZ	fig4_q30_PE_itsxpress_unite_blast_top1_rescue_STZ	Zymo	NA	stool	UNITE	No_BLAST	ITSxpress	PE	ITSx_PE	Schizophyllum_commune	0
fig4_q30_PE_itsxpress_unite_blast_top1_rescue	STZ	fig4_q30_PE_itsxpress_unite_blast_top1_rescue_STZ	Zymo	NA	stool	UNITE	No_BLAST	ITSxpress	PE	ITSx_PE	Bullera_alba	0
fig4_q30_PE_itsxpress_unite_blast_top1_rescue	STZ	fig4_q30_PE_itsxpress_unite_blast_top1_rescue_STZ	Zymo	NA	stool	UNITE	No_BLAST	ITSxpress	PE	ITSx_PE	Tilletiopsis_washingtonensis	0.04707024761710066
fig4_q30_PE_itsxpress_unite_blast_top1_rescue	STZ	fig4_q30_PE_itsxpress_unite_blast_top1_rescue_STZ	Zymo	NA	stool	UNITE	No_BLAST	ITSxpress	PE	ITSx_PE	Candolleomyces_subminutisporus	0
fig4_q30_PE_itsxpress_unite_blast_top1_rescue	STZ	fig4_q30_PE_itsxpress_unite_blast_top1_rescue_STZ	Zymo	NA	stool	UNITE	No_BLAST	ITSxpress	PE	ITSx_PE	Aspergillus_ruber	0
fig4_q30_PE_itsxpress_unite_blast_top1_rescue	STZ	fig4_q30_PE_itsxpress_unite_blast_top1_rescue_STZ	Zymo	NA	stool	UNITE	No_BLAST	ITSxpress	PE	ITSx_PE	Rhizoplaca_novomexicana	0.0981013466894948
fig4_q30_PE_itsxpress_unite_blast_top1_rescue	STZ	fig4_q30_PE_itsxpress_unite_blast_top1_rescue_STZ	Zymo	NA	stool	UNITE	No_BLAST	ITSxpress	PE	ITSx_PE	Other	0.10960059285002428
fig4_q30_PE_itsxpress_unite_blast_top1_rescue	STZ	fig4_q30_PE_itsxpress_unite_blast_top1_rescue_STZ	Zymo	NA	stool	UNITE+BLAST	BLAST	ITSxpress	PE	ITSx_PE	Ascomycota_p	0
fig4_q30_PE_itsxpress_unite_blast_top1_rescue	STZ	fig4_q30_PE_itsxpress_unite_blast_top1_rescue_STZ	Zymo	NA	stool	UNITE+BLAST	BLAST	ITSxpress	PE	ITSx_PE	Fungi_k	0
fig4_q30_PE_itsxpress_unite_blast_top1_rescue	STZ	fig4_q30_PE_itsxpress_unite_blast_top1_rescue_STZ	Zymo	NA	stool	UNITE+BLAST	BLAST	ITSxpress	PE	ITSx_PE	Cutaneotrichosporon_debeurmannianum	0.2819870697365395
fig4_q30_PE_itsxpress_unite_blast_top1_rescue	STZ	fig4_q30_PE_itsxpress_unite_blast_top1_rescue_STZ	Zymo	NA	stool	UNITE+BLAST	BLAST	ITSxpress	PE	ITSx_PE	Irpex_hacksungii	0
fig4_q30_PE_itsxpress_unite_blast_top1_rescue	STZ	fig4_q30_PE_itsxpress_unite_blast_top1_rescue_STZ	Zymo	NA	stool	UNITE+BLAST	BLAST	ITSxpress	PE	ITSx_PE	Peniophoraceae_f	0
fig4_q30_PE_itsxpress_unite_blast_top1_rescue	STZ	fig4_q30_PE_itsxpress_unite_blast_top1_rescue_STZ	Zymo	NA	stool	UNITE+BLAST	BLAST	ITSxpress	PE	ITSx_PE	Kazachstania_servazzii	0.1327268545728669
fig4_q30_PE_itsxpress_unite_blast_top1_rescue	STZ	fig4_q30_PE_itsxpress_unite_blast_top1_rescue_STZ	Zymo	NA	stool	UNITE+BLAST	BLAST	ITSxpress	PE	ITSx_PE	Debaryomyces_delbrueckii	0.10581861855722792
fig4_q30_PE_itsxpress_unite_blast_top1_rescue	STZ	fig4_q30_PE_itsxpress_unite_blast_top1_rescue_STZ	Zymo	NA	stool	UNITE+BLAST	BLAST	ITSxpress	PE	ITSx_PE	Irpex_laceratus	0
fig4_q30_PE_itsxpress_unite_blast_top1_rescue	STZ	fig4_q30_PE_itsxpress_unite_blast_top1_rescue_STZ	Zymo	NA	stool	UNITE+BLAST	BLAST	ITSxpress	PE	ITSx_PE	Cladosporium_angustisporum	0.03643983338870008
fig4_q30_PE_itsxpress_unite_blast_top1_rescue	STZ	fig4_q30_PE_itsxpress_unite_blast_top1_rescue_STZ	Zymo	NA	stool	UNITE+BLAST	BLAST	ITSxpress	PE	ITSx_PE	Saccharomyces_cerevisiae	0.07898704418265913
fig4_q30_PE_itsxpress_unite_blast_top1_rescue	STZ	fig4_q30_PE_itsxpress_unite_blast_top1_rescue_STZ	Zymo	NA	stool	UNITE+BLAST	BLAST	ITSxpress	PE	ITSx_PE	Mucor_circinelloides	0.06516239490966703
fig4_q30_PE_itsxpress_unite_blast_top1_rescue	STZ	fig4_q30_PE_itsxpress_unite_blast_top1_rescue_STZ	Zymo	NA	stool	UNITE+BLAST	BLAST	ITSxpress	PE	ITSx_PE	Stereaceae_f	0
fig4_q30_PE_itsxpress_unite_blast_top1_rescue	STZ	fig4_q30_PE_itsxpress_unite_blast_top1_rescue_STZ	Zymo	NA	stool	UNITE+BLAST	BLAST	ITSxpress	PE	ITSx_PE	Penicillium_patris-mei	0.04410599749571972
fig4_q30_PE_itsxpress_unite_blast_top1_rescue	STZ	fig4_q30_PE_itsxpress_unite_blast_top1_rescue_STZ	Zymo	NA	stool	UNITE+BLAST	BLAST	ITSxpress	PE	ITSx_PE	Bjerkandera_adusta	0
fig4_q30_PE_itsxpress_unite_blast_top1_rescue	STZ	fig4_q30_PE_itsxpress_unite_blast_top1_rescue_STZ	Zymo	NA	stool	UNITE+BLAST	BLAST	ITSxpress	PE	ITSx_PE	Schizophyllum_commune	0
fig4_q30_PE_itsxpress_unite_blast_top1_rescue	STZ	fig4_q30_PE_itsxpress_unite_blast_top1_rescue_STZ	Zymo	NA	stool	UNITE+BLAST	BLAST	ITSxpress	PE	ITSx_PE	Bullera_alba	0
fig4_q30_PE_itsxpress_unite_blast_top1_rescue	STZ	fig4_q30_PE_itsxpress_unite_blast_top1_rescue_STZ	Zymo	NA	stool	UNITE+BLAST	BLAST	ITSxpress	PE	ITSx_PE	Tilletiopsis_washingtonensis	0.04707024761710066
fig4_q30_PE_itsxpress_unite_blast_top1_rescue	STZ	fig4_q30_PE_itsxpress_unite_blast_top1_rescue_STZ	Zymo	NA	stool	UNITE+BLAST	BLAST	ITSxpress	PE	ITSx_PE	Candolleomyces_subminutisporus	0
fig4_q30_PE_itsxpress_unite_blast_top1_rescue	STZ	fig4_q30_PE_itsxpress_unite_blast_top1_rescue_STZ	Zymo	NA	stool	UNITE+BLAST	BLAST	ITSxpress	PE	ITSx_PE	Aspergillus_ruber	0
fig4_q30_PE_itsxpress_unite_blast_top1_rescue	STZ	fig4_q30_PE_itsxpress_unite_blast_top1_rescue_STZ	Zymo	NA	stool	UNITE+BLAST	BLAST	ITSxpress	PE	ITSx_PE	Rhizoplaca_novomexicana	0.0981013466894948
fig4_q30_PE_itsxpress_unite_blast_top1_rescue	STZ	fig4_q30_PE_itsxpress_unite_blast_top1_rescue_STZ	Zymo	NA	stool	UNITE+BLAST	BLAST	ITSxpress	PE	ITSx_PE	Other	0.10960059285002428
fig4_q30_SE_cutadapt_unite_blast_top1_rescue	STD	fig4_q30_SE_cutadapt_unite_blast_top1_rescue_STD	DNeasy	NA	stool	UNITE	No_BLAST	Cutadapt	SE	Cutadapt_SE	Ascomycota_p	0.39356560789911965
fig4_q30_SE_cutadapt_unite_blast_top1_rescue	STD	fig4_q30_SE_cutadapt_unite_blast_top1_rescue_STD	DNeasy	NA	stool	UNITE	No_BLAST	Cutadapt	SE	Cutadapt_SE	Fungi_k	0.15220527004520581
fig4_q30_SE_cutadapt_unite_blast_top1_rescue	STD	fig4_q30_SE_cutadapt_unite_blast_top1_rescue_STD	DNeasy	NA	stool	UNITE	No_BLAST	Cutadapt	SE	Cutadapt_SE	Cutaneotrichosporon_debeurmannianum	0
fig4_q30_SE_cutadapt_unite_blast_top1_rescue	STD	fig4_q30_SE_cutadapt_unite_blast_top1_rescue_STD	DNeasy	NA	stool	UNITE	No_BLAST	Cutadapt	SE	Cutadapt_SE	Irpex_hacksungii	0.030595705448489174
fig4_q30_SE_cutadapt_unite_blast_top1_rescue	STD	fig4_q30_SE_cutadapt_unite_blast_top1_rescue_STD	DNeasy	NA	stool	UNITE	No_BLAST	Cutadapt	SE	Cutadapt_SE	Peniophoraceae_f	0.0450347965738758
fig4_q30_SE_cutadapt_unite_blast_top1_rescue	STD	fig4_q30_SE_cutadapt_unite_blast_top1_rescue_STD	DNeasy	NA	stool	UNITE	No_BLAST	Cutadapt	SE	Cutadapt_SE	Kazachstania_servazzii	0.0012342374494408756
fig4_q30_SE_cutadapt_unite_blast_top1_rescue	STD	fig4_q30_SE_cutadapt_unite_blast_top1_rescue_STD	DNeasy	NA	stool	UNITE	No_BLAST	Cutadapt	SE	Cutadapt_SE	Debaryomyces_delbrueckii	0
fig4_q30_SE_cutadapt_unite_blast_top1_rescue	STD	fig4_q30_SE_cutadapt_unite_blast_top1_rescue_STD	DNeasy	NA	stool	UNITE	No_BLAST	Cutadapt	SE	Cutadapt_SE	Irpex_laceratus	0.05325065429455151
fig4_q30_SE_cutadapt_unite_blast_top1_rescue	STD	fig4_q30_SE_cutadapt_unite_blast_top1_rescue_STD	DNeasy	NA	stool	UNITE	No_BLAST	Cutadapt	SE	Cutadapt_SE	Cladosporium_angustisporum	0
fig4_q30_SE_cutadapt_unite_blast_top1_rescue	STD	fig4_q30_SE_cutadapt_unite_blast_top1_rescue_STD	DNeasy	NA	stool	UNITE	No_BLAST	Cutadapt	SE	Cutadapt_SE	Saccharomyces_cerevisiae	0
fig4_q30_SE_cutadapt_unite_blast_top1_rescue	STD	fig4_q30_SE_cutadapt_unite_blast_top1_rescue_STD	DNeasy	NA	stool	UNITE	No_BLAST	Cutadapt	SE	Cutadapt_SE	Mucor_circinelloides	0.0039257673090649535
fig4_q30_SE_cutadapt_unite_blast_top1_rescue	STD	fig4_q30_SE_cutadapt_unite_blast_top1_rescue_STD	DNeasy	NA	stool	UNITE	No_BLAST	Cutadapt	SE	Cutadapt_SE	Stereaceae_f	0.01815667380442541
fig4_q30_SE_cutadapt_unite_blast_top1_rescue	STD	fig4_q30_SE_cutadapt_unite_blast_top1_rescue_STD	DNeasy	NA	stool	UNITE	No_BLAST	Cutadapt	SE	Cutadapt_SE	Penicillium_patris-mei	0.0031748156078991196
fig4_q30_SE_cutadapt_unite_blast_top1_rescue	STD	fig4_q30_SE_cutadapt_unite_blast_top1_rescue_STD	DNeasy	NA	stool	UNITE	No_BLAST	Cutadapt	SE	Cutadapt_SE	Bjerkandera_adusta	0.016245836307399477
fig4_q30_SE_cutadapt_unite_blast_top1_rescue	STD	fig4_q30_SE_cutadapt_unite_blast_top1_rescue_STD	DNeasy	NA	stool	UNITE	No_BLAST	Cutadapt	SE	Cutadapt_SE	Schizophyllum_commune	0.012007792053295266
fig4_q30_SE_cutadapt_unite_blast_top1_rescue	STD	fig4_q30_SE_cutadapt_unite_blast_top1_rescue_STD	DNeasy	NA	stool	UNITE	No_BLAST	Cutadapt	SE	Cutadapt_SE	Bullera_alba	0.02023852010468713
fig4_q30_SE_cutadapt_unite_blast_top1_rescue	STD	fig4_q30_SE_cutadapt_unite_blast_top1_rescue_STD	DNeasy	NA	stool	UNITE	No_BLAST	Cutadapt	SE	Cutadapt_SE	Tilletiopsis_washingtonensis	0
fig4_q30_SE_cutadapt_unite_blast_top1_rescue	STD	fig4_q30_SE_cutadapt_unite_blast_top1_rescue_STD	DNeasy	NA	stool	UNITE	No_BLAST	Cutadapt	SE	Cutadapt_SE	Candolleomyces_subminutisporus	0
fig4_q30_SE_cutadapt_unite_blast_top1_rescue	STD	fig4_q30_SE_cutadapt_unite_blast_top1_rescue_STD	DNeasy	NA	stool	UNITE	No_BLAST	Cutadapt	SE	Cutadapt_SE	Aspergillus_ruber	0
fig4_q30_SE_cutadapt_unite_blast_top1_rescue	STD	fig4_q30_SE_cutadapt_unite_blast_top1_rescue_STD	DNeasy	NA	stool	UNITE	No_BLAST	Cutadapt	SE	Cutadapt_SE	Rhizoplaca_novomexicana	0.0026171782060433026
fig4_q30_SE_cutadapt_unite_blast_top1_rescue	STD	fig4_q30_SE_cutadapt_unite_blast_top1_rescue_STD	DNeasy	NA	stool	UNITE	No_BLAST	Cutadapt	SE	Cutadapt_SE	Other	0.2477471448965025
fig4_q30_SE_cutadapt_unite_blast_top1_rescue	STD	fig4_q30_SE_cutadapt_unite_blast_top1_rescue_STD	DNeasy	NA	stool	UNITE+BLAST	BLAST	Cutadapt	SE	Cutadapt_SE	Ascomycota_p	0.39056923625981443
fig4_q30_SE_cutadapt_unite_blast_top1_rescue	STD	fig4_q30_SE_cutadapt_unite_blast_top1_rescue_STD	DNeasy	NA	stool	UNITE+BLAST	BLAST	Cutadapt	SE	Cutadapt_SE	Fungi_k	0.1521457887223412
fig4_q30_SE_cutadapt_unite_blast_top1_rescue	STD	fig4_q30_SE_cutadapt_unite_blast_top1_rescue_STD	DNeasy	NA	stool	UNITE+BLAST	BLAST	Cutadapt	SE	Cutadapt_SE	Cutaneotrichosporon_debeurmannianum	0
fig4_q30_SE_cutadapt_unite_blast_top1_rescue	STD	fig4_q30_SE_cutadapt_unite_blast_top1_rescue_STD	DNeasy	NA	stool	UNITE+BLAST	BLAST	Cutadapt	SE	Cutadapt_SE	Irpex_hacksungii	0.030595705448489174
fig4_q30_SE_cutadapt_unite_blast_top1_rescue	STD	fig4_q30_SE_cutadapt_unite_blast_top1_rescue_STD	DNeasy	NA	stool	UNITE+BLAST	BLAST	Cutadapt	SE	Cutadapt_SE	Peniophoraceae_f	0.0450347965738758
fig4_q30_SE_cutadapt_unite_blast_top1_rescue	STD	fig4_q30_SE_cutadapt_unite_blast_top1_rescue_STD	DNeasy	NA	stool	UNITE+BLAST	BLAST	Cutadapt	SE	Cutadapt_SE	Kazachstania_servazzii	0.0012342374494408756
fig4_q30_SE_cutadapt_unite_blast_top1_rescue	STD	fig4_q30_SE_cutadapt_unite_blast_top1_rescue_STD	DNeasy	NA	stool	UNITE+BLAST	BLAST	Cutadapt	SE	Cutadapt_SE	Debaryomyces_delbrueckii	0
fig4_q30_SE_cutadapt_unite_blast_top1_rescue	STD	fig4_q30_SE_cutadapt_unite_blast_top1_rescue_STD	DNeasy	NA	stool	UNITE+BLAST	BLAST	Cutadapt	SE	Cutadapt_SE	Irpex_laceratus	0.05325065429455151
fig4_q30_SE_cutadapt_unite_blast_top1_rescue	STD	fig4_q30_SE_cutadapt_unite_blast_top1_rescue_STD	DNeasy	NA	stool	UNITE+BLAST	BLAST	Cutadapt	SE	Cutadapt_SE	Cladosporium_angustisporum	0.0029963716393052583
fig4_q30_SE_cutadapt_unite_blast_top1_rescue	STD	fig4_q30_SE_cutadapt_unite_blast_top1_rescue_STD	DNeasy	NA	stool	UNITE+BLAST	BLAST	Cutadapt	SE	Cutadapt_SE	Saccharomyces_cerevisiae	0
fig4_q30_SE_cutadapt_unite_blast_top1_rescue	STD	fig4_q30_SE_cutadapt_unite_blast_top1_rescue_STD	DNeasy	NA	stool	UNITE+BLAST	BLAST	Cutadapt	SE	Cutadapt_SE	Mucor_circinelloides	0.0039257673090649535
fig4_q30_SE_cutadapt_unite_blast_top1_rescue	STD	fig4_q30_SE_cutadapt_unite_blast_top1_rescue_STD	DNeasy	NA	stool	UNITE+BLAST	BLAST	Cutadapt	SE	Cutadapt_SE	Stereaceae_f	0.01815667380442541
fig4_q30_SE_cutadapt_unite_blast_top1_rescue	STD	fig4_q30_SE_cutadapt_unite_blast_top1_rescue_STD	DNeasy	NA	stool	UNITE+BLAST	BLAST	Cutadapt	SE	Cutadapt_SE	Penicillium_patris-mei	0.0031748156078991196
fig4_q30_SE_cutadapt_unite_blast_top1_rescue	STD	fig4_q30_SE_cutadapt_unite_blast_top1_rescue_STD	DNeasy	NA	stool	UNITE+BLAST	BLAST	Cutadapt	SE	Cutadapt_SE	Bjerkandera_adusta	0.016245836307399477
fig4_q30_SE_cutadapt_unite_blast_top1_rescue	STD	fig4_q30_SE_cutadapt_unite_blast_top1_rescue_STD	DNeasy	NA	stool	UNITE+BLAST	BLAST	Cutadapt	SE	Cutadapt_SE	Schizophyllum_commune	0.012007792053295266
fig4_q30_SE_cutadapt_unite_blast_top1_rescue	STD	fig4_q30_SE_cutadapt_unite_blast_top1_rescue_STD	DNeasy	NA	stool	UNITE+BLAST	BLAST	Cutadapt	SE	Cutadapt_SE	Bullera_alba	0.02023852010468713
fig4_q30_SE_cutadapt_unite_blast_top1_rescue	STD	fig4_q30_SE_cutadapt_unite_blast_top1_rescue_STD	DNeasy	NA	stool	UNITE+BLAST	BLAST	Cutadapt	SE	Cutadapt_SE	Tilletiopsis_washingtonensis	0
fig4_q30_SE_cutadapt_unite_blast_top1_rescue	STD	fig4_q30_SE_cutadapt_unite_blast_top1_rescue_STD	DNeasy	NA	stool	UNITE+BLAST	BLAST	Cutadapt	SE	Cutadapt_SE	Candolleomyces_subminutisporus	0
fig4_q30_SE_cutadapt_unite_blast_top1_rescue	STD	fig4_q30_SE_cutadapt_unite_blast_top1_rescue_STD	DNeasy	NA	stool	UNITE+BLAST	BLAST	Cutadapt	SE	Cutadapt_SE	Aspergillus_ruber	0
fig4_q30_SE_cutadapt_unite_blast_top1_rescue	STD	fig4_q30_SE_cutadapt_unite_blast_top1_rescue_STD	DNeasy	NA	stool	UNITE+BLAST	BLAST	Cutadapt	SE	Cutadapt_SE	Rhizoplaca_novomexicana	0.0026171782060433026
fig4_q30_SE_cutadapt_unite_blast_top1_rescue	STD	fig4_q30_SE_cutadapt_unite_blast_top1_rescue_STD	DNeasy	NA	stool	UNITE+BLAST	BLAST	Cutadapt	SE	Cutadapt_SE	Other	0.24780662621936714
fig4_q30_SE_cutadapt_unite_blast_top1_rescue	STQ	fig4_q30_SE_cutadapt_unite_blast_top1_rescue_STQ	QIAamp	NA	stool	UNITE	No_BLAST	Cutadapt	SE	Cutadapt_SE	Ascomycota_p	0.38338730114036323
fig4_q30_SE_cutadapt_unite_blast_top1_rescue	STQ	fig4_q30_SE_cutadapt_unite_blast_top1_rescue_STQ	QIAamp	NA	stool	UNITE	No_BLAST	Cutadapt	SE	Cutadapt_SE	Fungi_k	0.1502886104462903
fig4_q30_SE_cutadapt_unite_blast_top1_rescue	STQ	fig4_q30_SE_cutadapt_unite_blast_top1_rescue_STQ	QIAamp	NA	stool	UNITE	No_BLAST	Cutadapt	SE	Cutadapt_SE	Cutaneotrichosporon_debeurmannianum	0
fig4_q30_SE_cutadapt_unite_blast_top1_rescue	STQ	fig4_q30_SE_cutadapt_unite_blast_top1_rescue_STQ	QIAamp	NA	stool	UNITE	No_BLAST	Cutadapt	SE	Cutadapt_SE	Irpex_hacksungii	0.07087146276221315
fig4_q30_SE_cutadapt_unite_blast_top1_rescue	STQ	fig4_q30_SE_cutadapt_unite_blast_top1_rescue_STQ	QIAamp	NA	stool	UNITE	No_BLAST	Cutadapt	SE	Cutadapt_SE	Peniophoraceae_f	0.027924820498380964
fig4_q30_SE_cutadapt_unite_blast_top1_rescue	STQ	fig4_q30_SE_cutadapt_unite_blast_top1_rescue_STQ	QIAamp	NA	stool	UNITE	No_BLAST	Cutadapt	SE	Cutadapt_SE	Kazachstania_servazzii	0.008982120230888357
fig4_q30_SE_cutadapt_unite_blast_top1_rescue	STQ	fig4_q30_SE_cutadapt_unite_blast_top1_rescue_STQ	QIAamp	NA	stool	UNITE	No_BLAST	Cutadapt	SE	Cutadapt_SE	Debaryomyces_delbrueckii	0.008721666901309306
fig4_q30_SE_cutadapt_unite_blast_top1_rescue	STQ	fig4_q30_SE_cutadapt_unite_blast_top1_rescue_STQ	QIAamp	NA	stool	UNITE	No_BLAST	Cutadapt	SE	Cutadapt_SE	Irpex_laceratus	0.01978037448965226
fig4_q30_SE_cutadapt_unite_blast_top1_rescue	STQ	fig4_q30_SE_cutadapt_unite_blast_top1_rescue_STQ	QIAamp	NA	stool	UNITE	No_BLAST	Cutadapt	SE	Cutadapt_SE	Cladosporium_angustisporum	0
fig4_q30_SE_cutadapt_unite_blast_top1_rescue	STQ	fig4_q30_SE_cutadapt_unite_blast_top1_rescue_STQ	QIAamp	NA	stool	UNITE	No_BLAST	Cutadapt	SE	Cutadapt_SE	Saccharomyces_cerevisiae	0
fig4_q30_SE_cutadapt_unite_blast_top1_rescue	STQ	fig4_q30_SE_cutadapt_unite_blast_top1_rescue_STQ	QIAamp	NA	stool	UNITE	No_BLAST	Cutadapt	SE	Cutadapt_SE	Mucor_circinelloides	0.001203716739405885
fig4_q30_SE_cutadapt_unite_blast_top1_rescue	STQ	fig4_q30_SE_cutadapt_unite_blast_top1_rescue_STQ	QIAamp	NA	stool	UNITE	No_BLAST	Cutadapt	SE	Cutadapt_SE	Stereaceae_f	0.007757285653949036
fig4_q30_SE_cutadapt_unite_blast_top1_rescue	STQ	fig4_q30_SE_cutadapt_unite_blast_top1_rescue_STQ	QIAamp	NA	stool	UNITE	No_BLAST	Cutadapt	SE	Cutadapt_SE	Penicillium_patris-mei	0.0067577080106997044
fig4_q30_SE_cutadapt_unite_blast_top1_rescue	STQ	fig4_q30_SE_cutadapt_unite_blast_top1_rescue_STQ	QIAamp	NA	stool	UNITE	No_BLAST	Cutadapt	SE	Cutadapt_SE	Bjerkandera_adusta	0.0054272842460932
fig4_q30_SE_cutadapt_unite_blast_top1_rescue	STQ	fig4_q30_SE_cutadapt_unite_blast_top1_rescue_STQ	QIAamp	NA	stool	UNITE	No_BLAST	Cutadapt	SE	Cutadapt_SE	Schizophyllum_commune	0.00953822328593552
fig4_q30_SE_cutadapt_unite_blast_top1_rescue	STQ	fig4_q30_SE_cutadapt_unite_blast_top1_rescue_STQ	QIAamp	NA	stool	UNITE	No_BLAST	Cutadapt	SE	Cutadapt_SE	Bullera_alba	0
fig4_q30_SE_cutadapt_unite_blast_top1_rescue	STQ	fig4_q30_SE_cutadapt_unite_blast_top1_rescue_STQ	QIAamp	NA	stool	UNITE	No_BLAST	Cutadapt	SE	Cutadapt_SE	Tilletiopsis_washingtonensis	0
fig4_q30_SE_cutadapt_unite_blast_top1_rescue	STQ	fig4_q30_SE_cutadapt_unite_blast_top1_rescue_STQ	QIAamp	NA	stool	UNITE	No_BLAST	Cutadapt	SE	Cutadapt_SE	Candolleomyces_subminutisporus	0.01920315359707166
fig4_q30_SE_cutadapt_unite_blast_top1_rescue	STQ	fig4_q30_SE_cutadapt_unite_blast_top1_rescue_STQ	QIAamp	NA	stool	UNITE	No_BLAST	Cutadapt	SE	Cutadapt_SE	Aspergillus_ruber	0
fig4_q30_SE_cutadapt_unite_blast_top1_rescue	STQ	fig4_q30_SE_cutadapt_unite_blast_top1_rescue_STQ	QIAamp	NA	stool	UNITE	No_BLAST	Cutadapt	SE	Cutadapt_SE	Rhizoplaca_novomexicana	3.519639588906096e-5
fig4_q30_SE_cutadapt_unite_blast_top1_rescue	STQ	fig4_q30_SE_cutadapt_unite_blast_top1_rescue_STQ	QIAamp	NA	stool	UNITE	No_BLAST	Cutadapt	SE	Cutadapt_SE	Other	0.2801210756018584
fig4_q30_SE_cutadapt_unite_blast_top1_rescue	STQ	fig4_q30_SE_cutadapt_unite_blast_top1_rescue_STQ	QIAamp	NA	stool	UNITE+BLAST	BLAST	Cutadapt	SE	Cutadapt_SE	Ascomycota_p	0.36647191327608053
fig4_q30_SE_cutadapt_unite_blast_top1_rescue	STQ	fig4_q30_SE_cutadapt_unite_blast_top1_rescue_STQ	QIAamp	NA	stool	UNITE+BLAST	BLAST	Cutadapt	SE	Cutadapt_SE	Fungi_k	0.1502886104462903
fig4_q30_SE_cutadapt_unite_blast_top1_rescue	STQ	fig4_q30_SE_cutadapt_unite_blast_top1_rescue_STQ	QIAamp	NA	stool	UNITE+BLAST	BLAST	Cutadapt	SE	Cutadapt_SE	Cutaneotrichosporon_debeurmannianum	0
fig4_q30_SE_cutadapt_unite_blast_top1_rescue	STQ	fig4_q30_SE_cutadapt_unite_blast_top1_rescue_STQ	QIAamp	NA	stool	UNITE+BLAST	BLAST	Cutadapt	SE	Cutadapt_SE	Irpex_hacksungii	0.07087146276221315
fig4_q30_SE_cutadapt_unite_blast_top1_rescue	STQ	fig4_q30_SE_cutadapt_unite_blast_top1_rescue_STQ	QIAamp	NA	stool	UNITE+BLAST	BLAST	Cutadapt	SE	Cutadapt_SE	Peniophoraceae_f	0.027924820498380964
fig4_q30_SE_cutadapt_unite_blast_top1_rescue	STQ	fig4_q30_SE_cutadapt_unite_blast_top1_rescue_STQ	QIAamp	NA	stool	UNITE+BLAST	BLAST	Cutadapt	SE	Cutadapt_SE	Kazachstania_servazzii	0.008982120230888357
fig4_q30_SE_cutadapt_unite_blast_top1_rescue	STQ	fig4_q30_SE_cutadapt_unite_blast_top1_rescue_STQ	QIAamp	NA	stool	UNITE+BLAST	BLAST	Cutadapt	SE	Cutadapt_SE	Debaryomyces_delbrueckii	0.008721666901309306
fig4_q30_SE_cutadapt_unite_blast_top1_rescue	STQ	fig4_q30_SE_cutadapt_unite_blast_top1_rescue_STQ	QIAamp	NA	stool	UNITE+BLAST	BLAST	Cutadapt	SE	Cutadapt_SE	Irpex_laceratus	0.01978037448965226
fig4_q30_SE_cutadapt_unite_blast_top1_rescue	STQ	fig4_q30_SE_cutadapt_unite_blast_top1_rescue_STQ	QIAamp	NA	stool	UNITE+BLAST	BLAST	Cutadapt	SE	Cutadapt_SE	Cladosporium_angustisporum	0.016915387864282698
fig4_q30_SE_cutadapt_unite_blast_top1_rescue	STQ	fig4_q30_SE_cutadapt_unite_blast_top1_rescue_STQ	QIAamp	NA	stool	UNITE+BLAST	BLAST	Cutadapt	SE	Cutadapt_SE	Saccharomyces_cerevisiae	0
fig4_q30_SE_cutadapt_unite_blast_top1_rescue	STQ	fig4_q30_SE_cutadapt_unite_blast_top1_rescue_STQ	QIAamp	NA	stool	UNITE+BLAST	BLAST	Cutadapt	SE	Cutadapt_SE	Mucor_circinelloides	0.001203716739405885
fig4_q30_SE_cutadapt_unite_blast_top1_rescue	STQ	fig4_q30_SE_cutadapt_unite_blast_top1_rescue_STQ	QIAamp	NA	stool	UNITE+BLAST	BLAST	Cutadapt	SE	Cutadapt_SE	Stereaceae_f	0.007757285653949036
fig4_q30_SE_cutadapt_unite_blast_top1_rescue	STQ	fig4_q30_SE_cutadapt_unite_blast_top1_rescue_STQ	QIAamp	NA	stool	UNITE+BLAST	BLAST	Cutadapt	SE	Cutadapt_SE	Penicillium_patris-mei	0.0067577080106997044
fig4_q30_SE_cutadapt_unite_blast_top1_rescue	STQ	fig4_q30_SE_cutadapt_unite_blast_top1_rescue_STQ	QIAamp	NA	stool	UNITE+BLAST	BLAST	Cutadapt	SE	Cutadapt_SE	Bjerkandera_adusta	0.0054272842460932
fig4_q30_SE_cutadapt_unite_blast_top1_rescue	STQ	fig4_q30_SE_cutadapt_unite_blast_top1_rescue_STQ	QIAamp	NA	stool	UNITE+BLAST	BLAST	Cutadapt	SE	Cutadapt_SE	Schizophyllum_commune	0.00953822328593552
fig4_q30_SE_cutadapt_unite_blast_top1_rescue	STQ	fig4_q30_SE_cutadapt_unite_blast_top1_rescue_STQ	QIAamp	NA	stool	UNITE+BLAST	BLAST	Cutadapt	SE	Cutadapt_SE	Bullera_alba	0
fig4_q30_SE_cutadapt_unite_blast_top1_rescue	STQ	fig4_q30_SE_cutadapt_unite_blast_top1_rescue_STQ	QIAamp	NA	stool	UNITE+BLAST	BLAST	Cutadapt	SE	Cutadapt_SE	Tilletiopsis_washingtonensis	0
fig4_q30_SE_cutadapt_unite_blast_top1_rescue	STQ	fig4_q30_SE_cutadapt_unite_blast_top1_rescue_STQ	QIAamp	NA	stool	UNITE+BLAST	BLAST	Cutadapt	SE	Cutadapt_SE	Candolleomyces_subminutisporus	0.01920315359707166
fig4_q30_SE_cutadapt_unite_blast_top1_rescue	STQ	fig4_q30_SE_cutadapt_unite_blast_top1_rescue_STQ	QIAamp	NA	stool	UNITE+BLAST	BLAST	Cutadapt	SE	Cutadapt_SE	Aspergillus_ruber	0
fig4_q30_SE_cutadapt_unite_blast_top1_rescue	STQ	fig4_q30_SE_cutadapt_unite_blast_top1_rescue_STQ	QIAamp	NA	stool	UNITE+BLAST	BLAST	Cutadapt	SE	Cutadapt_SE	Rhizoplaca_novomexicana	3.519639588906096e-5
fig4_q30_SE_cutadapt_unite_blast_top1_rescue	STQ	fig4_q30_SE_cutadapt_unite_blast_top1_rescue_STQ	QIAamp	NA	stool	UNITE+BLAST	BLAST	Cutadapt	SE	Cutadapt_SE	Other	0.2801210756018584
fig4_q30_SE_cutadapt_unite_blast_top1_rescue	STZ	fig4_q30_SE_cutadapt_unite_blast_top1_rescue_STZ	Zymo	NA	stool	UNITE	No_BLAST	Cutadapt	SE	Cutadapt_SE	Ascomycota_p	0.4778543073964245
fig4_q30_SE_cutadapt_unite_blast_top1_rescue	STZ	fig4_q30_SE_cutadapt_unite_blast_top1_rescue_STZ	Zymo	NA	stool	UNITE	No_BLAST	Cutadapt	SE	Cutadapt_SE	Fungi_k	0.19707061041581794
fig4_q30_SE_cutadapt_unite_blast_top1_rescue	STZ	fig4_q30_SE_cutadapt_unite_blast_top1_rescue_STZ	Zymo	NA	stool	UNITE	No_BLAST	Cutadapt	SE	Cutadapt_SE	Cutaneotrichosporon_debeurmannianum	0.10516243332606987
fig4_q30_SE_cutadapt_unite_blast_top1_rescue	STZ	fig4_q30_SE_cutadapt_unite_blast_top1_rescue_STZ	Zymo	NA	stool	UNITE	No_BLAST	Cutadapt	SE	Cutadapt_SE	Irpex_hacksungii	0
fig4_q30_SE_cutadapt_unite_blast_top1_rescue	STZ	fig4_q30_SE_cutadapt_unite_blast_top1_rescue_STZ	Zymo	NA	stool	UNITE	No_BLAST	Cutadapt	SE	Cutadapt_SE	Peniophoraceae_f	0
fig4_q30_SE_cutadapt_unite_blast_top1_rescue	STZ	fig4_q30_SE_cutadapt_unite_blast_top1_rescue_STZ	Zymo	NA	stool	UNITE	No_BLAST	Cutadapt	SE	Cutadapt_SE	Kazachstania_servazzii	0.049483188221807466
fig4_q30_SE_cutadapt_unite_blast_top1_rescue	STZ	fig4_q30_SE_cutadapt_unite_blast_top1_rescue_STZ	Zymo	NA	stool	UNITE	No_BLAST	Cutadapt	SE	Cutadapt_SE	Debaryomyces_delbrueckii	0.03950696819546949
fig4_q30_SE_cutadapt_unite_blast_top1_rescue	STZ	fig4_q30_SE_cutadapt_unite_blast_top1_rescue_STZ	Zymo	NA	stool	UNITE	No_BLAST	Cutadapt	SE	Cutadapt_SE	Irpex_laceratus	0
fig4_q30_SE_cutadapt_unite_blast_top1_rescue	STZ	fig4_q30_SE_cutadapt_unite_blast_top1_rescue_STZ	Zymo	NA	stool	UNITE	No_BLAST	Cutadapt	SE	Cutadapt_SE	Cladosporium_angustisporum	0
fig4_q30_SE_cutadapt_unite_blast_top1_rescue	STZ	fig4_q30_SE_cutadapt_unite_blast_top1_rescue_STZ	Zymo	NA	stool	UNITE	No_BLAST	Cutadapt	SE	Cutadapt_SE	Saccharomyces_cerevisiae	0.03017498649941734
fig4_q30_SE_cutadapt_unite_blast_top1_rescue	STZ	fig4_q30_SE_cutadapt_unite_blast_top1_rescue_STZ	Zymo	NA	stool	UNITE	No_BLAST	Cutadapt	SE	Cutadapt_SE	Mucor_circinelloides	0.02432947106138265
fig4_q30_SE_cutadapt_unite_blast_top1_rescue	STZ	fig4_q30_SE_cutadapt_unite_blast_top1_rescue_STZ	Zymo	NA	stool	UNITE	No_BLAST	Cutadapt	SE	Cutadapt_SE	Stereaceae_f	0
fig4_q30_SE_cutadapt_unite_blast_top1_rescue	STZ	fig4_q30_SE_cutadapt_unite_blast_top1_rescue_STZ	Zymo	NA	stool	UNITE	No_BLAST	Cutadapt	SE	Cutadapt_SE	Penicillium_patris-mei	0.01644702560847363
fig4_q30_SE_cutadapt_unite_blast_top1_rescue	STZ	fig4_q30_SE_cutadapt_unite_blast_top1_rescue_STZ	Zymo	NA	stool	UNITE	No_BLAST	Cutadapt	SE	Cutadapt_SE	Bjerkandera_adusta	0
fig4_q30_SE_cutadapt_unite_blast_top1_rescue	STZ	fig4_q30_SE_cutadapt_unite_blast_top1_rescue_STZ	Zymo	NA	stool	UNITE	No_BLAST	Cutadapt	SE	Cutadapt_SE	Schizophyllum_commune	0
fig4_q30_SE_cutadapt_unite_blast_top1_rescue	STZ	fig4_q30_SE_cutadapt_unite_blast_top1_rescue_STZ	Zymo	NA	stool	UNITE	No_BLAST	Cutadapt	SE	Cutadapt_SE	Bullera_alba	0
fig4_q30_SE_cutadapt_unite_blast_top1_rescue	STZ	fig4_q30_SE_cutadapt_unite_blast_top1_rescue_STZ	Zymo	NA	stool	UNITE	No_BLAST	Cutadapt	SE	Cutadapt_SE	Tilletiopsis_washingtonensis	0.017517598127919205
fig4_q30_SE_cutadapt_unite_blast_top1_rescue	STZ	fig4_q30_SE_cutadapt_unite_blast_top1_rescue_STZ	Zymo	NA	stool	UNITE	No_BLAST	Cutadapt	SE	Cutadapt_SE	Candolleomyces_subminutisporus	0
fig4_q30_SE_cutadapt_unite_blast_top1_rescue	STZ	fig4_q30_SE_cutadapt_unite_blast_top1_rescue_STZ	Zymo	NA	stool	UNITE	No_BLAST	Cutadapt	SE	Cutadapt_SE	Aspergillus_ruber	0
fig4_q30_SE_cutadapt_unite_blast_top1_rescue	STZ	fig4_q30_SE_cutadapt_unite_blast_top1_rescue_STZ	Zymo	NA	stool	UNITE	No_BLAST	Cutadapt	SE	Cutadapt_SE	Rhizoplaca_novomexicana	0.0016105958257145836
fig4_q30_SE_cutadapt_unite_blast_top1_rescue	STZ	fig4_q30_SE_cutadapt_unite_blast_top1_rescue_STZ	Zymo	NA	stool	UNITE	No_BLAST	Cutadapt	SE	Cutadapt_SE	Other	0.04084281532150335
fig4_q30_SE_cutadapt_unite_blast_top1_rescue	STZ	fig4_q30_SE_cutadapt_unite_blast_top1_rescue_STZ	Zymo	NA	stool	UNITE+BLAST	BLAST	Cutadapt	SE	Cutadapt_SE	Ascomycota_p	0.46424950971568246
fig4_q30_SE_cutadapt_unite_blast_top1_rescue	STZ	fig4_q30_SE_cutadapt_unite_blast_top1_rescue_STZ	Zymo	NA	stool	UNITE+BLAST	BLAST	Cutadapt	SE	Cutadapt_SE	Fungi_k	0.19707061041581794
fig4_q30_SE_cutadapt_unite_blast_top1_rescue	STZ	fig4_q30_SE_cutadapt_unite_blast_top1_rescue_STZ	Zymo	NA	stool	UNITE+BLAST	BLAST	Cutadapt	SE	Cutadapt_SE	Cutaneotrichosporon_debeurmannianum	0.10516243332606987
fig4_q30_SE_cutadapt_unite_blast_top1_rescue	STZ	fig4_q30_SE_cutadapt_unite_blast_top1_rescue_STZ	Zymo	NA	stool	UNITE+BLAST	BLAST	Cutadapt	SE	Cutadapt_SE	Irpex_hacksungii	0
fig4_q30_SE_cutadapt_unite_blast_top1_rescue	STZ	fig4_q30_SE_cutadapt_unite_blast_top1_rescue_STZ	Zymo	NA	stool	UNITE+BLAST	BLAST	Cutadapt	SE	Cutadapt_SE	Peniophoraceae_f	0
fig4_q30_SE_cutadapt_unite_blast_top1_rescue	STZ	fig4_q30_SE_cutadapt_unite_blast_top1_rescue_STZ	Zymo	NA	stool	UNITE+BLAST	BLAST	Cutadapt	SE	Cutadapt_SE	Kazachstania_servazzii	0.049483188221807466
fig4_q30_SE_cutadapt_unite_blast_top1_rescue	STZ	fig4_q30_SE_cutadapt_unite_blast_top1_rescue_STZ	Zymo	NA	stool	UNITE+BLAST	BLAST	Cutadapt	SE	Cutadapt_SE	Debaryomyces_delbrueckii	0.03950696819546949
fig4_q30_SE_cutadapt_unite_blast_top1_rescue	STZ	fig4_q30_SE_cutadapt_unite_blast_top1_rescue_STZ	Zymo	NA	stool	UNITE+BLAST	BLAST	Cutadapt	SE	Cutadapt_SE	Irpex_laceratus	0
fig4_q30_SE_cutadapt_unite_blast_top1_rescue	STZ	fig4_q30_SE_cutadapt_unite_blast_top1_rescue_STZ	Zymo	NA	stool	UNITE+BLAST	BLAST	Cutadapt	SE	Cutadapt_SE	Cladosporium_angustisporum	0.013604797680742011
fig4_q30_SE_cutadapt_unite_blast_top1_rescue	STZ	fig4_q30_SE_cutadapt_unite_blast_top1_rescue_STZ	Zymo	NA	stool	UNITE+BLAST	BLAST	Cutadapt	SE	Cutadapt_SE	Saccharomyces_cerevisiae	0.03017498649941734
fig4_q30_SE_cutadapt_unite_blast_top1_rescue	STZ	fig4_q30_SE_cutadapt_unite_blast_top1_rescue_STZ	Zymo	NA	stool	UNITE+BLAST	BLAST	Cutadapt	SE	Cutadapt_SE	Mucor_circinelloides	0.02432947106138265
fig4_q30_SE_cutadapt_unite_blast_top1_rescue	STZ	fig4_q30_SE_cutadapt_unite_blast_top1_rescue_STZ	Zymo	NA	stool	UNITE+BLAST	BLAST	Cutadapt	SE	Cutadapt_SE	Stereaceae_f	0
fig4_q30_SE_cutadapt_unite_blast_top1_rescue	STZ	fig4_q30_SE_cutadapt_unite_blast_top1_rescue_STZ	Zymo	NA	stool	UNITE+BLAST	BLAST	Cutadapt	SE	Cutadapt_SE	Penicillium_patris-mei	0.01644702560847363
fig4_q30_SE_cutadapt_unite_blast_top1_rescue	STZ	fig4_q30_SE_cutadapt_unite_blast_top1_rescue_STZ	Zymo	NA	stool	UNITE+BLAST	BLAST	Cutadapt	SE	Cutadapt_SE	Bjerkandera_adusta	0
fig4_q30_SE_cutadapt_unite_blast_top1_rescue	STZ	fig4_q30_SE_cutadapt_unite_blast_top1_rescue_STZ	Zymo	NA	stool	UNITE+BLAST	BLAST	Cutadapt	SE	Cutadapt_SE	Schizophyllum_commune	0
fig4_q30_SE_cutadapt_unite_blast_top1_rescue	STZ	fig4_q30_SE_cutadapt_unite_blast_top1_rescue_STZ	Zymo	NA	stool	UNITE+BLAST	BLAST	Cutadapt	SE	Cutadapt_SE	Bullera_alba	0
fig4_q30_SE_cutadapt_unite_blast_top1_rescue	STZ	fig4_q30_SE_cutadapt_unite_blast_top1_rescue_STZ	Zymo	NA	stool	UNITE+BLAST	BLAST	Cutadapt	SE	Cutadapt_SE	Tilletiopsis_washingtonensis	0.017517598127919205
fig4_q30_SE_cutadapt_unite_blast_top1_rescue	STZ	fig4_q30_SE_cutadapt_unite_blast_top1_rescue_STZ	Zymo	NA	stool	UNITE+BLAST	BLAST	Cutadapt	SE	Cutadapt_SE	Candolleomyces_subminutisporus	0
fig4_q30_SE_cutadapt_unite_blast_top1_rescue	STZ	fig4_q30_SE_cutadapt_unite_blast_top1_rescue_STZ	Zymo	NA	stool	UNITE+BLAST	BLAST	Cutadapt	SE	Cutadapt_SE	Aspergillus_ruber	0
fig4_q30_SE_cutadapt_unite_blast_top1_rescue	STZ	fig4_q30_SE_cutadapt_unite_blast_top1_rescue_STZ	Zymo	NA	stool	UNITE+BLAST	BLAST	Cutadapt	SE	Cutadapt_SE	Rhizoplaca_novomexicana	0.0016105958257145836
fig4_q30_SE_cutadapt_unite_blast_top1_rescue	STZ	fig4_q30_SE_cutadapt_unite_blast_top1_rescue_STZ	Zymo	NA	stool	UNITE+BLAST	BLAST	Cutadapt	SE	Cutadapt_SE	Other	0.04084281532150335
fig4_q30_SE_itsxpress_unite_blast_top1_rescue	STD	fig4_q30_SE_itsxpress_unite_blast_top1_rescue_STD	DNeasy	NA	stool	UNITE	No_BLAST	ITSxpress	SE	ITSx_SE	Ascomycota_p	0.006635678268153672
fig4_q30_SE_itsxpress_unite_blast_top1_rescue	STD	fig4_q30_SE_itsxpress_unite_blast_top1_rescue_STD	DNeasy	NA	stool	UNITE	No_BLAST	ITSxpress	SE	ITSx_SE	Fungi_k	0.037202503161802146
fig4_q30_SE_itsxpress_unite_blast_top1_rescue	STD	fig4_q30_SE_itsxpress_unite_blast_top1_rescue_STD	DNeasy	NA	stool	UNITE	No_BLAST	ITSxpress	SE	ITSx_SE	Cutaneotrichosporon_debeurmannianum	0
fig4_q30_SE_itsxpress_unite_blast_top1_rescue	STD	fig4_q30_SE_itsxpress_unite_blast_top1_rescue_STD	DNeasy	NA	stool	UNITE	No_BLAST	ITSxpress	SE	ITSx_SE	Irpex_hacksungii	0.06721087988436839
fig4_q30_SE_itsxpress_unite_blast_top1_rescue	STD	fig4_q30_SE_itsxpress_unite_blast_top1_rescue_STD	DNeasy	NA	stool	UNITE	No_BLAST	ITSxpress	SE	ITSx_SE	Peniophoraceae_f	0.09909170047468095
fig4_q30_SE_itsxpress_unite_blast_top1_rescue	STD	fig4_q30_SE_itsxpress_unite_blast_top1_rescue_STD	DNeasy	NA	stool	UNITE	No_BLAST	ITSxpress	SE	ITSx_SE	Kazachstania_servazzii	0.0026936911781613917
fig4_q30_SE_itsxpress_unite_blast_top1_rescue	STD	fig4_q30_SE_itsxpress_unite_blast_top1_rescue_STD	DNeasy	NA	stool	UNITE	No_BLAST	ITSxpress	SE	ITSx_SE	Debaryomyces_delbrueckii	0
fig4_q30_SE_itsxpress_unite_blast_top1_rescue	STD	fig4_q30_SE_itsxpress_unite_blast_top1_rescue_STD	DNeasy	NA	stool	UNITE	No_BLAST	ITSxpress	SE	ITSx_SE	Irpex_laceratus	0.11719199119622883
fig4_q30_SE_itsxpress_unite_blast_top1_rescue	STD	fig4_q30_SE_itsxpress_unite_blast_top1_rescue_STD	DNeasy	NA	stool	UNITE	No_BLAST	ITSxpress	SE	ITSx_SE	Cladosporium_angustisporum	0
fig4_q30_SE_itsxpress_unite_blast_top1_rescue	STD	fig4_q30_SE_itsxpress_unite_blast_top1_rescue_STD	DNeasy	NA	stool	UNITE	No_BLAST	ITSxpress	SE	ITSx_SE	Saccharomyces_cerevisiae	0
fig4_q30_SE_itsxpress_unite_blast_top1_rescue	STD	fig4_q30_SE_itsxpress_unite_blast_top1_rescue_STD	DNeasy	NA	stool	UNITE	No_BLAST	ITSxpress	SE	ITSx_SE	Mucor_circinelloides	0.008590246866941511
fig4_q30_SE_itsxpress_unite_blast_top1_rescue	STD	fig4_q30_SE_itsxpress_unite_blast_top1_rescue_STD	DNeasy	NA	stool	UNITE	No_BLAST	ITSxpress	SE	ITSx_SE	Stereaceae_f	0.03984691950133863
fig4_q30_SE_itsxpress_unite_blast_top1_rescue	STD	fig4_q30_SE_itsxpress_unite_blast_top1_rescue_STD	DNeasy	NA	stool	UNITE	No_BLAST	ITSxpress	SE	ITSx_SE	Penicillium_patris-mei	0.006997027084736297
fig4_q30_SE_itsxpress_unite_blast_top1_rescue	STD	fig4_q30_SE_itsxpress_unite_blast_top1_rescue_STD	DNeasy	NA	stool	UNITE	No_BLAST	ITSxpress	SE	ITSx_SE	Bjerkandera_adusta	0.035806382734096545
fig4_q30_SE_itsxpress_unite_blast_top1_rescue	STD	fig4_q30_SE_itsxpress_unite_blast_top1_rescue_STD	DNeasy	NA	stool	UNITE	No_BLAST	ITSxpress	SE	ITSx_SE	Schizophyllum_commune	0.026477013287781483
fig4_q30_SE_itsxpress_unite_blast_top1_rescue	STD	fig4_q30_SE_itsxpress_unite_blast_top1_rescue_STD	DNeasy	NA	stool	UNITE	No_BLAST	ITSxpress	SE	ITSx_SE	Bullera_alba	0.044626578847954276
fig4_q30_SE_itsxpress_unite_blast_top1_rescue	STD	fig4_q30_SE_itsxpress_unite_blast_top1_rescue_STD	DNeasy	NA	stool	UNITE	No_BLAST	ITSxpress	SE	ITSx_SE	Tilletiopsis_washingtonensis	0
fig4_q30_SE_itsxpress_unite_blast_top1_rescue	STD	fig4_q30_SE_itsxpress_unite_blast_top1_rescue_STD	DNeasy	NA	stool	UNITE	No_BLAST	ITSxpress	SE	ITSx_SE	Candolleomyces_subminutisporus	0
fig4_q30_SE_itsxpress_unite_blast_top1_rescue	STD	fig4_q30_SE_itsxpress_unite_blast_top1_rescue_STD	DNeasy	NA	stool	UNITE	No_BLAST	ITSxpress	SE	ITSx_SE	Aspergillus_ruber	0
fig4_q30_SE_itsxpress_unite_blast_top1_rescue	STD	fig4_q30_SE_itsxpress_unite_blast_top1_rescue_STD	DNeasy	NA	stool	UNITE	No_BLAST	ITSxpress	SE	ITSx_SE	Rhizoplaca_novomexicana	0
fig4_q30_SE_itsxpress_unite_blast_top1_rescue	STD	fig4_q30_SE_itsxpress_unite_blast_top1_rescue_STD	DNeasy	NA	stool	UNITE	No_BLAST	ITSxpress	SE	ITSx_SE	Other	0.5076293875137559
fig4_q30_SE_itsxpress_unite_blast_top1_rescue	STD	fig4_q30_SE_itsxpress_unite_blast_top1_rescue_STD	DNeasy	NA	stool	UNITE+BLAST	BLAST	ITSxpress	SE	ITSx_SE	Ascomycota_p	0
fig4_q30_SE_itsxpress_unite_blast_top1_rescue	STD	fig4_q30_SE_itsxpress_unite_blast_top1_rescue_STD	DNeasy	NA	stool	UNITE+BLAST	BLAST	ITSxpress	SE	ITSx_SE	Fungi_k	0.037202503161802146
fig4_q30_SE_itsxpress_unite_blast_top1_rescue	STD	fig4_q30_SE_itsxpress_unite_blast_top1_rescue_STD	DNeasy	NA	stool	UNITE+BLAST	BLAST	ITSxpress	SE	ITSx_SE	Cutaneotrichosporon_debeurmannianum	0
fig4_q30_SE_itsxpress_unite_blast_top1_rescue	STD	fig4_q30_SE_itsxpress_unite_blast_top1_rescue_STD	DNeasy	NA	stool	UNITE+BLAST	BLAST	ITSxpress	SE	ITSx_SE	Irpex_hacksungii	0.06721087988436839
fig4_q30_SE_itsxpress_unite_blast_top1_rescue	STD	fig4_q30_SE_itsxpress_unite_blast_top1_rescue_STD	DNeasy	NA	stool	UNITE+BLAST	BLAST	ITSxpress	SE	ITSx_SE	Peniophoraceae_f	0.09909170047468095
fig4_q30_SE_itsxpress_unite_blast_top1_rescue	STD	fig4_q30_SE_itsxpress_unite_blast_top1_rescue_STD	DNeasy	NA	stool	UNITE+BLAST	BLAST	ITSxpress	SE	ITSx_SE	Kazachstania_servazzii	0.0026936911781613917
fig4_q30_SE_itsxpress_unite_blast_top1_rescue	STD	fig4_q30_SE_itsxpress_unite_blast_top1_rescue_STD	DNeasy	NA	stool	UNITE+BLAST	BLAST	ITSxpress	SE	ITSx_SE	Debaryomyces_delbrueckii	0
fig4_q30_SE_itsxpress_unite_blast_top1_rescue	STD	fig4_q30_SE_itsxpress_unite_blast_top1_rescue_STD	DNeasy	NA	stool	UNITE+BLAST	BLAST	ITSxpress	SE	ITSx_SE	Irpex_laceratus	0.11719199119622883
fig4_q30_SE_itsxpress_unite_blast_top1_rescue	STD	fig4_q30_SE_itsxpress_unite_blast_top1_rescue_STD	DNeasy	NA	stool	UNITE+BLAST	BLAST	ITSxpress	SE	ITSx_SE	Cladosporium_angustisporum	0.12542088924658773
fig4_q30_SE_itsxpress_unite_blast_top1_rescue	STD	fig4_q30_SE_itsxpress_unite_blast_top1_rescue_STD	DNeasy	NA	stool	UNITE+BLAST	BLAST	ITSxpress	SE	ITSx_SE	Saccharomyces_cerevisiae	0
fig4_q30_SE_itsxpress_unite_blast_top1_rescue	STD	fig4_q30_SE_itsxpress_unite_blast_top1_rescue_STD	DNeasy	NA	stool	UNITE+BLAST	BLAST	ITSxpress	SE	ITSx_SE	Mucor_circinelloides	0.008590246866941511
fig4_q30_SE_itsxpress_unite_blast_top1_rescue	STD	fig4_q30_SE_itsxpress_unite_blast_top1_rescue_STD	DNeasy	NA	stool	UNITE+BLAST	BLAST	ITSxpress	SE	ITSx_SE	Stereaceae_f	0.03984691950133863
fig4_q30_SE_itsxpress_unite_blast_top1_rescue	STD	fig4_q30_SE_itsxpress_unite_blast_top1_rescue_STD	DNeasy	NA	stool	UNITE+BLAST	BLAST	ITSxpress	SE	ITSx_SE	Penicillium_patris-mei	0.006997027084736297
fig4_q30_SE_itsxpress_unite_blast_top1_rescue	STD	fig4_q30_SE_itsxpress_unite_blast_top1_rescue_STD	DNeasy	NA	stool	UNITE+BLAST	BLAST	ITSxpress	SE	ITSx_SE	Bjerkandera_adusta	0.035806382734096545
fig4_q30_SE_itsxpress_unite_blast_top1_rescue	STD	fig4_q30_SE_itsxpress_unite_blast_top1_rescue_STD	DNeasy	NA	stool	UNITE+BLAST	BLAST	ITSxpress	SE	ITSx_SE	Schizophyllum_commune	0.026477013287781483
fig4_q30_SE_itsxpress_unite_blast_top1_rescue	STD	fig4_q30_SE_itsxpress_unite_blast_top1_rescue_STD	DNeasy	NA	stool	UNITE+BLAST	BLAST	ITSxpress	SE	ITSx_SE	Bullera_alba	0.044626578847954276
fig4_q30_SE_itsxpress_unite_blast_top1_rescue	STD	fig4_q30_SE_itsxpress_unite_blast_top1_rescue_STD	DNeasy	NA	stool	UNITE+BLAST	BLAST	ITSxpress	SE	ITSx_SE	Tilletiopsis_washingtonensis	0
fig4_q30_SE_itsxpress_unite_blast_top1_rescue	STD	fig4_q30_SE_itsxpress_unite_blast_top1_rescue_STD	DNeasy	NA	stool	UNITE+BLAST	BLAST	ITSxpress	SE	ITSx_SE	Candolleomyces_subminutisporus	0
fig4_q30_SE_itsxpress_unite_blast_top1_rescue	STD	fig4_q30_SE_itsxpress_unite_blast_top1_rescue_STD	DNeasy	NA	stool	UNITE+BLAST	BLAST	ITSxpress	SE	ITSx_SE	Aspergillus_ruber	0
fig4_q30_SE_itsxpress_unite_blast_top1_rescue	STD	fig4_q30_SE_itsxpress_unite_blast_top1_rescue_STD	DNeasy	NA	stool	UNITE+BLAST	BLAST	ITSxpress	SE	ITSx_SE	Rhizoplaca_novomexicana	0
fig4_q30_SE_itsxpress_unite_blast_top1_rescue	STD	fig4_q30_SE_itsxpress_unite_blast_top1_rescue_STD	DNeasy	NA	stool	UNITE+BLAST	BLAST	ITSxpress	SE	ITSx_SE	Other	0.38884417653532183
fig4_q30_SE_itsxpress_unite_blast_top1_rescue	STQ	fig4_q30_SE_itsxpress_unite_blast_top1_rescue_STQ	QIAamp	NA	stool	UNITE	No_BLAST	ITSxpress	SE	ITSx_SE	Ascomycota_p	0.040191508126496155
fig4_q30_SE_itsxpress_unite_blast_top1_rescue	STQ	fig4_q30_SE_itsxpress_unite_blast_top1_rescue_STQ	QIAamp	NA	stool	UNITE	No_BLAST	ITSxpress	SE	ITSx_SE	Fungi_k	0.036383744207859114
fig4_q30_SE_itsxpress_unite_blast_top1_rescue	STQ	fig4_q30_SE_itsxpress_unite_blast_top1_rescue_STQ	QIAamp	NA	stool	UNITE	No_BLAST	ITSxpress	SE	ITSx_SE	Cutaneotrichosporon_debeurmannianum	0
fig4_q30_SE_itsxpress_unite_blast_top1_rescue	STQ	fig4_q30_SE_itsxpress_unite_blast_top1_rescue_STQ	QIAamp	NA	stool	UNITE	No_BLAST	ITSxpress	SE	ITSx_SE	Irpex_hacksungii	0.1403972953676872
fig4_q30_SE_itsxpress_unite_blast_top1_rescue	STQ	fig4_q30_SE_itsxpress_unite_blast_top1_rescue_STQ	QIAamp	NA	stool	UNITE	No_BLAST	ITSxpress	SE	ITSx_SE	Peniophoraceae_f	0.05529657161256002
fig4_q30_SE_itsxpress_unite_blast_top1_rescue	STQ	fig4_q30_SE_itsxpress_unite_blast_top1_rescue_STQ	QIAamp	NA	stool	UNITE	No_BLAST	ITSxpress	SE	ITSx_SE	Kazachstania_servazzii	0.017764898576288272
fig4_q30_SE_itsxpress_unite_blast_top1_rescue	STQ	fig4_q30_SE_itsxpress_unite_blast_top1_rescue_STQ	QIAamp	NA	stool	UNITE	No_BLAST	ITSxpress	SE	ITSx_SE	Debaryomyces_delbrueckii	0.017218932426189576
fig4_q30_SE_itsxpress_unite_blast_top1_rescue	STQ	fig4_q30_SE_itsxpress_unite_blast_top1_rescue_STQ	QIAamp	NA	stool	UNITE	No_BLAST	ITSxpress	SE	ITSx_SE	Irpex_laceratus	0.03923956714683689
fig4_q30_SE_itsxpress_unite_blast_top1_rescue	STQ	fig4_q30_SE_itsxpress_unite_blast_top1_rescue_STQ	QIAamp	NA	stool	UNITE	No_BLAST	ITSxpress	SE	ITSx_SE	Cladosporium_angustisporum	0
fig4_q30_SE_itsxpress_unite_blast_top1_rescue	STQ	fig4_q30_SE_itsxpress_unite_blast_top1_rescue_STQ	QIAamp	NA	stool	UNITE	No_BLAST	ITSxpress	SE	ITSx_SE	Saccharomyces_cerevisiae	0
fig4_q30_SE_itsxpress_unite_blast_top1_rescue	STQ	fig4_q30_SE_itsxpress_unite_blast_top1_rescue_STQ	QIAamp	NA	stool	UNITE	No_BLAST	ITSxpress	SE	ITSx_SE	Mucor_circinelloides	0.0023798524491481527
fig4_q30_SE_itsxpress_unite_blast_top1_rescue	STQ	fig4_q30_SE_itsxpress_unite_blast_top1_rescue_STQ	QIAamp	NA	stool	UNITE	No_BLAST	ITSxpress	SE	ITSx_SE	Stereaceae_f	0.015315050466871054
fig4_q30_SE_itsxpress_unite_blast_top1_rescue	STQ	fig4_q30_SE_itsxpress_unite_blast_top1_rescue_STQ	QIAamp	NA	stool	UNITE	No_BLAST	ITSxpress	SE	ITSx_SE	Penicillium_patris-mei	0.013369171111391093
fig4_q30_SE_itsxpress_unite_blast_top1_rescue	STQ	fig4_q30_SE_itsxpress_unite_blast_top1_rescue_STQ	QIAamp	NA	stool	UNITE	No_BLAST	ITSxpress	SE	ITSx_SE	Bjerkandera_adusta	0.010779331681435751
fig4_q30_SE_itsxpress_unite_blast_top1_rescue	STQ	fig4_q30_SE_itsxpress_unite_blast_top1_rescue_STQ	QIAamp	NA	stool	UNITE	No_BLAST	ITSxpress	SE	ITSx_SE	Schizophyllum_commune	0.018898828272647095
fig4_q30_SE_itsxpress_unite_blast_top1_rescue	STQ	fig4_q30_SE_itsxpress_unite_blast_top1_rescue_STQ	QIAamp	NA	stool	UNITE	No_BLAST	ITSxpress	SE	ITSx_SE	Bullera_alba	0
fig4_q30_SE_itsxpress_unite_blast_top1_rescue	STQ	fig4_q30_SE_itsxpress_unite_blast_top1_rescue_STQ	QIAamp	NA	stool	UNITE	No_BLAST	ITSxpress	SE	ITSx_SE	Tilletiopsis_washingtonensis	0
fig4_q30_SE_itsxpress_unite_blast_top1_rescue	STQ	fig4_q30_SE_itsxpress_unite_blast_top1_rescue_STQ	QIAamp	NA	stool	UNITE	No_BLAST	ITSxpress	SE	ITSx_SE	Candolleomyces_subminutisporus	0.037965646129939946
fig4_q30_SE_itsxpress_unite_blast_top1_rescue	STQ	fig4_q30_SE_itsxpress_unite_blast_top1_rescue_STQ	QIAamp	NA	stool	UNITE	No_BLAST	ITSxpress	SE	ITSx_SE	Aspergillus_ruber	0.04357929808351882
fig4_q30_SE_itsxpress_unite_blast_top1_rescue	STQ	fig4_q30_SE_itsxpress_unite_blast_top1_rescue_STQ	QIAamp	NA	stool	UNITE	No_BLAST	ITSxpress	SE	ITSx_SE	Rhizoplaca_novomexicana	0
fig4_q30_SE_itsxpress_unite_blast_top1_rescue	STQ	fig4_q30_SE_itsxpress_unite_blast_top1_rescue_STQ	QIAamp	NA	stool	UNITE	No_BLAST	ITSxpress	SE	ITSx_SE	Other	0.5112203043411309
fig4_q30_SE_itsxpress_unite_blast_top1_rescue	STQ	fig4_q30_SE_itsxpress_unite_blast_top1_rescue_STQ	QIAamp	NA	stool	UNITE+BLAST	BLAST	ITSxpress	SE	ITSx_SE	Ascomycota_p	0
fig4_q30_SE_itsxpress_unite_blast_top1_rescue	STQ	fig4_q30_SE_itsxpress_unite_blast_top1_rescue_STQ	QIAamp	NA	stool	UNITE+BLAST	BLAST	ITSxpress	SE	ITSx_SE	Fungi_k	0.036383744207859114
fig4_q30_SE_itsxpress_unite_blast_top1_rescue	STQ	fig4_q30_SE_itsxpress_unite_blast_top1_rescue_STQ	QIAamp	NA	stool	UNITE+BLAST	BLAST	ITSxpress	SE	ITSx_SE	Cutaneotrichosporon_debeurmannianum	0
fig4_q30_SE_itsxpress_unite_blast_top1_rescue	STQ	fig4_q30_SE_itsxpress_unite_blast_top1_rescue_STQ	QIAamp	NA	stool	UNITE+BLAST	BLAST	ITSxpress	SE	ITSx_SE	Irpex_hacksungii	0.1403972953676872
fig4_q30_SE_itsxpress_unite_blast_top1_rescue	STQ	fig4_q30_SE_itsxpress_unite_blast_top1_rescue_STQ	QIAamp	NA	stool	UNITE+BLAST	BLAST	ITSxpress	SE	ITSx_SE	Peniophoraceae_f	0.05529657161256002
fig4_q30_SE_itsxpress_unite_blast_top1_rescue	STQ	fig4_q30_SE_itsxpress_unite_blast_top1_rescue_STQ	QIAamp	NA	stool	UNITE+BLAST	BLAST	ITSxpress	SE	ITSx_SE	Kazachstania_servazzii	0.017764898576288272
fig4_q30_SE_itsxpress_unite_blast_top1_rescue	STQ	fig4_q30_SE_itsxpress_unite_blast_top1_rescue_STQ	QIAamp	NA	stool	UNITE+BLAST	BLAST	ITSxpress	SE	ITSx_SE	Debaryomyces_delbrueckii	0.017218932426189576
fig4_q30_SE_itsxpress_unite_blast_top1_rescue	STQ	fig4_q30_SE_itsxpress_unite_blast_top1_rescue_STQ	QIAamp	NA	stool	UNITE+BLAST	BLAST	ITSxpress	SE	ITSx_SE	Irpex_laceratus	0.03923956714683689
fig4_q30_SE_itsxpress_unite_blast_top1_rescue	STQ	fig4_q30_SE_itsxpress_unite_blast_top1_rescue_STQ	QIAamp	NA	stool	UNITE+BLAST	BLAST	ITSxpress	SE	ITSx_SE	Cladosporium_angustisporum	0.07195553875659709
fig4_q30_SE_itsxpress_unite_blast_top1_rescue	STQ	fig4_q30_SE_itsxpress_unite_blast_top1_rescue_STQ	QIAamp	NA	stool	UNITE+BLAST	BLAST	ITSxpress	SE	ITSx_SE	Saccharomyces_cerevisiae	0
fig4_q30_SE_itsxpress_unite_blast_top1_rescue	STQ	fig4_q30_SE_itsxpress_unite_blast_top1_rescue_STQ	QIAamp	NA	stool	UNITE+BLAST	BLAST	ITSxpress	SE	ITSx_SE	Mucor_circinelloides	0.0023798524491481527
fig4_q30_SE_itsxpress_unite_blast_top1_rescue	STQ	fig4_q30_SE_itsxpress_unite_blast_top1_rescue_STQ	QIAamp	NA	stool	UNITE+BLAST	BLAST	ITSxpress	SE	ITSx_SE	Stereaceae_f	0.015315050466871054
fig4_q30_SE_itsxpress_unite_blast_top1_rescue	STQ	fig4_q30_SE_itsxpress_unite_blast_top1_rescue_STQ	QIAamp	NA	stool	UNITE+BLAST	BLAST	ITSxpress	SE	ITSx_SE	Penicillium_patris-mei	0.013369171111391093
fig4_q30_SE_itsxpress_unite_blast_top1_rescue	STQ	fig4_q30_SE_itsxpress_unite_blast_top1_rescue_STQ	QIAamp	NA	stool	UNITE+BLAST	BLAST	ITSxpress	SE	ITSx_SE	Bjerkandera_adusta	0.010779331681435751
fig4_q30_SE_itsxpress_unite_blast_top1_rescue	STQ	fig4_q30_SE_itsxpress_unite_blast_top1_rescue_STQ	QIAamp	NA	stool	UNITE+BLAST	BLAST	ITSxpress	SE	ITSx_SE	Schizophyllum_commune	0.018898828272647095
fig4_q30_SE_itsxpress_unite_blast_top1_rescue	STQ	fig4_q30_SE_itsxpress_unite_blast_top1_rescue_STQ	QIAamp	NA	stool	UNITE+BLAST	BLAST	ITSxpress	SE	ITSx_SE	Bullera_alba	0
fig4_q30_SE_itsxpress_unite_blast_top1_rescue	STQ	fig4_q30_SE_itsxpress_unite_blast_top1_rescue_STQ	QIAamp	NA	stool	UNITE+BLAST	BLAST	ITSxpress	SE	ITSx_SE	Tilletiopsis_washingtonensis	0
fig4_q30_SE_itsxpress_unite_blast_top1_rescue	STQ	fig4_q30_SE_itsxpress_unite_blast_top1_rescue_STQ	QIAamp	NA	stool	UNITE+BLAST	BLAST	ITSxpress	SE	ITSx_SE	Candolleomyces_subminutisporus	0.037965646129939946
fig4_q30_SE_itsxpress_unite_blast_top1_rescue	STQ	fig4_q30_SE_itsxpress_unite_blast_top1_rescue_STQ	QIAamp	NA	stool	UNITE+BLAST	BLAST	ITSxpress	SE	ITSx_SE	Aspergillus_ruber	0.04357929808351882
fig4_q30_SE_itsxpress_unite_blast_top1_rescue	STQ	fig4_q30_SE_itsxpress_unite_blast_top1_rescue_STQ	QIAamp	NA	stool	UNITE+BLAST	BLAST	ITSxpress	SE	ITSx_SE	Rhizoplaca_novomexicana	0
fig4_q30_SE_itsxpress_unite_blast_top1_rescue	STQ	fig4_q30_SE_itsxpress_unite_blast_top1_rescue_STQ	QIAamp	NA	stool	UNITE+BLAST	BLAST	ITSxpress	SE	ITSx_SE	Other	0.47945627371102995
fig4_q30_SE_itsxpress_unite_blast_top1_rescue	STZ	fig4_q30_SE_itsxpress_unite_blast_top1_rescue_STZ	Zymo	NA	stool	UNITE	No_BLAST	ITSxpress	SE	ITSx_SE	Ascomycota_p	0.1738399298108793
fig4_q30_SE_itsxpress_unite_blast_top1_rescue	STZ	fig4_q30_SE_itsxpress_unite_blast_top1_rescue_STZ	Zymo	NA	stool	UNITE	No_BLAST	ITSxpress	SE	ITSx_SE	Fungi_k	0
fig4_q30_SE_itsxpress_unite_blast_top1_rescue	STZ	fig4_q30_SE_itsxpress_unite_blast_top1_rescue_STZ	Zymo	NA	stool	UNITE	No_BLAST	ITSxpress	SE	ITSx_SE	Cutaneotrichosporon_debeurmannianum	0.2691070384090466
fig4_q30_SE_itsxpress_unite_blast_top1_rescue	STZ	fig4_q30_SE_itsxpress_unite_blast_top1_rescue_STZ	Zymo	NA	stool	UNITE	No_BLAST	ITSxpress	SE	ITSx_SE	Irpex_hacksungii	0
fig4_q30_SE_itsxpress_unite_blast_top1_rescue	STZ	fig4_q30_SE_itsxpress_unite_blast_top1_rescue_STZ	Zymo	NA	stool	UNITE	No_BLAST	ITSxpress	SE	ITSx_SE	Peniophoraceae_f	0
fig4_q30_SE_itsxpress_unite_blast_top1_rescue	STZ	fig4_q30_SE_itsxpress_unite_blast_top1_rescue_STZ	Zymo	NA	stool	UNITE	No_BLAST	ITSxpress	SE	ITSx_SE	Kazachstania_servazzii	0.1266816143497758
fig4_q30_SE_itsxpress_unite_blast_top1_rescue	STZ	fig4_q30_SE_itsxpress_unite_blast_top1_rescue_STZ	Zymo	NA	stool	UNITE	No_BLAST	ITSxpress	SE	ITSx_SE	Debaryomyces_delbrueckii	0.1010430883213102
fig4_q30_SE_itsxpress_unite_blast_top1_rescue	STZ	fig4_q30_SE_itsxpress_unite_blast_top1_rescue_STZ	Zymo	NA	stool	UNITE	No_BLAST	ITSxpress	SE	ITSx_SE	Irpex_laceratus	0
fig4_q30_SE_itsxpress_unite_blast_top1_rescue	STZ	fig4_q30_SE_itsxpress_unite_blast_top1_rescue_STZ	Zymo	NA	stool	UNITE	No_BLAST	ITSxpress	SE	ITSx_SE	Cladosporium_angustisporum	0
fig4_q30_SE_itsxpress_unite_blast_top1_rescue	STZ	fig4_q30_SE_itsxpress_unite_blast_top1_rescue_STZ	Zymo	NA	stool	UNITE	No_BLAST	ITSxpress	SE	ITSx_SE	Saccharomyces_cerevisiae	0.07550204718268669
fig4_q30_SE_itsxpress_unite_blast_top1_rescue	STZ	fig4_q30_SE_itsxpress_unite_blast_top1_rescue_STZ	Zymo	NA	stool	UNITE	No_BLAST	ITSxpress	SE	ITSx_SE	Mucor_circinelloides	0.06224410216416455
fig4_q30_SE_itsxpress_unite_blast_top1_rescue	STZ	fig4_q30_SE_itsxpress_unite_blast_top1_rescue_STZ	Zymo	NA	stool	UNITE	No_BLAST	ITSxpress	SE	ITSx_SE	Stereaceae_f	0
fig4_q30_SE_itsxpress_unite_blast_top1_rescue	STZ	fig4_q30_SE_itsxpress_unite_blast_top1_rescue_STZ	Zymo	NA	stool	UNITE	No_BLAST	ITSxpress	SE	ITSx_SE	Penicillium_patris-mei	0.04213784363423669
fig4_q30_SE_itsxpress_unite_blast_top1_rescue	STZ	fig4_q30_SE_itsxpress_unite_blast_top1_rescue_STZ	Zymo	NA	stool	UNITE	No_BLAST	ITSxpress	SE	ITSx_SE	Bjerkandera_adusta	0
fig4_q30_SE_itsxpress_unite_blast_top1_rescue	STZ	fig4_q30_SE_itsxpress_unite_blast_top1_rescue_STZ	Zymo	NA	stool	UNITE	No_BLAST	ITSxpress	SE	ITSx_SE	Schizophyllum_commune	0
fig4_q30_SE_itsxpress_unite_blast_top1_rescue	STZ	fig4_q30_SE_itsxpress_unite_blast_top1_rescue_STZ	Zymo	NA	stool	UNITE	No_BLAST	ITSxpress	SE	ITSx_SE	Bullera_alba	0
fig4_q30_SE_itsxpress_unite_blast_top1_rescue	STZ	fig4_q30_SE_itsxpress_unite_blast_top1_rescue_STZ	Zymo	NA	stool	UNITE	No_BLAST	ITSxpress	SE	ITSx_SE	Tilletiopsis_washingtonensis	0.04491616299473582
fig4_q30_SE_itsxpress_unite_blast_top1_rescue	STZ	fig4_q30_SE_itsxpress_unite_blast_top1_rescue_STZ	Zymo	NA	stool	UNITE	No_BLAST	ITSxpress	SE	ITSx_SE	Candolleomyces_subminutisporus	0
fig4_q30_SE_itsxpress_unite_blast_top1_rescue	STZ	fig4_q30_SE_itsxpress_unite_blast_top1_rescue_STZ	Zymo	NA	stool	UNITE	No_BLAST	ITSxpress	SE	ITSx_SE	Aspergillus_ruber	0
fig4_q30_SE_itsxpress_unite_blast_top1_rescue	STZ	fig4_q30_SE_itsxpress_unite_blast_top1_rescue_STZ	Zymo	NA	stool	UNITE	No_BLAST	ITSxpress	SE	ITSx_SE	Rhizoplaca_novomexicana	0
fig4_q30_SE_itsxpress_unite_blast_top1_rescue	STZ	fig4_q30_SE_itsxpress_unite_blast_top1_rescue_STZ	Zymo	NA	stool	UNITE	No_BLAST	ITSxpress	SE	ITSx_SE	Other	0.10452817313316436
fig4_q30_SE_itsxpress_unite_blast_top1_rescue	STZ	fig4_q30_SE_itsxpress_unite_blast_top1_rescue_STZ	Zymo	NA	stool	UNITE+BLAST	BLAST	ITSxpress	SE	ITSx_SE	Ascomycota_p	0.13906219535971925
fig4_q30_SE_itsxpress_unite_blast_top1_rescue	STZ	fig4_q30_SE_itsxpress_unite_blast_top1_rescue_STZ	Zymo	NA	stool	UNITE+BLAST	BLAST	ITSxpress	SE	ITSx_SE	Fungi_k	0
fig4_q30_SE_itsxpress_unite_blast_top1_rescue	STZ	fig4_q30_SE_itsxpress_unite_blast_top1_rescue_STZ	Zymo	NA	stool	UNITE+BLAST	BLAST	ITSxpress	SE	ITSx_SE	Cutaneotrichosporon_debeurmannianum	0.2691070384090466
fig4_q30_SE_itsxpress_unite_blast_top1_rescue	STZ	fig4_q30_SE_itsxpress_unite_blast_top1_rescue_STZ	Zymo	NA	stool	UNITE+BLAST	BLAST	ITSxpress	SE	ITSx_SE	Irpex_hacksungii	0
fig4_q30_SE_itsxpress_unite_blast_top1_rescue	STZ	fig4_q30_SE_itsxpress_unite_blast_top1_rescue_STZ	Zymo	NA	stool	UNITE+BLAST	BLAST	ITSxpress	SE	ITSx_SE	Peniophoraceae_f	0
fig4_q30_SE_itsxpress_unite_blast_top1_rescue	STZ	fig4_q30_SE_itsxpress_unite_blast_top1_rescue_STZ	Zymo	NA	stool	UNITE+BLAST	BLAST	ITSxpress	SE	ITSx_SE	Kazachstania_servazzii	0.1266816143497758
fig4_q30_SE_itsxpress_unite_blast_top1_rescue	STZ	fig4_q30_SE_itsxpress_unite_blast_top1_rescue_STZ	Zymo	NA	stool	UNITE+BLAST	BLAST	ITSxpress	SE	ITSx_SE	Debaryomyces_delbrueckii	0.1010430883213102
fig4_q30_SE_itsxpress_unite_blast_top1_rescue	STZ	fig4_q30_SE_itsxpress_unite_blast_top1_rescue_STZ	Zymo	NA	stool	UNITE+BLAST	BLAST	ITSxpress	SE	ITSx_SE	Irpex_laceratus	0
fig4_q30_SE_itsxpress_unite_blast_top1_rescue	STZ	fig4_q30_SE_itsxpress_unite_blast_top1_rescue_STZ	Zymo	NA	stool	UNITE+BLAST	BLAST	ITSxpress	SE	ITSx_SE	Cladosporium_angustisporum	0.03477773445116007
fig4_q30_SE_itsxpress_unite_blast_top1_rescue	STZ	fig4_q30_SE_itsxpress_unite_blast_top1_rescue_STZ	Zymo	NA	stool	UNITE+BLAST	BLAST	ITSxpress	SE	ITSx_SE	Saccharomyces_cerevisiae	0.07550204718268669
fig4_q30_SE_itsxpress_unite_blast_top1_rescue	STZ	fig4_q30_SE_itsxpress_unite_blast_top1_rescue_STZ	Zymo	NA	stool	UNITE+BLAST	BLAST	ITSxpress	SE	ITSx_SE	Mucor_circinelloides	0.06224410216416455
fig4_q30_SE_itsxpress_unite_blast_top1_rescue	STZ	fig4_q30_SE_itsxpress_unite_blast_top1_rescue_STZ	Zymo	NA	stool	UNITE+BLAST	BLAST	ITSxpress	SE	ITSx_SE	Stereaceae_f	0
fig4_q30_SE_itsxpress_unite_blast_top1_rescue	STZ	fig4_q30_SE_itsxpress_unite_blast_top1_rescue_STZ	Zymo	NA	stool	UNITE+BLAST	BLAST	ITSxpress	SE	ITSx_SE	Penicillium_patris-mei	0.04213784363423669
fig4_q30_SE_itsxpress_unite_blast_top1_rescue	STZ	fig4_q30_SE_itsxpress_unite_blast_top1_rescue_STZ	Zymo	NA	stool	UNITE+BLAST	BLAST	ITSxpress	SE	ITSx_SE	Bjerkandera_adusta	0
fig4_q30_SE_itsxpress_unite_blast_top1_rescue	STZ	fig4_q30_SE_itsxpress_unite_blast_top1_rescue_STZ	Zymo	NA	stool	UNITE+BLAST	BLAST	ITSxpress	SE	ITSx_SE	Schizophyllum_commune	0
fig4_q30_SE_itsxpress_unite_blast_top1_rescue	STZ	fig4_q30_SE_itsxpress_unite_blast_top1_rescue_STZ	Zymo	NA	stool	UNITE+BLAST	BLAST	ITSxpress	SE	ITSx_SE	Bullera_alba	0
fig4_q30_SE_itsxpress_unite_blast_top1_rescue	STZ	fig4_q30_SE_itsxpress_unite_blast_top1_rescue_STZ	Zymo	NA	stool	UNITE+BLAST	BLAST	ITSxpress	SE	ITSx_SE	Tilletiopsis_washingtonensis	0.04491616299473582
fig4_q30_SE_itsxpress_unite_blast_top1_rescue	STZ	fig4_q30_SE_itsxpress_unite_blast_top1_rescue_STZ	Zymo	NA	stool	UNITE+BLAST	BLAST	ITSxpress	SE	ITSx_SE	Candolleomyces_subminutisporus	0
fig4_q30_SE_itsxpress_unite_blast_top1_rescue	STZ	fig4_q30_SE_itsxpress_unite_blast_top1_rescue_STZ	Zymo	NA	stool	UNITE+BLAST	BLAST	ITSxpress	SE	ITSx_SE	Aspergillus_ruber	0
fig4_q30_SE_itsxpress_unite_blast_top1_rescue	STZ	fig4_q30_SE_itsxpress_unite_blast_top1_rescue_STZ	Zymo	NA	stool	UNITE+BLAST	BLAST	ITSxpress	SE	ITSx_SE	Rhizoplaca_novomexicana	0
fig4_q30_SE_itsxpress_unite_blast_top1_rescue	STZ	fig4_q30_SE_itsxpress_unite_blast_top1_rescue_STZ	Zymo	NA	stool	UNITE+BLAST	BLAST	ITSxpress	SE	ITSx_SE	Other	0.10452817313316436
