DNA_kit	taxonomic_rank	taxon	Trimm	Paired	n_sample_detected	n_asv	n_sequence	total_reads	mean_relative_abundance	max_relative_abundance	median_sequence_length	mean_sequence_length	median_blast_pident	median_blast_qcovus	median_blast_alignment_length	pct_qiime_species_resolved_asv	pct_qiime_genus_resolved_asv	pct_blast_cutoff_pass_asv	pct_blast_ambiguous_asv
DNeasy	Genus	Agaricomycetes_c	Cutadapt	PE	1	1	1	2264	1.7060397121434763	1.7060397121434763	309	309	NA	NA	NA	0	0	0	NA
DNeasy	Genus	Ascomycota_p	Cutadapt	PE	1	28	28	53083	1.4285983411110572	37.30379412983685	387	400.17857142857144	NA	NA	NA	0	0	0	NA
DNeasy	Genus	Ascomycota_p	Cutadapt	SE	1	27	27	52530	1.4465527268882015	36.94979776350226	301	293.48148148148147	NA	NA	NA	0	0	0	NA
DNeasy	Genus	Aspergillus	Cutadapt	PE	1	3	3	822	0.20647300403149843	0.43781319467992913	281	298	99.286	100	281	66.66666666666666	100	100	100
DNeasy	Genus	Aspergillus	Cutadapt	SE	1	2	2	824	0.30632881275279567	0.43421365691172975	228	228	99.34200000000001	100	228	0	100	100	100
DNeasy	Genus	Aspergillus	ITSxpress	PE	1	2	2	824	0.677854557420204	0.9608423823626193	165.5	165.5	99.398	100	166	50	100	50	100
DNeasy	Genus	Aspergillus	ITSxpress	SE	1	2	2	824	0.6767077837820081	0.9592168585647882	165.5	165.5	99.398	100	166	50	100	50	100
DNeasy	Genus	Atheliales_o	Cutadapt	PE	1	1	1	1145	0.8628160204965901	0.8628160204965901	295	295	NA	NA	NA	0	0	0	NA
DNeasy	Genus	Atheliales_o	Cutadapt	SE	1	1	1	1148	0.8535569831073043	0.8535569831073043	227	227	NA	NA	NA	0	0	0	NA
DNeasy	Genus	Atheliales_o	ITSxpress	PE	1	1	1	1143	1.880552813425469	1.880552813425469	200	200	NA	NA	NA	0	0	0	NA
DNeasy	Genus	Atheliales_o	ITSxpress	SE	1	1	1	1143	1.8773713516088235	1.8773713516088235	172	172	NA	NA	NA	0	0	0	NA
DNeasy	Genus	Bjerkandera	Cutadapt	PE	1	1	1	2180	1.6427414189367395	1.6427414189367395	281	281	NA	NA	NA	100	100	0	NA
DNeasy	Genus	Bjerkandera	Cutadapt	SE	1	1	1	2185	1.6245836307399477	1.6245836307399477	228	228	NA	NA	NA	100	100	0	NA
DNeasy	Genus	Bjerkandera	ITSxpress	PE	1	1	1	2178	3.583415597235933	3.583415597235933	186	186	NA	NA	NA	100	100	0	NA
DNeasy	Genus	Bjerkandera	ITSxpress	SE	1	1	1	2180	3.5806382734096545	3.5806382734096545	173	173	NA	NA	NA	100	100	0	NA
DNeasy	Genus	Bullera	Cutadapt	PE	1	1	1	2718	2.0481519159036963	2.0481519159036963	281	281	99.645	100	282	100	100	100	0
DNeasy	Genus	Bullera	Cutadapt	SE	1	1	1	2722	2.0238520104687128	2.0238520104687128	228	228	99.563	100	229	100	100	100	0
DNeasy	Genus	Bullera	ITSxpress	PE	1	1	1	2716	4.468575189206976	4.468575189206976	177	177	99.438	100	178	100	100	100	0
DNeasy	Genus	Bullera	ITSxpress	SE	1	1	1	2717	4.462657884795427	4.462657884795427	173	173	99.425	100	174	100	100	100	0
DNeasy	Genus	Ceratobasidiaceae_f	Cutadapt	PE	1	1	1	1551	1.168757770995818	1.168757770995818	322	322	NA	NA	NA	0	0	0	NA
DNeasy	Genus	Ceratobasidiaceae_f	Cutadapt	SE	1	1	1	1556	1.156911729716869	1.156911729716869	225	225	NA	NA	NA	0	0	0	NA
DNeasy	Genus	Ceratobasidiaceae_f	ITSxpress	SE	1	1	1	1549	2.544224167665851	2.544224167665851	171	171	NA	NA	NA	0	0	0	NA
DNeasy	Genus	Ceriporia	Cutadapt	PE	1	1	1	1114	0.8394559360988658	0.8394559360988658	304	304	NA	NA	NA	100	100	0	NA
DNeasy	Genus	Ceriporia	Cutadapt	SE	1	1	1	1120	0.8327385201046872	0.8327385201046872	228	228	NA	NA	NA	100	100	0	NA
DNeasy	Genus	Ceriporia	ITSxpress	PE	1	1	1	1114	1.8328397499177362	1.8328397499177362	209	209	NA	NA	NA	100	100	0	NA
DNeasy	Genus	Ceriporia	ITSxpress	SE	1	1	1	1117	1.8346664914672406	1.8346664914672406	173	173	NA	NA	NA	100	100	0	NA
DNeasy	Genus	Cladosporium	Cutadapt	PE	1	3	3	7611	1.9117591650653707	5.327606344900343	281	274.6666666666667	99.644	100	281	0	0	100	66.66666666666666
DNeasy	Genus	Cladosporium	Cutadapt	SE	1	2	2	7668	2.8506423982869378	5.40164763264335	228	228	99.7805	100	228	50	50	100	100
DNeasy	Genus	Cladosporium	ITSxpress	PE	1	2	2	7622	6.270154656136887	11.877262257321487	148	148	99.662	100	148	0	50	100	100
DNeasy	Genus	Cladosporium	ITSxpress	SE	1	2	2	7636	6.271044462329385	11.878521097843404	148	148	99.662	100	148	0	50	100	100
DNeasy	Genus	Coprinopsis	Cutadapt	PE	1	1	1	890	0.6706604875475679	0.6706604875475679	306	306	NA	NA	NA	100	100	0	NA
DNeasy	Genus	Coprinopsis	Cutadapt	SE	1	1	1	891	0.6624732334047109	0.6624732334047109	228	228	NA	NA	NA	0	100	0	NA
DNeasy	Genus	Coprinopsis	ITSxpress	PE	1	1	1	887	1.4593616321158276	1.4593616321158276	211	211	NA	NA	NA	0	100	0	NA
DNeasy	Genus	Coprinopsis	ITSxpress	SE	1	1	1	887	1.4568927286763136	1.4568927286763136	173	173	NA	NA	NA	0	100	0	NA
DNeasy	Genus	Dentipellis	Cutadapt	SE	1	1	1	1998	1.4855460385438972	1.4855460385438972	228	228	NA	NA	NA	100	100	0	NA
DNeasy	Genus	Fungi_k	Cutadapt	PE	1	58	58	18355	0.238472941668648	8.414151689838363	298	294.7068965517241	NA	NA	NA	0	0	0	NA
DNeasy	Genus	Fungi_k	Cutadapt	SE	1	77	77	20463	0.1975919334056379	9.082054484891744	301	254.7012987012987	NA	NA	NA	0	0	0	NA
DNeasy	Genus	Fungi_k	ITSxpress	PE	1	3	3	2264	1.2416365032357135	3.7133925633432048	241	248.33333333333334	NA	NA	NA	0	0	0	NA
DNeasy	Genus	Fungi_k	ITSxpress	SE	1	3	3	2265	1.240083438726738	3.7087528538344037	173	173	NA	NA	NA	0	0	0	NA
DNeasy	Genus	Hericiaceae_f	Cutadapt	PE	1	1	1	1988	1.4980596058927698	1.4980596058927698	306	306	NA	NA	NA	0	0	0	NA
DNeasy	Genus	Hericiaceae_f	ITSxpress	PE	1	1	1	1984	3.26423165514972	3.26423165514972	211	211	NA	NA	NA	0	0	0	NA
DNeasy	Genus	Hericiaceae_f	ITSxpress	SE	1	1	1	1989	3.2669218008311027	3.2669218008311027	173	173	NA	NA	NA	0	0	0	NA
DNeasy	Genus	Hydnoporia	Cutadapt	PE	1	1	1	1775	1.3375532195471158	1.3375532195471158	301	301	NA	NA	NA	100	100	0	NA
DNeasy	Genus	Hymenochaetopsis	Cutadapt	SE	1	1	1	1785	1.3271770164168453	1.3271770164168453	228	228	NA	NA	NA	100	100	0	NA
DNeasy	Genus	Hymenochaetopsis	ITSxpress	PE	1	1	1	1773	2.9170779861796645	2.9170779861796645	206	206	NA	NA	NA	100	100	0	NA
DNeasy	Genus	Hymenochaetopsis	ITSxpress	SE	1	1	1	1774	2.913785457352627	2.913785457352627	173	173	NA	NA	NA	100	100	0	NA
DNeasy	Genus	Irpex	Cutadapt	PE	1	6	6	11204	1.4071311053338857	3.0955879582532684	298	298	NA	NA	NA	100	100	0	NA
DNeasy	Genus	Irpex	Cutadapt	SE	1	5	5	11277	1.6769271948608138	3.0744408755650725	228	228	NA	NA	NA	100	100	0	NA
DNeasy	Genus	Irpex	ITSxpress	PE	1	6	6	11184	3.066798288910826	6.740704179006252	203	203	NA	NA	NA	66.66666666666666	100	0	NA
DNeasy	Genus	Irpex	ITSxpress	SE	1	5	5	11227	3.688057421611944	6.74901039699095	173	173	NA	NA	NA	100	100	0	NA
DNeasy	Genus	Kazachstania	Cutadapt	PE	1	1	1	165	0.12433593308466147	0.12433593308466147	336	336	NA	NA	NA	100	100	0	NA
DNeasy	Genus	Kazachstania	Cutadapt	SE	1	1	1	166	0.12342374494408756	0.12342374494408756	228	228	100	100	228	100	100	100	0
DNeasy	Genus	Kazachstania	ITSxpress	PE	1	1	1	164	0.26982560052648896	0.26982560052648896	241	241	100	100	241	100	100	100	0
DNeasy	Genus	Kazachstania	ITSxpress	SE	1	1	1	164	0.26936911781613915	0.26936911781613915	173	173	100	100	173	100	100	100	0
DNeasy	Genus	Lecanorales_o	Cutadapt	PE	1	1	1	40	0.030142044384160356	0.030142044384160356	382	382	NA	NA	NA	0	0	0	NA
DNeasy	Genus	Lecanoromycetes_c	Cutadapt	PE	1	2	2	6	0.0022606533288120267	0.0022606533288120267	456.5	456.5	NA	NA	NA	0	0	0	NA
DNeasy	Genus	Lecanoromycetes_c	Cutadapt	SE	1	1	1	3	0.0022305496074232693	0.0022305496074232693	301	301	NA	NA	NA	0	0	0	NA
DNeasy	Genus	Leucosporidium	Cutadapt	PE	1	1	1	43	0.032402697712972384	0.032402697712972384	319	319	100	100	308	100	100	100	0
DNeasy	Genus	Leucosporidium	Cutadapt	SE	1	1	1	44	0.03271472757554128	0.03271472757554128	301	301	100	100	290	100	100	100	0
DNeasy	Genus	Leucosporidium	ITSxpress	PE	1	1	1	43	0.07074695623560383	0.07074695623560383	212	212	100	100	212	100	100	100	0
DNeasy	Genus	Leucosporidium	ITSxpress	SE	1	1	1	43	0.07062726869569502	0.07062726869569502	212	212	100	100	212	100	100	100	0
DNeasy	Genus	Mucor	Cutadapt	PE	1	1	1	527	0.3971214347613127	0.3971214347613127	281	281	99.644	100	281	100	100	100	0
DNeasy	Genus	Mucor	Cutadapt	SE	1	1	1	528	0.39257673090649536	0.39257673090649536	229	229	100	100	229	100	100	100	0
DNeasy	Genus	Mucor	ITSxpress	PE	1	1	1	523	0.8604804211911813	0.8604804211911813	184	184	99.457	100	184	100	100	100	0
DNeasy	Genus	Mucor	ITSxpress	SE	1	1	1	523	0.8590246866941511	0.8590246866941511	174	174	100	100	174	100	100	100	0
DNeasy	Genus	Penicillium	Cutadapt	PE	1	5	5	2500	0.3767755548020045	0.9630383180739234	281	276.4	99.4675	100	281	100	100	80	50
DNeasy	Genus	Penicillium	Cutadapt	SE	1	4	4	2519	0.4682295384249346	0.9621103973352368	228	187.5	99.5635	100	228	75	75	100	50
DNeasy	Genus	Penicillium	ITSxpress	PE	1	3	3	2490	1.3655807831523528	2.117472852912142	160	163.33333333333334	100	100	160	100	100	100	66.66666666666666
DNeasy	Genus	Penicillium	ITSxpress	SE	1	3	3	2492	1.3643655317028835	2.1155330716291902	160	163.33333333333334	100	100	160	100	100	100	66.66666666666666
DNeasy	Genus	Peniophoraceae_f	Cutadapt	PE	1	2	2	6039	2.275347575449305	3.017972193964056	286.5	286.5	NA	NA	NA	0	0	0	NA
DNeasy	Genus	Peniophoraceae_f	Cutadapt	SE	1	2	2	6057	2.25173982869379	2.9852188912681417	228	228	NA	NA	NA	0	0	0	NA
DNeasy	Genus	Peniophoraceae_f	ITSxpress	PE	1	2	2	6024	4.955577492596248	6.566304705495228	191.5	191.5	NA	NA	NA	0	0	0	NA
DNeasy	Genus	Peniophoraceae_f	ITSxpress	SE	1	2	2	6033	4.954585023734047	6.561766010216316	173	173	NA	NA	NA	0	0	0	NA
DNeasy	Genus	Phanerochaete	Cutadapt	PE	1	1	1	1811	1.3646810594928602	1.3646810594928602	295	295	100	100	295	100	100	100	0
DNeasy	Genus	Phanerochaete	Cutadapt	SE	1	1	1	1818	1.351713062098501	1.351713062098501	228	228	100	100	228	100	100	100	0
DNeasy	Genus	Phanerochaete	ITSxpress	PE	1	1	1	1804	2.9680816057913786	2.9680816057913786	200	200	100	100	200	100	100	100	0
DNeasy	Genus	Phanerochaete	ITSxpress	SE	1	1	1	1805	2.9647027905983605	2.9647027905983605	173	173	100	100	173	100	100	100	0
DNeasy	Genus	Phlebiopsis	Cutadapt	PE	1	1	1	1454	1.0956633133642288	1.0956633133642288	302	302	NA	NA	NA	0	100	0	NA
DNeasy	Genus	Phlebiopsis	Cutadapt	SE	1	1	1	1459	1.0847906257435167	1.0847906257435167	228	228	NA	NA	NA	0	100	0	NA
DNeasy	Genus	Phlebiopsis	ITSxpress	PE	1	1	1	1453	2.3905890095426128	2.3905890095426128	207	207	NA	NA	NA	0	100	0	NA
DNeasy	Genus	Phlebiopsis	ITSxpress	SE	1	1	1	1455	2.38982967330782	2.38982967330782	173	173	NA	NA	NA	0	100	0	NA
DNeasy	Genus	Pleosporales_o	Cutadapt	PE	1	2	2	1602	0.603594438792811	1.1717719754342337	272	272	NA	NA	NA	0	0	0	NA
DNeasy	Genus	Pleosporales_o	Cutadapt	SE	1	1	1	1604	1.1926005234356412	1.1926005234356412	228	228	NA	NA	NA	0	0	0	NA
DNeasy	Genus	Pleosporales_o	ITSxpress	PE	1	1	1	1601	2.634090161237249	2.634090161237249	148	148	NA	NA	NA	0	0	0	NA
DNeasy	Genus	Pleosporales_o	ITSxpress	SE	1	1	1	1602	2.631276382569847	2.631276382569847	148	148	NA	NA	NA	0	0	0	NA
DNeasy	Genus	Rhizoplaca	Cutadapt	PE	1	1	1	351	0.2644964394710071	0.2644964394710071	517	517	NA	NA	NA	100	100	0	NA
DNeasy	Genus	Rhizoplaca	Cutadapt	SE	1	1	1	352	0.26171782060433024	0.26171782060433024	297	297	NA	NA	NA	100	100	0	NA
DNeasy	Genus	Sarocladium	Cutadapt	PE	1	2	2	973	0.36660261482235035	0.7226555141102445	281	281	NA	NA	NA	100	100	0	NA
DNeasy	Genus	Sarocladium	Cutadapt	SE	1	1	1	979	0.7279026885557935	0.7279026885557935	228	228	NA	NA	NA	100	100	0	NA
DNeasy	Genus	Sarocladium	ITSxpress	PE	1	1	1	974	1.602500822639026	1.602500822639026	167	167	100	100	167	100	100	100	0
DNeasy	Genus	Sarocladium	ITSxpress	SE	1	1	1	975	1.6014322553093638	1.6014322553093638	167	167	100	100	167	100	100	100	0
DNeasy	Genus	Schizophyllum	Cutadapt	PE	1	1	1	1607	1.2109566331336423	1.2109566331336423	334	334	NA	NA	NA	100	100	0	NA
DNeasy	Genus	Schizophyllum	Cutadapt	SE	1	1	1	1615	1.2007792053295265	1.2007792053295265	228	228	NA	NA	NA	100	100	0	NA
DNeasy	Genus	Schizophyllum	ITSxpress	PE	1	1	1	1604	2.6390259953932214	2.6390259953932214	239	239	NA	NA	NA	100	100	0	NA
DNeasy	Genus	Schizophyllum	ITSxpress	SE	1	1	1	1612	2.6477013287781483	2.6477013287781483	173	173	NA	NA	NA	100	100	0	NA
DNeasy	Genus	Schizoporaceae_f	Cutadapt	SE	1	1	1	2274	1.6907566024268381	1.6907566024268381	228	228	NA	NA	NA	0	0	0	NA
DNeasy	Genus	Sistotremastrum	Cutadapt	PE	1	1	1	1582	1.192117855393542	1.192117855393542	290	290	100	100	290	100	100	100	0
DNeasy	Genus	Sistotremastrum	Cutadapt	SE	1	1	1	1584	1.177730192719486	1.177730192719486	227	227	100	100	227	100	100	100	0
DNeasy	Genus	Sistotremastrum	ITSxpress	PE	1	1	1	1583	2.6044751563014152	2.6044751563014152	195	195	100	100	195	100	100	100	0
DNeasy	Genus	Sistotremastrum	ITSxpress	SE	1	1	1	1584	2.601711479394905	2.601711479394905	172	172	100	100	172	100	100	100	0
DNeasy	Genus	Sporobolomyces	Cutadapt	PE	1	1	1	1040	0.7836931539881693	0.7836931539881693	299	299	NA	NA	NA	100	100	0	NA
DNeasy	Genus	Sporobolomyces	Cutadapt	SE	1	1	1	1041	0.7740007137758744	0.7740007137758744	228	228	100	100	228	100	100	100	0
DNeasy	Genus	Sporobolomyces	ITSxpress	PE	1	1	1	1037	1.7061533399144453	1.7061533399144453	199	199	99.497	100	199	100	100	100	0
DNeasy	Genus	Sporobolomyces	ITSxpress	SE	1	1	1	1038	1.7049094164216614	1.7049094164216614	173	173	100	100	173	100	100	100	0
DNeasy	Genus	Stereaceae_f	Cutadapt	PE	1	1	1	2433	1.8333898496665537	1.8333898496665537	300	300	NA	NA	NA	0	0	0	NA
DNeasy	Genus	Stereaceae_f	Cutadapt	SE	1	1	1	2442	1.815667380442541	1.815667380442541	228	228	NA	NA	NA	0	0	0	NA
DNeasy	Genus	Stereaceae_f	ITSxpress	PE	1	1	1	2425	3.9897992760776573	3.9897992760776573	205	205	NA	NA	NA	0	0	0	NA
DNeasy	Genus	Stereaceae_f	ITSxpress	SE	1	1	1	2426	3.9846919501338633	3.9846919501338633	173	173	NA	NA	NA	0	0	0	NA
DNeasy	Genus	Suillus	Cutadapt	PE	1	1	1	699	0.5267322256132022	0.5267322256132022	330	330	NA	NA	NA	100	100	0	NA
DNeasy	Genus	Suillus	Cutadapt	SE	1	1	1	701	0.5212050916012372	0.5212050916012372	227	227	NA	NA	NA	0	100	0	NA
DNeasy	Genus	Suillus	ITSxpress	PE	1	1	1	698	1.148404080289569	1.148404080289569	235	235	NA	NA	NA	100	100	0	NA
DNeasy	Genus	Suillus	ITSxpress	SE	1	1	1	699	1.1481037399602516	1.1481037399602516	172	172	NA	NA	NA	0	100	0	NA
DNeasy	Genus	Thanatephorus	ITSxpress	PE	1	1	1	1548	2.5468904244817376	2.5468904244817376	228	228	NA	NA	NA	0	100	0	NA
DNeasy	Genus	Trametes	Cutadapt	PE	1	1	1	1001	0.7543046607136129	0.7543046607136129	285	285	NA	NA	NA	100	100	0	NA
DNeasy	Genus	Trametes	Cutadapt	SE	1	1	1	1004	0.7464906019509874	0.7464906019509874	228	228	NA	NA	NA	100	100	0	NA
DNeasy	Genus	Trametes	ITSxpress	PE	1	1	1	999	1.6436327739387957	1.6436327739387957	190	190	NA	NA	NA	100	100	0	NA
DNeasy	Genus	Trametes	ITSxpress	SE	1	1	1	1000	1.6424946208301168	1.6424946208301168	173	173	NA	NA	NA	100	100	0	NA
DNeasy	Genus	Udeniomyces	Cutadapt	PE	1	2	2	2132	0.8032854828378735	1.0022229757733319	329.5	329.5	NA	NA	NA	100	100	0	NA
DNeasy	Genus	Udeniomyces	Cutadapt	SE	1	1	1	2139	1.590381870092791	1.590381870092791	228	228	99.561	100	228	100	100	100	0
DNeasy	Genus	Udeniomyces	ITSxpress	PE	1	2	2	2121	1.744817374136229	2.1767028627838103	234.5	234.5	NA	NA	NA	100	100	0	NA
DNeasy	Genus	Udeniomyces	ITSxpress	SE	1	1	1	2124	3.4886585746431678	3.4886585746431678	173	173	99.422	100	173	100	100	100	0
DNeasy	Species	Agaricomycetes_c	Cutadapt	PE	1	1	1	2264	1.7060397121434763	1.7060397121434763	309	309	NA	NA	NA	0	0	0	NA
DNeasy	Species	Ascomycota_p	Cutadapt	PE	1	28	28	53083	1.4285983411110572	37.30379412983685	387	400.17857142857144	NA	NA	NA	0	0	0	NA
DNeasy	Species	Ascomycota_p	Cutadapt	SE	1	27	27	52530	1.4465527268882015	36.94979776350226	301	293.48148148148147	NA	NA	NA	0	0	0	NA
DNeasy	Species	Aspergillus_candidus	Cutadapt	SE	1	1	1	584	0.43421365691172975	0.43421365691172975	228	228	99.123	100	228	0	100	100	100
DNeasy	Species	Aspergillus_neotritici	Cutadapt	PE	1	2	2	582	0.21928337289476657	0.43781319467992913	306.5	306.5	99.1925	100	306.5	100	100	100	100
DNeasy	Species	Aspergillus_neotritici	ITSxpress	PE	1	1	1	584	0.9608423823626193	0.9608423823626193	165	165	NA	NA	NA	100	100	0	NA
DNeasy	Species	Aspergillus_neotritici	ITSxpress	SE	1	1	1	584	0.9592168585647882	0.9592168585647882	165	165	NA	NA	NA	100	100	0	NA
DNeasy	Species	Aspergillus_niger	Cutadapt	PE	1	1	1	240	0.18085226630496215	0.18085226630496215	281	281	99.644	100	281	0	100	100	100
DNeasy	Species	Aspergillus_niger	Cutadapt	SE	1	1	1	240	0.17844396859386152	0.17844396859386152	228	228	99.561	100	228	0	100	100	100
DNeasy	Species	Aspergillus_niger	ITSxpress	PE	1	1	1	240	0.3948667324777887	0.3948667324777887	166	166	99.398	100	166	0	100	100	100
DNeasy	Species	Aspergillus_niger	ITSxpress	SE	1	1	1	240	0.39419870899922804	0.39419870899922804	166	166	99.398	100	166	0	100	100	100
DNeasy	Species	Atheliales_o	Cutadapt	PE	1	1	1	1145	0.8628160204965901	0.8628160204965901	295	295	NA	NA	NA	0	0	0	NA
DNeasy	Species	Atheliales_o	Cutadapt	SE	1	1	1	1148	0.8535569831073043	0.8535569831073043	227	227	NA	NA	NA	0	0	0	NA
DNeasy	Species	Atheliales_o	ITSxpress	PE	1	1	1	1143	1.880552813425469	1.880552813425469	200	200	NA	NA	NA	0	0	0	NA
DNeasy	Species	Atheliales_o	ITSxpress	SE	1	1	1	1143	1.8773713516088235	1.8773713516088235	172	172	NA	NA	NA	0	0	0	NA
DNeasy	Species	Bjerkandera_adusta	Cutadapt	PE	1	1	1	2180	1.6427414189367395	1.6427414189367395	281	281	NA	NA	NA	100	100	0	NA
DNeasy	Species	Bjerkandera_adusta	Cutadapt	SE	1	1	1	2185	1.6245836307399477	1.6245836307399477	228	228	NA	NA	NA	100	100	0	NA
DNeasy	Species	Bjerkandera_adusta	ITSxpress	PE	1	1	1	2178	3.583415597235933	3.583415597235933	186	186	NA	NA	NA	100	100	0	NA
DNeasy	Species	Bjerkandera_adusta	ITSxpress	SE	1	1	1	2180	3.5806382734096545	3.5806382734096545	173	173	NA	NA	NA	100	100	0	NA
DNeasy	Species	Bullera_alba	Cutadapt	PE	1	1	1	2718	2.0481519159036963	2.0481519159036963	281	281	99.645	100	282	100	100	100	0
DNeasy	Species	Bullera_alba	Cutadapt	SE	1	1	1	2722	2.0238520104687128	2.0238520104687128	228	228	99.563	100	229	100	100	100	0
DNeasy	Species	Bullera_alba	ITSxpress	PE	1	1	1	2716	4.468575189206976	4.468575189206976	177	177	99.438	100	178	100	100	100	0
DNeasy	Species	Bullera_alba	ITSxpress	SE	1	1	1	2717	4.462657884795427	4.462657884795427	173	173	99.425	100	174	100	100	100	0
DNeasy	Species	Ceratobasidiaceae_f	Cutadapt	PE	1	1	1	1551	1.168757770995818	1.168757770995818	322	322	NA	NA	NA	0	0	0	NA
DNeasy	Species	Ceratobasidiaceae_f	Cutadapt	SE	1	1	1	1556	1.156911729716869	1.156911729716869	225	225	NA	NA	NA	0	0	0	NA
DNeasy	Species	Ceratobasidiaceae_f	ITSxpress	SE	1	1	1	1549	2.544224167665851	2.544224167665851	171	171	NA	NA	NA	0	0	0	NA
DNeasy	Species	Ceriporia_nanlingensis	Cutadapt	PE	1	1	1	1114	0.8394559360988658	0.8394559360988658	304	304	NA	NA	NA	100	100	0	NA
DNeasy	Species	Ceriporia_nanlingensis	Cutadapt	SE	1	1	1	1120	0.8327385201046872	0.8327385201046872	228	228	NA	NA	NA	100	100	0	NA
DNeasy	Species	Ceriporia_nanlingensis	ITSxpress	PE	1	1	1	1114	1.8328397499177362	1.8328397499177362	209	209	NA	NA	NA	100	100	0	NA
DNeasy	Species	Ceriporia_nanlingensis	ITSxpress	SE	1	1	1	1117	1.8346664914672406	1.8346664914672406	173	173	NA	NA	NA	100	100	0	NA
DNeasy	Species	Cladosporium_angustisporum	Cutadapt	SE	1	1	1	403	0.2996371639305258	0.2996371639305258	228	228	99.561	100	228	0	0	100	100
DNeasy	Species	Cladosporium_angustisporum	ITSxpress	PE	1	2	2	7622	6.270154656136887	11.877262257321487	148	148	99.662	100	148	0	50	100	100
DNeasy	Species	Cladosporium_angustisporum	ITSxpress	SE	1	2	2	7636	6.271044462329385	11.878521097843404	148	148	99.662	100	148	0	50	100	100
DNeasy	Species	Cladosporium_colombiae	Cutadapt	PE	1	2	2	7460	2.8107456388229535	5.327606344900343	281	281	99.822	100	281	0	0	100	100
DNeasy	Species	Cladosporium_herbarum	Cutadapt	SE	1	1	1	7265	5.40164763264335	5.40164763264335	228	228	100	100	228	100	100	100	100
DNeasy	Species	Cladosporium_ossifragi	Cutadapt	PE	1	1	1	151	0.11378621755020533	0.11378621755020533	262	262	99.618	100	262	0	0	100	0
DNeasy	Species	Coprinopsis_g	Cutadapt	SE	1	1	1	891	0.6624732334047109	0.6624732334047109	228	228	NA	NA	NA	0	100	0	NA
DNeasy	Species	Coprinopsis_g	ITSxpress	PE	1	1	1	887	1.4593616321158276	1.4593616321158276	211	211	NA	NA	NA	0	100	0	NA
DNeasy	Species	Coprinopsis_g	ITSxpress	SE	1	1	1	887	1.4568927286763136	1.4568927286763136	173	173	NA	NA	NA	0	100	0	NA
DNeasy	Species	Coprinopsis_urticicola	Cutadapt	PE	1	1	1	890	0.6706604875475679	0.6706604875475679	306	306	NA	NA	NA	100	100	0	NA
DNeasy	Species	Dentipellis_fragilis	Cutadapt	SE	1	1	1	1998	1.4855460385438972	1.4855460385438972	228	228	NA	NA	NA	100	100	0	NA
DNeasy	Species	Fungi_k	Cutadapt	PE	1	58	58	18355	0.238472941668648	8.414151689838363	298	294.7068965517241	NA	NA	NA	0	0	0	NA
DNeasy	Species	Fungi_k	Cutadapt	SE	1	77	77	20463	0.1975919334056379	9.082054484891744	301	254.7012987012987	NA	NA	NA	0	0	0	NA
DNeasy	Species	Fungi_k	ITSxpress	PE	1	3	3	2264	1.2416365032357135	3.7133925633432048	241	248.33333333333334	NA	NA	NA	0	0	0	NA
DNeasy	Species	Fungi_k	ITSxpress	SE	1	3	3	2265	1.240083438726738	3.7087528538344037	173	173	NA	NA	NA	0	0	0	NA
DNeasy	Species	Hericiaceae_f	Cutadapt	PE	1	1	1	1988	1.4980596058927698	1.4980596058927698	306	306	NA	NA	NA	0	0	0	NA
DNeasy	Species	Hericiaceae_f	ITSxpress	PE	1	1	1	1984	3.26423165514972	3.26423165514972	211	211	NA	NA	NA	0	0	0	NA
DNeasy	Species	Hericiaceae_f	ITSxpress	SE	1	1	1	1989	3.2669218008311027	3.2669218008311027	173	173	NA	NA	NA	0	0	0	NA
DNeasy	Species	Hydnoporia_yasudae	Cutadapt	PE	1	1	1	1775	1.3375532195471158	1.3375532195471158	301	301	NA	NA	NA	100	100	0	NA
DNeasy	Species	Hymenochaetopsis_yasudae	Cutadapt	SE	1	1	1	1785	1.3271770164168453	1.3271770164168453	228	228	NA	NA	NA	100	100	0	NA
DNeasy	Species	Hymenochaetopsis_yasudae	ITSxpress	PE	1	1	1	1773	2.9170779861796645	2.9170779861796645	206	206	NA	NA	NA	100	100	0	NA
DNeasy	Species	Hymenochaetopsis_yasudae	ITSxpress	SE	1	1	1	1774	2.913785457352627	2.913785457352627	173	173	NA	NA	NA	100	100	0	NA
DNeasy	Species	Irpex_g	ITSxpress	PE	1	2	2	5208	4.2843040473840075	6.740704179006252	199	199	NA	NA	NA	0	100	0	NA
DNeasy	Species	Irpex_hacksungii	Cutadapt	SE	1	3	3	4115	1.0198568482829724	2.2744170830359267	228	228	NA	NA	NA	100	100	0	NA
DNeasy	Species	Irpex_hacksungii	ITSxpress	PE	1	3	3	4065	2.229351760447516	4.972030273116157	207	207	NA	NA	NA	100	100	0	NA
DNeasy	Species	Irpex_hacksungii	ITSxpress	SE	1	3	3	4092	2.240362662812279	4.994826141944385	173	173	NA	NA	NA	100	100	0	NA
DNeasy	Species	Irpex_hydnoides	Cutadapt	PE	1	3	3	4076	1.0238247742486466	2.2855205154289586	302	302	NA	NA	NA	100	100	0	NA
DNeasy	Species	Irpex_laceratus	Cutadapt	PE	1	3	3	7128	1.7904374364191251	3.0955879582532684	294	294	NA	NA	NA	100	100	0	NA
DNeasy	Species	Irpex_laceratus	Cutadapt	SE	1	2	2	7162	2.6625327147275755	3.0744408755650725	228	228	NA	NA	NA	100	100	0	NA
DNeasy	Species	Irpex_laceratus	ITSxpress	PE	1	1	1	1911	3.144126357354393	3.144126357354393	199	199	NA	NA	NA	100	100	0	NA
DNeasy	Species	Irpex_laceratus	ITSxpress	SE	1	2	2	7135	5.859599559811441	6.74901039699095	173	173	NA	NA	NA	100	100	0	NA
DNeasy	Species	Kazachstania_servazzii	Cutadapt	PE	1	1	1	165	0.12433593308466147	0.12433593308466147	336	336	NA	NA	NA	100	100	0	NA
DNeasy	Species	Kazachstania_servazzii	Cutadapt	SE	1	1	1	166	0.12342374494408756	0.12342374494408756	228	228	100	100	228	100	100	100	0
DNeasy	Species	Kazachstania_servazzii	ITSxpress	PE	1	1	1	164	0.26982560052648896	0.26982560052648896	241	241	100	100	241	100	100	100	0
DNeasy	Species	Kazachstania_servazzii	ITSxpress	SE	1	1	1	164	0.26936911781613915	0.26936911781613915	173	173	100	100	173	100	100	100	0
DNeasy	Species	Lecanorales_o	Cutadapt	PE	1	1	1	40	0.030142044384160356	0.030142044384160356	382	382	NA	NA	NA	0	0	0	NA
DNeasy	Species	Lecanoromycetes_c	Cutadapt	PE	1	2	2	6	0.0022606533288120267	0.0022606533288120267	456.5	456.5	NA	NA	NA	0	0	0	NA
DNeasy	Species	Lecanoromycetes_c	Cutadapt	SE	1	1	1	3	0.0022305496074232693	0.0022305496074232693	301	301	NA	NA	NA	0	0	0	NA
DNeasy	Species	Leucosporidium_intermedium	Cutadapt	PE	1	1	1	43	0.032402697712972384	0.032402697712972384	319	319	100	100	308	100	100	100	0
DNeasy	Species	Leucosporidium_intermedium	Cutadapt	SE	1	1	1	44	0.03271472757554128	0.03271472757554128	301	301	100	100	290	100	100	100	0
DNeasy	Species	Leucosporidium_intermedium	ITSxpress	PE	1	1	1	43	0.07074695623560383	0.07074695623560383	212	212	100	100	212	100	100	100	0
DNeasy	Species	Leucosporidium_intermedium	ITSxpress	SE	1	1	1	43	0.07062726869569502	0.07062726869569502	212	212	100	100	212	100	100	100	0
DNeasy	Species	Mucor_circinelloides	Cutadapt	PE	1	1	1	527	0.3971214347613127	0.3971214347613127	281	281	99.644	100	281	100	100	100	0
DNeasy	Species	Mucor_circinelloides	Cutadapt	SE	1	1	1	528	0.39257673090649536	0.39257673090649536	229	229	100	100	229	100	100	100	0
DNeasy	Species	Mucor_circinelloides	ITSxpress	PE	1	1	1	523	0.8604804211911813	0.8604804211911813	184	184	99.457	100	184	100	100	100	0
DNeasy	Species	Mucor_circinelloides	ITSxpress	SE	1	1	1	523	0.8590246866941511	0.8590246866941511	174	174	100	100	174	100	100	100	0
DNeasy	Species	Penicillium_brevicompactum	Cutadapt	PE	1	2	2	425	0.1601296107908519	0.27504615500546326	281	281	99.822	100	281	100	100	100	100
DNeasy	Species	Penicillium_cuddlyae	Cutadapt	SE	1	1	1	8	0.005948132286462051	0.005948132286462051	66	66	100	100	66	0	0	100	100
DNeasy	Species	Penicillium_patris-mei	Cutadapt	SE	1	1	1	427	0.31748156078991197	0.31748156078991197	228	228	100	100	228	100	100	100	100
DNeasy	Species	Penicillium_patris-mei	ITSxpress	PE	1	1	1	425	0.6992431720960842	0.6992431720960842	160	160	100	100	160	100	100	100	100
DNeasy	Species	Penicillium_patris-mei	ITSxpress	SE	1	1	1	426	0.6997027084736297	0.6997027084736297	160	160	100	100	160	100	100	100	100
DNeasy	Species	Penicillium_sclerotiorum	Cutadapt	PE	1	2	2	1288	0.48528691458498174	0.9630383180739234	277	277	99.291	100	282	100	100	50	0
DNeasy	Species	Penicillium_sclerotiorum	Cutadapt	SE	1	1	1	1294	0.9621103973352368	0.9621103973352368	228	228	99.127	100	229	100	100	100	0
DNeasy	Species	Penicillium_sclerotiorum	ITSxpress	PE	1	1	1	1287	2.117472852912142	2.117472852912142	159	159	100	100	159	100	100	100	0
DNeasy	Species	Penicillium_sclerotiorum	ITSxpress	SE	1	1	1	1288	2.1155330716291902	2.1155330716291902	159	159	100	100	159	100	100	100	0
DNeasy	Species	Penicillium_sumatraense	Cutadapt	PE	1	1	1	787	0.593044723258355	0.593044723258355	266	266	99.248	100	266	100	100	100	0
DNeasy	Species	Penicillium_sumatraense	Cutadapt	SE	1	1	1	790	0.5873780632881276	0.5873780632881276	228	228	99.123	100	228	100	100	100	0
DNeasy	Species	Penicillium_sumatraense	ITSxpress	PE	1	1	1	778	1.2800263244488317	1.2800263244488317	171	171	99.415	100	171	100	100	100	100
DNeasy	Species	Penicillium_sumatraense	ITSxpress	SE	1	1	1	778	1.2778608150058308	1.2778608150058308	171	171	99.415	100	171	100	100	100	100
DNeasy	Species	Peniophoraceae_f	Cutadapt	PE	1	2	2	6039	2.275347575449305	3.017972193964056	286.5	286.5	NA	NA	NA	0	0	0	NA
DNeasy	Species	Peniophoraceae_f	Cutadapt	SE	1	2	2	6057	2.25173982869379	2.9852188912681417	228	228	NA	NA	NA	0	0	0	NA
DNeasy	Species	Peniophoraceae_f	ITSxpress	PE	1	2	2	6024	4.955577492596248	6.566304705495228	191.5	191.5	NA	NA	NA	0	0	0	NA
DNeasy	Species	Peniophoraceae_f	ITSxpress	SE	1	2	2	6033	4.954585023734047	6.561766010216316	173	173	NA	NA	NA	0	0	0	NA
DNeasy	Species	Phanerochaete_livescens	Cutadapt	PE	1	1	1	1811	1.3646810594928602	1.3646810594928602	295	295	100	100	295	100	100	100	0
DNeasy	Species	Phanerochaete_livescens	Cutadapt	SE	1	1	1	1818	1.351713062098501	1.351713062098501	228	228	100	100	228	100	100	100	0
DNeasy	Species	Phanerochaete_livescens	ITSxpress	PE	1	1	1	1804	2.9680816057913786	2.9680816057913786	200	200	100	100	200	100	100	100	0
DNeasy	Species	Phanerochaete_livescens	ITSxpress	SE	1	1	1	1805	2.9647027905983605	2.9647027905983605	173	173	100	100	173	100	100	100	0
DNeasy	Species	Phlebiopsis_g	Cutadapt	PE	1	1	1	1454	1.0956633133642288	1.0956633133642288	302	302	NA	NA	NA	0	100	0	NA
DNeasy	Species	Phlebiopsis_g	Cutadapt	SE	1	1	1	1459	1.0847906257435167	1.0847906257435167	228	228	NA	NA	NA	0	100	0	NA
DNeasy	Species	Phlebiopsis_g	ITSxpress	PE	1	1	1	1453	2.3905890095426128	2.3905890095426128	207	207	NA	NA	NA	0	100	0	NA
DNeasy	Species	Phlebiopsis_g	ITSxpress	SE	1	1	1	1455	2.38982967330782	2.38982967330782	173	173	NA	NA	NA	0	100	0	NA
DNeasy	Species	Pleosporales_o	Cutadapt	PE	1	2	2	1602	0.603594438792811	1.1717719754342337	272	272	NA	NA	NA	0	0	0	NA
DNeasy	Species	Pleosporales_o	Cutadapt	SE	1	1	1	1604	1.1926005234356412	1.1926005234356412	228	228	NA	NA	NA	0	0	0	NA
DNeasy	Species	Pleosporales_o	ITSxpress	PE	1	1	1	1601	2.634090161237249	2.634090161237249	148	148	NA	NA	NA	0	0	0	NA
DNeasy	Species	Pleosporales_o	ITSxpress	SE	1	1	1	1602	2.631276382569847	2.631276382569847	148	148	NA	NA	NA	0	0	0	NA
DNeasy	Species	Rhizoplaca_novomexicana	Cutadapt	PE	1	1	1	351	0.2644964394710071	0.2644964394710071	517	517	NA	NA	NA	100	100	0	NA
DNeasy	Species	Rhizoplaca_novomexicana	Cutadapt	SE	1	1	1	352	0.26171782060433024	0.26171782060433024	297	297	NA	NA	NA	100	100	0	NA
DNeasy	Species	Sarocladium_zeae	Cutadapt	PE	1	2	2	973	0.36660261482235035	0.7226555141102445	281	281	NA	NA	NA	100	100	0	NA
DNeasy	Species	Sarocladium_zeae	Cutadapt	SE	1	1	1	979	0.7279026885557935	0.7279026885557935	228	228	NA	NA	NA	100	100	0	NA
DNeasy	Species	Sarocladium_zeae	ITSxpress	PE	1	1	1	974	1.602500822639026	1.602500822639026	167	167	100	100	167	100	100	100	0
DNeasy	Species	Sarocladium_zeae	ITSxpress	SE	1	1	1	975	1.6014322553093638	1.6014322553093638	167	167	100	100	167	100	100	100	0
DNeasy	Species	Schizophyllum_commune	Cutadapt	PE	1	1	1	1607	1.2109566331336423	1.2109566331336423	334	334	NA	NA	NA	100	100	0	NA
DNeasy	Species	Schizophyllum_commune	Cutadapt	SE	1	1	1	1615	1.2007792053295265	1.2007792053295265	228	228	NA	NA	NA	100	100	0	NA
DNeasy	Species	Schizophyllum_commune	ITSxpress	PE	1	1	1	1604	2.6390259953932214	2.6390259953932214	239	239	NA	NA	NA	100	100	0	NA
DNeasy	Species	Schizophyllum_commune	ITSxpress	SE	1	1	1	1612	2.6477013287781483	2.6477013287781483	173	173	NA	NA	NA	100	100	0	NA
DNeasy	Species	Schizoporaceae_f	Cutadapt	SE	1	1	1	2274	1.6907566024268381	1.6907566024268381	228	228	NA	NA	NA	0	0	0	NA
DNeasy	Species	Sistotremastrum_guttuliferum	Cutadapt	PE	1	1	1	1582	1.192117855393542	1.192117855393542	290	290	100	100	290	100	100	100	0
DNeasy	Species	Sistotremastrum_guttuliferum	Cutadapt	SE	1	1	1	1584	1.177730192719486	1.177730192719486	227	227	100	100	227	100	100	100	0
DNeasy	Species	Sistotremastrum_guttuliferum	ITSxpress	PE	1	1	1	1583	2.6044751563014152	2.6044751563014152	195	195	100	100	195	100	100	100	0
DNeasy	Species	Sistotremastrum_guttuliferum	ITSxpress	SE	1	1	1	1584	2.601711479394905	2.601711479394905	172	172	100	100	172	100	100	100	0
DNeasy	Species	Sporobolomyces_carnicolor	Cutadapt	PE	1	1	1	1040	0.7836931539881693	0.7836931539881693	299	299	NA	NA	NA	100	100	0	NA
DNeasy	Species	Sporobolomyces_carnicolor	Cutadapt	SE	1	1	1	1041	0.7740007137758744	0.7740007137758744	228	228	100	100	228	100	100	100	0
DNeasy	Species	Sporobolomyces_carnicolor	ITSxpress	PE	1	1	1	1037	1.7061533399144453	1.7061533399144453	199	199	99.497	100	199	100	100	100	0
DNeasy	Species	Sporobolomyces_carnicolor	ITSxpress	SE	1	1	1	1038	1.7049094164216614	1.7049094164216614	173	173	100	100	173	100	100	100	0
DNeasy	Species	Stereaceae_f	Cutadapt	PE	1	1	1	2433	1.8333898496665537	1.8333898496665537	300	300	NA	NA	NA	0	0	0	NA
DNeasy	Species	Stereaceae_f	Cutadapt	SE	1	1	1	2442	1.815667380442541	1.815667380442541	228	228	NA	NA	NA	0	0	0	NA
DNeasy	Species	Stereaceae_f	ITSxpress	PE	1	1	1	2425	3.9897992760776573	3.9897992760776573	205	205	NA	NA	NA	0	0	0	NA
DNeasy	Species	Stereaceae_f	ITSxpress	SE	1	1	1	2426	3.9846919501338633	3.9846919501338633	173	173	NA	NA	NA	0	0	0	NA
DNeasy	Species	Suillus_g	Cutadapt	SE	1	1	1	701	0.5212050916012372	0.5212050916012372	227	227	NA	NA	NA	0	100	0	NA
DNeasy	Species	Suillus_g	ITSxpress	SE	1	1	1	699	1.1481037399602516	1.1481037399602516	172	172	NA	NA	NA	0	100	0	NA
DNeasy	Species	Suillus_viscidus	Cutadapt	PE	1	1	1	699	0.5267322256132022	0.5267322256132022	330	330	NA	NA	NA	100	100	0	NA
DNeasy	Species	Suillus_viscidus	ITSxpress	PE	1	1	1	698	1.148404080289569	1.148404080289569	235	235	NA	NA	NA	100	100	0	NA
DNeasy	Species	Thanatephorus_g	ITSxpress	PE	1	1	1	1548	2.5468904244817376	2.5468904244817376	228	228	NA	NA	NA	0	100	0	NA
DNeasy	Species	Trametes_hirsuta	Cutadapt	PE	1	1	1	1001	0.7543046607136129	0.7543046607136129	285	285	NA	NA	NA	100	100	0	NA
DNeasy	Species	Trametes_hirsuta	Cutadapt	SE	1	1	1	1004	0.7464906019509874	0.7464906019509874	228	228	NA	NA	NA	100	100	0	NA
DNeasy	Species	Trametes_hirsuta	ITSxpress	PE	1	1	1	999	1.6436327739387957	1.6436327739387957	190	190	NA	NA	NA	100	100	0	NA
DNeasy	Species	Trametes_hirsuta	ITSxpress	SE	1	1	1	1000	1.6424946208301168	1.6424946208301168	173	173	NA	NA	NA	100	100	0	NA
DNeasy	Species	Udeniomyces_pyricola	Cutadapt	PE	1	2	2	2132	0.8032854828378735	1.0022229757733319	329.5	329.5	NA	NA	NA	100	100	0	NA
DNeasy	Species	Udeniomyces_pyricola	Cutadapt	SE	1	1	1	2139	1.590381870092791	1.590381870092791	228	228	99.561	100	228	100	100	100	0
DNeasy	Species	Udeniomyces_pyricola	ITSxpress	PE	1	2	2	2121	1.744817374136229	2.1767028627838103	234.5	234.5	NA	NA	NA	100	100	0	NA
DNeasy	Species	Udeniomyces_pyricola	ITSxpress	SE	1	1	1	2124	3.4886585746431678	3.4886585746431678	173	173	99.422	100	173	100	100	100	0
QIAamp	Genus	Ascomycota_p	Cutadapt	PE	1	37	37	44308	0.8459406001084441	19.094376942639162	394	395.13513513513516	NA	NA	NA	0	0	0	NA
QIAamp	Genus	Ascomycota_p	Cutadapt	SE	1	28	28	52061	1.3088282617002875	19.1454315078136	301	294.60714285714283	NA	NA	NA	0	0	0	NA
QIAamp	Genus	Aspergillus	Cutadapt	PE	1	2	2	3120	1.1020062164453237	2.1905905623057365	279.5	279.5	100	99.5	278	100	100	100	100
QIAamp	Genus	Aspergillus	Cutadapt	SE	1	1	1	3132	2.2047022384907784	2.2047022384907784	228	228	100	100	228	0	100	100	100
QIAamp	Genus	Aspergillus	ITSxpress	PE	1	1	1	3110	4.3606892973821845	4.3606892973821845	164	164	100	100	164	100	100	100	100
QIAamp	Genus	Aspergillus	ITSxpress	SE	1	1	1	3113	4.357929808351882	4.357929808351882	164	164	100	100	164	100	100	100	100
QIAamp	Genus	Aureobasidium	Cutadapt	PE	1	2	2	667	0.23558914947725346	0.45846284261090703	274.5	274.5	99.63550000000001	100	274.5	50	50	100	0
QIAamp	Genus	Aureobasidium	Cutadapt	SE	1	1	1	668	0.47022384907785447	0.47022384907785447	228	228	99.561	100	228	100	100	100	0
QIAamp	Genus	Aureobasidium	ITSxpress	PE	1	1	1	667	0.935234649953028	0.935234649953028	154	154	99.351	100	154	100	100	100	0
QIAamp	Genus	Aureobasidium	ITSxpress	SE	1	1	1	667	0.9337421079893047	0.9337421079893047	154	154	99.351	100	154	100	100	100	0
QIAamp	Genus	Biscogniauxia	Cutadapt	PE	1	2	2	1359	0.48000847697089577	0.936705283978525	275	275	NA	NA	NA	100	100	0	NA
QIAamp	Genus	Biscogniauxia	Cutadapt	SE	1	1	1	1366	0.9615655356891455	0.9615655356891455	228	228	NA	NA	NA	100	100	0	NA
QIAamp	Genus	Biscogniauxia	ITSxpress	PE	1	1	1	1356	1.9013166196946114	1.9013166196946114	155	155	NA	NA	NA	100	100	0	NA
QIAamp	Genus	Biscogniauxia	ITSxpress	SE	1	1	1	1361	1.9052818725239034	1.9052818725239034	155	155	NA	NA	NA	100	100	0	NA
QIAamp	Genus	Bjerkandera	Cutadapt	PE	1	1	1	770	0.5439389658095507	0.5439389658095507	281	281	NA	NA	NA	100	100	0	NA
QIAamp	Genus	Bjerkandera	Cutadapt	SE	1	1	1	771	0.54272842460932	0.54272842460932	228	228	NA	NA	NA	100	100	0	NA
QIAamp	Genus	Bjerkandera	ITSxpress	PE	1	1	1	770	1.0796561925994475	1.0796561925994475	186	186	NA	NA	NA	100	100	0	NA
QIAamp	Genus	Bjerkandera	ITSxpress	SE	1	1	1	770	1.077933168143575	1.077933168143575	173	173	NA	NA	NA	100	100	0	NA
QIAamp	Genus	Boeremia	Cutadapt	SE	1	1	1	80	0.056314233422497535	0.056314233422497535	261	261	99.6	100	250	0	0	100	0
QIAamp	Genus	Burgoa	Cutadapt	PE	1	1	1	373	0.2634925120090421	0.2634925120090421	305	305	NA	NA	NA	100	100	0	NA
QIAamp	Genus	Burgoa	ITSxpress	PE	1	1	1	374	0.5244044364054459	0.5244044364054459	210	210	NA	NA	NA	0	100	0	NA
QIAamp	Genus	Candida	Cutadapt	PE	1	2	2	1340	0.47329754167844024	0.9268154846001695	275	275	100	100	281	100	100	50	0
QIAamp	Genus	Candida	Cutadapt	SE	1	1	1	1342	0.9446712656623961	0.9446712656623961	228	228	100	100	228	100	100	100	0
QIAamp	Genus	Candida	ITSxpress	PE	1	1	1	1341	1.8802843562024145	1.8802843562024145	155	155	100	100	155	100	100	100	0
QIAamp	Genus	Candida	ITSxpress	SE	1	1	1	1341	1.8772836084162783	1.8772836084162783	155	155	100	100	155	100	100	100	0
QIAamp	Genus	Candolleomyces	Cutadapt	PE	1	2	2	3023	1.067745125741735	1.9186210794009606	296.5	296.5	100	100	292	100	100	50	0
QIAamp	Genus	Candolleomyces	Cutadapt	SE	1	2	2	3035	1.0682106152330002	1.920315359707166	228	228	100	100	228	50	100	50	0
QIAamp	Genus	Candolleomyces	ITSxpress	PE	1	2	2	3017	2.1151446318652813	3.8012310884897436	201.5	201.5	100	100	197	50	100	50	0
QIAamp	Genus	Candolleomyces	ITSxpress	SE	1	2	2	3018	2.1124690269203312	3.7965646129939947	173	173	100	100	173	50	100	50	0
QIAamp	Genus	Ceriporia	Cutadapt	PE	1	1	1	773	0.546058208533484	0.546058208533484	305	305	NA	NA	NA	100	100	0	NA
QIAamp	Genus	Ceriporia	Cutadapt	SE	1	1	1	776	0.5462480641982261	0.5462480641982261	228	228	NA	NA	NA	100	100	0	NA
QIAamp	Genus	Ceriporia	ITSxpress	PE	1	1	1	774	1.0852647961973667	1.0852647961973667	210	210	NA	NA	NA	100	100	0	NA
QIAamp	Genus	Ceriporia	ITSxpress	SE	1	1	1	774	1.0835328209651	1.0835328209651	173	173	NA	NA	NA	100	100	0	NA
QIAamp	Genus	Cladosporium	Cutadapt	PE	1	5	5	6591	0.9311952528962985	1.6473580107374965	281	277.2	99.644	100	281	0	0	100	80
QIAamp	Genus	Cladosporium	Cutadapt	SE	1	3	3	6226	1.4608850720352904	1.6915387864282698	228	228	100	100	228	33.33333333333333	33.33333333333333	100	100
QIAamp	Genus	Cladosporium	ITSxpress	PE	1	3	3	6688	3.1258617385736382	4.024173081507032	148	148	100	100	148	0	33.33333333333333	100	100
QIAamp	Genus	Cladosporium	ITSxpress	SE	1	3	3	6692	3.1227397234704783	4.019150812649616	148	148	100	100	148	0	33.33333333333333	100	100
QIAamp	Genus	Crepidotus	Cutadapt	PE	1	1	1	1587	1.1210794009607232	1.1210794009607232	320	320	NA	NA	NA	0	100	0	NA
QIAamp	Genus	Crepidotus	Cutadapt	SE	1	1	1	1593	1.1213571730254823	1.1213571730254823	228	228	NA	NA	NA	0	100	0	NA
QIAamp	Genus	Crepidotus	ITSxpress	PE	1	1	1	1581	2.2168005720775668	2.2168005720775668	225	225	NA	NA	NA	0	100	0	NA
QIAamp	Genus	Crepidotus	ITSxpress	SE	1	1	1	1584	2.217462517323926	2.217462517323926	173	173	NA	NA	NA	0	100	0	NA
QIAamp	Genus	Cystobasidium	Cutadapt	PE	1	2	2	1464	0.5170952246397287	0.8144956202317039	297	297	99.495	100	297	100	100	100	0
QIAamp	Genus	Cystobasidium	Cutadapt	SE	1	1	1	1467	1.0326622553850484	1.0326622553850484	228	228	99.561	100	228	100	100	100	0
QIAamp	Genus	Cystobasidium	ITSxpress	PE	1	1	1	1462	2.0499446150394705	2.0499446150394705	202	202	99.505	100	202	100	100	100	0
QIAamp	Genus	Cystobasidium	ITSxpress	SE	1	1	1	1462	2.0466731062674115	2.0466731062674115	173	173	99.422	100	173	100	100	100	0
QIAamp	Genus	Daedaleopsis	Cutadapt	PE	1	1	1	1902	1.3435998869737213	1.3435998869737213	297	297	NA	NA	NA	100	100	0	NA
QIAamp	Genus	Daedaleopsis	Cutadapt	SE	1	1	1	1909	1.3437983950443475	1.3437983950443475	228	228	NA	NA	NA	100	100	0	NA
QIAamp	Genus	Daedaleopsis	ITSxpress	PE	1	1	1	1895	2.657075954514225	2.657075954514225	202	202	NA	NA	NA	100	100	0	NA
QIAamp	Genus	Daedaleopsis	ITSxpress	SE	1	1	1	1898	2.6570352638136434	2.6570352638136434	173	173	NA	NA	NA	100	100	0	NA
QIAamp	Genus	Debaryomyces	Cutadapt	PE	1	1	1	1237	0.8738344165018367	0.8738344165018367	352	352	100	100	352	100	100	100	0
QIAamp	Genus	Debaryomyces	Cutadapt	SE	1	1	1	1239	0.8721666901309306	0.8721666901309306	228	228	100	100	228	100	100	100	0
QIAamp	Genus	Debaryomyces	ITSxpress	PE	1	1	1	1229	1.7232434554606768	1.7232434554606768	257	257	100	100	257	100	100	100	0
QIAamp	Genus	Debaryomyces	ITSxpress	SE	1	1	1	1230	1.7218932426189575	1.7218932426189575	173	173	100	100	173	100	100	100	0
QIAamp	Genus	Didymellaceae_f	Cutadapt	PE	1	2	2	147	0.0519214467363662	0.05439389658095507	275	275	NA	NA	NA	0	0	0	NA
QIAamp	Genus	Epicoccum	ITSxpress	PE	1	1	1	80	0.11217207195838416	0.11217207195838416	154	154	100	100	154	100	100	100	100
QIAamp	Genus	Epicoccum	ITSxpress	SE	1	1	1	83	0.1161927960466451	0.1161927960466451	154	154	100	100	154	100	100	100	100
QIAamp	Genus	Fungi_k	Cutadapt	PE	1	52	52	28447	0.3864493446649423	7.9160779881322405	305	301.28846153846155	NA	NA	NA	0	0	0	NA
QIAamp	Genus	Fungi_k	Cutadapt	SE	1	66	66	21350	0.22771001582771255	4.610023933549204	301	261.06060606060606	NA	NA	NA	0	0	0	NA
QIAamp	Genus	Fungi_k	ITSxpress	PE	1	1	1	2598	3.642788036848526	3.642788036848526	202	202	NA	NA	NA	0	0	0	NA
QIAamp	Genus	Fungi_k	ITSxpress	SE	1	1	1	2599	3.6383744207859117	3.6383744207859117	173	173	NA	NA	NA	0	0	0	NA
QIAamp	Genus	Fuscoporia	Cutadapt	PE	1	1	1	980	0.6922859564848828	0.6922859564848828	317	317	NA	NA	NA	100	100	0	NA
QIAamp	Genus	Fuscoporia	Cutadapt	SE	1	1	1	983	0.6919611431789384	0.6919611431789384	228	228	100	100	228	100	100	100	0
QIAamp	Genus	Fuscoporia	ITSxpress	PE	1	1	1	973	1.3642928251938473	1.3642928251938473	222	222	100	100	222	100	100	100	0
QIAamp	Genus	Fuscoporia	ITSxpress	SE	1	1	1	974	1.3635154620413534	1.3635154620413534	173	173	100	100	173	100	100	100	0
QIAamp	Genus	Helotiales_o	Cutadapt	PE	1	2	2	850	0.30022605255721957	0.5884430630121503	270.5	270.5	NA	NA	NA	0	0	0	NA
QIAamp	Genus	Helotiales_o	Cutadapt	SE	1	1	1	853	0.60045051386738	0.60045051386738	228	228	NA	NA	NA	0	0	0	NA
QIAamp	Genus	Helotiales_o	ITSxpress	PE	1	1	1	851	1.1932304154573117	1.1932304154573117	146	146	NA	NA	NA	0	0	0	NA
QIAamp	Genus	Helotiales_o	ITSxpress	SE	1	1	1	852	1.192726050984839	1.192726050984839	146	146	NA	NA	NA	0	0	0	NA
QIAamp	Genus	Hydnaceae_f	Cutadapt	SE	1	1	1	374	0.263269041250176	0.263269041250176	228	228	NA	NA	NA	0	0	0	NA
QIAamp	Genus	Hydnaceae_f	ITSxpress	SE	1	1	1	374	0.5235675388125937	0.5235675388125937	173	173	NA	NA	NA	0	0	0	NA
QIAamp	Genus	Irpex	Cutadapt	PE	1	5	5	12804	1.8089855891494773	4.427098050296694	302	298.8	NA	NA	NA	100	100	0	NA
QIAamp	Genus	Irpex	Cutadapt	SE	1	5	5	12878	1.813036745037308	4.442489089117274	228	228	NA	NA	NA	100	100	0	NA
QIAamp	Genus	Irpex	ITSxpress	PE	1	5	5	12786	3.5855802801497494	8.764845272648241	207	203.8	NA	NA	NA	60	100	0	NA
QIAamp	Genus	Irpex	ITSxpress	SE	1	5	5	12832	3.5927372502904817	8.78865510338359	173	173	NA	NA	NA	100	100	0	NA
QIAamp	Genus	Kazachstania	Cutadapt	PE	1	1	1	1273	0.8992653291890365	0.8992653291890365	336	336	NA	NA	NA	100	100	0	NA
QIAamp	Genus	Kazachstania	Cutadapt	SE	1	1	1	1276	0.8982120230888356	0.8982120230888356	228	228	100	100	228	100	100	100	0
QIAamp	Genus	Kazachstania	ITSxpress	PE	1	1	1	1267	1.776525189640909	1.776525189640909	241	241	100	100	241	100	100	100	0
QIAamp	Genus	Kazachstania	ITSxpress	SE	1	1	1	1269	1.7764898576288273	1.7764898576288273	173	173	100	100	173	100	100	100	0
QIAamp	Genus	Lecanorales_o	Cutadapt	SE	1	1	1	20	0.014078558355624384	0.014078558355624384	301	301	NA	NA	NA	0	0	0	NA
QIAamp	Genus	Lecanoromycetes_c	Cutadapt	PE	1	1	1	100	0.07064142413111048	0.07064142413111048	394	394	NA	NA	NA	0	0	0	NA
QIAamp	Genus	Malassezia	Cutadapt	PE	1	1	1	1621	1.1450974851653009	1.1450974851653009	327	327	100	100	327	100	100	100	0
QIAamp	Genus	Malassezia	Cutadapt	SE	1	1	1	1625	1.1438828663944811	1.1438828663944811	228	228	100	100	228	100	100	100	0
QIAamp	Genus	Malassezia	ITSxpress	PE	1	1	1	1617	2.26727800445884	2.26727800445884	232	232	100	100	232	100	100	100	0
QIAamp	Genus	Malassezia	ITSxpress	SE	1	1	1	1619	2.2664594795122706	2.2664594795122706	173	173	100	100	173	100	100	100	0
QIAamp	Genus	Metschnikowia	Cutadapt	SE	1	1	1	8	0.005631423342249754	0.005631423342249754	301	301	NA	NA	NA	0	100	0	NA
QIAamp	Genus	Mucor	Cutadapt	PE	1	2	2	1463	0.5167420175190731	0.9126871997739474	281	281	99.644	100	281	50	100	50	0
QIAamp	Genus	Mucor	Cutadapt	SE	1	2	2	1466	0.5159791637336337	0.911586653526679	229	229	100	100	229	100	100	50	0
QIAamp	Genus	Mucor	ITSxpress	PE	1	2	2	1461	1.0242712320699954	1.8101768112284244	180.5	180.5	99.457	100	184	100	100	50	0
QIAamp	Genus	Mucor	ITSxpress	SE	1	2	2	1462	1.0233365531337058	1.808687861352596	174	174	100	100	174	100	100	50	0
QIAamp	Genus	Neodidymella	Cutadapt	PE	1	1	1	3124	2.2068380898558915	2.2068380898558915	281	281	100	100	281	0	0	100	100
QIAamp	Genus	Neodidymella	Cutadapt	SE	1	1	1	3214	2.2624243277488385	2.2624243277488385	228	228	100	100	228	0	0	100	100
QIAamp	Genus	Neodidymella	ITSxpress	PE	1	1	1	3200	4.486882878335367	4.486882878335367	155	155	100	100	155	0	0	100	100
QIAamp	Genus	Neodidymella	ITSxpress	SE	1	1	1	3204	4.485321910041577	4.485321910041577	155	155	100	100	155	0	0	100	100
QIAamp	Genus	Ophiognomonia	Cutadapt	PE	1	1	1	2293	1.6198078553263633	1.6198078553263633	278	278	NA	NA	NA	0	100	0	NA
QIAamp	Genus	Ophiognomonia	Cutadapt	SE	1	1	1	2358	1.6598620301281146	1.6598620301281146	228	228	NA	NA	NA	100	100	0	NA
QIAamp	Genus	Ophiognomonia	ITSxpress	PE	1	1	1	2355	3.302065368274934	3.302065368274934	159	159	99.363	99	157	0	100	100	100
QIAamp	Genus	Ophiognomonia	ITSxpress	SE	1	1	1	2355	3.2967955986728823	3.2967955986728823	159	159	99.363	99	157	0	100	100	100
QIAamp	Genus	Paragibellulopsis	Cutadapt	PE	1	2	2	1510	0.5333427521898841	1.0624470189319017	282	282	NA	NA	NA	100	100	0	NA
QIAamp	Genus	Paragibellulopsis	Cutadapt	SE	1	1	1	1516	1.0671547233563283	1.0671547233563283	228	228	NA	NA	NA	100	100	0	NA
QIAamp	Genus	Paragibellulopsis	ITSxpress	PE	1	1	1	1509	2.1158457073150214	2.1158457073150214	169	169	NA	NA	NA	100	100	0	NA
QIAamp	Genus	Paragibellulopsis	ITSxpress	SE	1	1	1	1510	2.1138689401257125	2.1138689401257125	169	169	NA	NA	NA	100	100	0	NA
QIAamp	Genus	Penicillium	Cutadapt	PE	1	3	3	2160	0.5086182537439955	0.6732127719694829	281	281	99.822	100	281	66.66666666666666	100	66.66666666666666	50
QIAamp	Genus	Penicillium	Cutadapt	SE	1	3	3	2171	0.5094091698343424	0.6757708010699705	228	228	99.7805	100	228	100	100	66.66666666666666	50
QIAamp	Genus	Penicillium	ITSxpress	PE	1	3	3	2155	1.0072117294596579	1.3376519581037312	170	167	100	100	165	100	100	66.66666666666666	100
QIAamp	Genus	Penicillium	ITSxpress	SE	1	3	3	2157	1.0065375946691306	1.3369171111391094	170	167	100	100	165	100	100	66.66666666666666	100
QIAamp	Genus	Peniophoraceae_f	Cutadapt	PE	1	3	3	3952	0.9305830272204955	1.4580389940661205	286	286.3333333333333	NA	NA	NA	0	0	0	NA
QIAamp	Genus	Peniophoraceae_f	Cutadapt	SE	1	3	3	3967	0.9308273499460322	1.4599465014782487	228	228	NA	NA	NA	0	0	0	NA
QIAamp	Genus	Peniophoraceae_f	ITSxpress	PE	1	3	3	3940	1.8414915146501398	2.881420098430993	191	191.33333333333334	NA	NA	NA	0	0	0	NA
QIAamp	Genus	Peniophoraceae_f	ITSxpress	SE	1	3	3	3950	1.8432190537520006	2.8824212898800274	173	173	NA	NA	NA	0	0	0	NA
QIAamp	Genus	Plagiostoma	Cutadapt	PE	1	1	1	65	0.045916925685221814	0.045916925685221814	272	272	NA	NA	NA	0	100	0	NA
QIAamp	Genus	Polyporales_o	Cutadapt	PE	1	1	1	1688	1.192427239333145	1.192427239333145	304	304	NA	NA	NA	0	0	0	NA
QIAamp	Genus	Polyporales_o	Cutadapt	SE	1	1	1	1694	1.1924538927213852	1.1924538927213852	228	228	NA	NA	NA	0	0	0	NA
QIAamp	Genus	Polyporales_o	ITSxpress	PE	1	1	1	1685	2.362624265623466	2.362624265623466	209	209	NA	NA	NA	0	0	0	NA
QIAamp	Genus	Polyporales_o	ITSxpress	SE	1	1	1	1687	2.3616535774781964	2.3616535774781964	173	173	NA	NA	NA	0	0	0	NA
QIAamp	Genus	Rhizoplaca	Cutadapt	PE	1	1	1	5	0.0035320712065555243	0.0035320712065555243	517	517	NA	NA	NA	100	100	0	NA
QIAamp	Genus	Rhizoplaca	Cutadapt	SE	1	1	1	5	0.003519639588906096	0.003519639588906096	297	297	NA	NA	NA	100	100	0	NA
QIAamp	Genus	Rhodotorula	Cutadapt	PE	1	1	1	280	0.19779598756710934	0.19779598756710934	311	311	100	100	311	100	100	100	0
QIAamp	Genus	Rhodotorula	Cutadapt	SE	1	1	1	280	0.19709981697874135	0.19709981697874135	225	225	100	100	225	100	100	100	100
QIAamp	Genus	Rhodotorula	ITSxpress	PE	1	1	1	277	0.38839579915590516	0.38839579915590516	218	218	100	100	218	100	100	100	0
QIAamp	Genus	Rhodotorula	ITSxpress	SE	1	1	1	277	0.38777595789061076	0.38777595789061076	171	171	100	100	171	100	100	100	100
QIAamp	Genus	Schizophyllum	Cutadapt	PE	1	1	1	1352	0.9550720542526138	0.9550720542526138	334	334	NA	NA	NA	100	100	0	NA
QIAamp	Genus	Schizophyllum	Cutadapt	SE	1	1	1	1355	0.953822328593552	0.953822328593552	228	228	NA	NA	NA	100	100	0	NA
QIAamp	Genus	Schizophyllum	ITSxpress	PE	1	1	1	1349	1.891501563398253	1.891501563398253	239	239	NA	NA	NA	100	100	0	NA
QIAamp	Genus	Schizophyllum	ITSxpress	SE	1	1	1	1350	1.8898828272647095	1.8898828272647095	173	173	NA	NA	NA	100	100	0	NA
QIAamp	Genus	Sporobolomyces	Cutadapt	PE	1	1	1	1800	1.2715456343599887	1.2715456343599887	299	299	99.666	100	299	0	100	100	0
QIAamp	Genus	Sporobolomyces	Cutadapt	SE	1	1	1	1802	1.268478107841757	1.268478107841757	228	228	100	100	228	0	100	100	0
QIAamp	Genus	Sporobolomyces	ITSxpress	PE	1	1	1	1794	2.515458713666765	2.515458713666765	199	199	100	100	199	0	100	100	0
QIAamp	Genus	Sporobolomyces	ITSxpress	SE	1	1	1	1796	2.5142441168647545	2.5142441168647545	173	173	100	100	173	0	100	100	0
QIAamp	Genus	Steccherinum	Cutadapt	PE	1	1	1	1252	0.8844306301215031	0.8844306301215031	295	295	NA	NA	NA	100	100	0	NA
QIAamp	Genus	Steccherinum	Cutadapt	SE	1	1	1	1260	0.8869491764043361	0.8869491764043361	228	228	NA	NA	NA	100	100	0	NA
QIAamp	Genus	Steccherinum	ITSxpress	PE	1	1	1	1252	1.755492926148712	1.755492926148712	200	200	NA	NA	NA	100	100	0	NA
QIAamp	Genus	Steccherinum	ITSxpress	SE	1	1	1	1257	1.759690899164252	1.759690899164252	173	173	NA	NA	NA	100	100	0	NA
QIAamp	Genus	Stereaceae_f	Cutadapt	PE	1	1	1	1097	0.774936422718282	0.774936422718282	300	300	NA	NA	NA	0	0	0	NA
QIAamp	Genus	Stereaceae_f	Cutadapt	SE	1	1	1	1102	0.7757285653949035	0.7757285653949035	228	228	NA	NA	NA	0	0	0	NA
QIAamp	Genus	Stereaceae_f	ITSxpress	PE	1	1	1	1093	1.5325509331314235	1.5325509331314235	205	205	NA	NA	NA	0	0	0	NA
QIAamp	Genus	Stereaceae_f	ITSxpress	SE	1	1	1	1094	1.5315050466871054	1.5315050466871054	173	173	NA	NA	NA	0	0	0	NA
QIAamp	Genus	Talaromyces	Cutadapt	PE	1	2	2	841	0.2970471884713196	0.5813789205990393	275.5	275.5	99.281	100	278	100	100	50	0
QIAamp	Genus	Talaromyces	Cutadapt	SE	1	1	1	854	0.6011544417851612	0.6011544417851612	228	228	99.123	100	228	0	100	100	0
QIAamp	Genus	Talaromyces	ITSxpress	PE	1	1	1	844	1.1834153591609529	1.1834153591609529	157	157	NA	NA	NA	0	100	0	NA
QIAamp	Genus	Talaromyces	ITSxpress	SE	1	1	1	848	1.187126398163314	1.187126398163314	157	157	NA	NA	NA	0	100	0	NA
QIAamp	Genus	Trametes	Cutadapt	PE	1	1	1	1969	1.3909296411415655	1.3909296411415655	285	285	99.301	100	286	100	100	100	0
QIAamp	Genus	Trametes	Cutadapt	SE	1	1	1	1975	1.3902576376179079	1.3902576376179079	228	228	99.127	100	229	100	100	100	0
QIAamp	Genus	Trametes	ITSxpress	PE	1	1	1	1965	2.7552265174778108	2.7552265174778108	190	190	NA	NA	NA	100	100	0	NA
QIAamp	Genus	Trametes	ITSxpress	SE	1	1	1	1968	2.755029188190332	2.755029188190332	173	173	NA	NA	NA	100	100	0	NA
QIAamp	Genus	Trechispora	Cutadapt	PE	1	1	1	198	0.13987001977959876	0.13987001977959876	294	294	NA	NA	NA	0	100	0	NA
QIAamp	Genus	Trechispora	Cutadapt	SE	1	2	2	231	0.08130367450373083	0.1393777277206814	228	228	NA	NA	NA	0	100	0	NA
QIAamp	Genus	Trechispora	ITSxpress	PE	1	2	2	230	0.1612473534401772	0.276223727197521	199	199	NA	NA	NA	0	100	0	NA
QIAamp	Genus	Trechispora	ITSxpress	SE	1	2	2	230	0.16099001861884563	0.2757829014601095	173	173	NA	NA	NA	0	100	0	NA
QIAamp	Genus	Xeromyces	Cutadapt	PE	1	1	1	527	0.37228030517095223	0.37228030517095223	281	281	100	100	281	100	100	100	0
QIAamp	Genus	Xeromyces	Cutadapt	SE	1	1	1	527	0.3709700126707025	0.3709700126707025	228	228	100	100	228	100	100	100	0
QIAamp	Genus	Xeromyces	ITSxpress	PE	1	1	1	526	0.7375313731263758	0.7375313731263758	174	174	100	100	174	100	100	100	0
QIAamp	Genus	Xeromyces	ITSxpress	SE	1	1	1	526	0.7363543460305462	0.7363543460305462	173	173	100	100	173	100	100	100	0
QIAamp	Genus	Xylodon	Cutadapt	PE	1	1	1	1248	0.8816049731562587	0.8816049731562587	281	281	NA	NA	NA	100	100	0	NA
QIAamp	Genus	Xylodon	Cutadapt	SE	1	1	1	1251	0.8806138251443052	0.8806138251443052	228	228	NA	NA	NA	100	100	0	NA
QIAamp	Genus	Xylodon	ITSxpress	PE	1	1	1	1248	1.7498843225507927	1.7498843225507927	183	183	NA	NA	NA	100	100	0	NA
QIAamp	Genus	Xylodon	ITSxpress	SE	1	1	1	1250	1.7498915067265828	1.7498915067265828	173	173	NA	NA	NA	100	100	0	NA
QIAamp	Species	Ascomycota_p	Cutadapt	PE	1	37	37	44308	0.8459406001084441	19.094376942639162	394	395.13513513513516	NA	NA	NA	0	0	0	NA
QIAamp	Species	Ascomycota_p	Cutadapt	SE	1	28	28	52061	1.3088282617002875	19.1454315078136	301	294.60714285714283	NA	NA	NA	0	0	0	NA
QIAamp	Species	Aspergillus_cibarius	Cutadapt	SE	1	1	1	3132	2.2047022384907784	2.2047022384907784	228	228	100	100	228	0	100	100	100
QIAamp	Species	Aspergillus_ruber	Cutadapt	PE	1	2	2	3120	1.1020062164453237	2.1905905623057365	279.5	279.5	100	99.5	278	100	100	100	100
QIAamp	Species	Aspergillus_ruber	ITSxpress	PE	1	1	1	3110	4.3606892973821845	4.3606892973821845	164	164	100	100	164	100	100	100	100
QIAamp	Species	Aspergillus_ruber	ITSxpress	SE	1	1	1	3113	4.357929808351882	4.357929808351882	164	164	100	100	164	100	100	100	100
QIAamp	Species	Aureobasidium_intercalariosporum	Cutadapt	PE	1	1	1	18	0.012715456343599888	0.012715456343599888	268	268	99.627	100	268	0	0	100	0
QIAamp	Species	Aureobasidium_pullulans	Cutadapt	PE	1	1	1	649	0.45846284261090703	0.45846284261090703	281	281	99.644	100	281	100	100	100	0
QIAamp	Species	Aureobasidium_pullulans	Cutadapt	SE	1	1	1	668	0.47022384907785447	0.47022384907785447	228	228	99.561	100	228	100	100	100	0
QIAamp	Species	Aureobasidium_pullulans	ITSxpress	PE	1	1	1	667	0.935234649953028	0.935234649953028	154	154	99.351	100	154	100	100	100	0
QIAamp	Species	Aureobasidium_pullulans	ITSxpress	SE	1	1	1	667	0.9337421079893047	0.9337421079893047	154	154	99.351	100	154	100	100	100	0
QIAamp	Species	Biscogniauxia_atropunctata	Cutadapt	PE	1	2	2	1359	0.48000847697089577	0.936705283978525	275	275	NA	NA	NA	100	100	0	NA
QIAamp	Species	Biscogniauxia_atropunctata	Cutadapt	SE	1	1	1	1366	0.9615655356891455	0.9615655356891455	228	228	NA	NA	NA	100	100	0	NA
QIAamp	Species	Biscogniauxia_atropunctata	ITSxpress	PE	1	1	1	1356	1.9013166196946114	1.9013166196946114	155	155	NA	NA	NA	100	100	0	NA
QIAamp	Species	Biscogniauxia_atropunctata	ITSxpress	SE	1	1	1	1361	1.9052818725239034	1.9052818725239034	155	155	NA	NA	NA	100	100	0	NA
QIAamp	Species	Bjerkandera_adusta	Cutadapt	PE	1	1	1	770	0.5439389658095507	0.5439389658095507	281	281	NA	NA	NA	100	100	0	NA
QIAamp	Species	Bjerkandera_adusta	Cutadapt	SE	1	1	1	771	0.54272842460932	0.54272842460932	228	228	NA	NA	NA	100	100	0	NA
QIAamp	Species	Bjerkandera_adusta	ITSxpress	PE	1	1	1	770	1.0796561925994475	1.0796561925994475	186	186	NA	NA	NA	100	100	0	NA
QIAamp	Species	Bjerkandera_adusta	ITSxpress	SE	1	1	1	770	1.077933168143575	1.077933168143575	173	173	NA	NA	NA	100	100	0	NA
QIAamp	Species	Boeremia_lycopersici	Cutadapt	SE	1	1	1	80	0.056314233422497535	0.056314233422497535	261	261	99.6	100	250	0	0	100	0
QIAamp	Species	Burgoa_g	ITSxpress	PE	1	1	1	374	0.5244044364054459	0.5244044364054459	210	210	NA	NA	NA	0	100	0	NA
QIAamp	Species	Burgoa_verzuoliana	Cutadapt	PE	1	1	1	373	0.2634925120090421	0.2634925120090421	305	305	NA	NA	NA	100	100	0	NA
QIAamp	Species	Candida_dubliniensis	Cutadapt	PE	1	2	2	1340	0.47329754167844024	0.9268154846001695	275	275	100	100	281	100	100	50	0
QIAamp	Species	Candida_dubliniensis	Cutadapt	SE	1	1	1	1342	0.9446712656623961	0.9446712656623961	228	228	100	100	228	100	100	100	0
QIAamp	Species	Candida_dubliniensis	ITSxpress	PE	1	1	1	1341	1.8802843562024145	1.8802843562024145	155	155	100	100	155	100	100	100	0
QIAamp	Species	Candida_dubliniensis	ITSxpress	SE	1	1	1	1341	1.8772836084162783	1.8772836084162783	155	155	100	100	155	100	100	100	0
QIAamp	Species	Candolleomyces_g	Cutadapt	SE	1	1	1	307	0.2161058707588343	0.2161058707588343	228	228	NA	NA	NA	0	100	0	NA
QIAamp	Species	Candolleomyces_g	ITSxpress	PE	1	1	1	306	0.4290581752408194	0.4290581752408194	206	206	NA	NA	NA	0	100	0	NA
QIAamp	Species	Candolleomyces_g	ITSxpress	SE	1	1	1	306	0.42837344084666756	0.42837344084666756	173	173	NA	NA	NA	0	100	0	NA
QIAamp	Species	Candolleomyces_subminutisporus	Cutadapt	PE	1	1	1	2716	1.9186210794009606	1.9186210794009606	292	292	100	100	292	100	100	100	0
QIAamp	Species	Candolleomyces_subminutisporus	Cutadapt	SE	1	1	1	2728	1.920315359707166	1.920315359707166	228	228	100	100	228	100	100	100	0
QIAamp	Species	Candolleomyces_subminutisporus	ITSxpress	PE	1	1	1	2711	3.8012310884897436	3.8012310884897436	197	197	100	100	197	100	100	100	0
QIAamp	Species	Candolleomyces_subminutisporus	ITSxpress	SE	1	1	1	2712	3.7965646129939947	3.7965646129939947	173	173	100	100	173	100	100	100	0
QIAamp	Species	Candolleomyces_sulcatotuberculosus	Cutadapt	PE	1	1	1	307	0.2168691720825092	0.2168691720825092	301	301	NA	NA	NA	100	100	0	NA
QIAamp	Species	Ceriporia_nanlingensis	Cutadapt	PE	1	1	1	773	0.546058208533484	0.546058208533484	305	305	NA	NA	NA	100	100	0	NA
QIAamp	Species	Ceriporia_nanlingensis	Cutadapt	SE	1	1	1	776	0.5462480641982261	0.5462480641982261	228	228	NA	NA	NA	100	100	0	NA
QIAamp	Species	Ceriporia_nanlingensis	ITSxpress	PE	1	1	1	774	1.0852647961973667	1.0852647961973667	210	210	NA	NA	NA	100	100	0	NA
QIAamp	Species	Ceriporia_nanlingensis	ITSxpress	SE	1	1	1	774	1.0835328209651	1.0835328209651	173	173	NA	NA	NA	100	100	0	NA
QIAamp	Species	Cladosporium_angustisporum	Cutadapt	SE	1	1	1	2403	1.6915387864282698	1.6915387864282698	228	228	99.561	100	228	0	0	100	100
QIAamp	Species	Cladosporium_angustisporum	ITSxpress	PE	1	2	2	5136	3.6007235098641313	4.024173081507032	148	148	99.662	100	148	0	50	100	100
QIAamp	Species	Cladosporium_angustisporum	ITSxpress	SE	1	2	2	5140	3.5977769378298547	4.019150812649616	148	148	99.662	100	148	0	50	100	100
QIAamp	Species	Cladosporium_colocasiae	Cutadapt	SE	1	1	1	1552	1.0924961283964523	1.0924961283964523	228	228	100	100	228	0	0	100	100
QIAamp	Species	Cladosporium_colocasiae	ITSxpress	PE	1	1	1	1552	2.1761381959926527	2.1761381959926527	148	148	100	100	148	0	0	100	100
QIAamp	Species	Cladosporium_colocasiae	ITSxpress	SE	1	1	1	1552	2.1726652947517255	2.1726652947517255	148	148	100	100	148	0	0	100	100
QIAamp	Species	Cladosporium_colombiae	Cutadapt	PE	1	3	3	5011	1.1799472544033156	1.6473580107374965	281	281	99.644	100	281	0	0	100	100
QIAamp	Species	Cladosporium_herbarum	Cutadapt	SE	1	1	1	2271	1.5986203012811488	1.5986203012811488	228	228	100	100	228	100	100	100	100
QIAamp	Species	Cladosporium_ossifragi	Cutadapt	PE	1	1	1	63	0.0445040972025996	0.0445040972025996	262	262	99.237	100	262	0	0	100	0
QIAamp	Species	Cladosporium_tenuissimum	Cutadapt	PE	1	1	1	1517	1.071630404068946	1.071630404068946	281	281	100	99	279	0	0	100	100
QIAamp	Species	Crepidotus_g	Cutadapt	PE	1	1	1	1587	1.1210794009607232	1.1210794009607232	320	320	NA	NA	NA	0	100	0	NA
QIAamp	Species	Crepidotus_g	Cutadapt	SE	1	1	1	1593	1.1213571730254823	1.1213571730254823	228	228	NA	NA	NA	0	100	0	NA
QIAamp	Species	Crepidotus_g	ITSxpress	PE	1	1	1	1581	2.2168005720775668	2.2168005720775668	225	225	NA	NA	NA	0	100	0	NA
QIAamp	Species	Crepidotus_g	ITSxpress	SE	1	1	1	1584	2.217462517323926	2.217462517323926	173	173	NA	NA	NA	0	100	0	NA
QIAamp	Species	Cystobasidium_slooffiae	Cutadapt	PE	1	2	2	1464	0.5170952246397287	0.8144956202317039	297	297	99.495	100	297	100	100	100	0
QIAamp	Species	Cystobasidium_slooffiae	Cutadapt	SE	1	1	1	1467	1.0326622553850484	1.0326622553850484	228	228	99.561	100	228	100	100	100	0
QIAamp	Species	Cystobasidium_slooffiae	ITSxpress	PE	1	1	1	1462	2.0499446150394705	2.0499446150394705	202	202	99.505	100	202	100	100	100	0
QIAamp	Species	Cystobasidium_slooffiae	ITSxpress	SE	1	1	1	1462	2.0466731062674115	2.0466731062674115	173	173	99.422	100	173	100	100	100	0
QIAamp	Species	Daedaleopsis_confragosa	Cutadapt	PE	1	1	1	1902	1.3435998869737213	1.3435998869737213	297	297	NA	NA	NA	100	100	0	NA
QIAamp	Species	Daedaleopsis_confragosa	Cutadapt	SE	1	1	1	1909	1.3437983950443475	1.3437983950443475	228	228	NA	NA	NA	100	100	0	NA
QIAamp	Species	Daedaleopsis_confragosa	ITSxpress	PE	1	1	1	1895	2.657075954514225	2.657075954514225	202	202	NA	NA	NA	100	100	0	NA
QIAamp	Species	Daedaleopsis_confragosa	ITSxpress	SE	1	1	1	1898	2.6570352638136434	2.6570352638136434	173	173	NA	NA	NA	100	100	0	NA
QIAamp	Species	Debaryomyces_delbrueckii	Cutadapt	PE	1	1	1	1237	0.8738344165018367	0.8738344165018367	352	352	100	100	352	100	100	100	0
QIAamp	Species	Debaryomyces_delbrueckii	Cutadapt	SE	1	1	1	1239	0.8721666901309306	0.8721666901309306	228	228	100	100	228	100	100	100	0
QIAamp	Species	Debaryomyces_delbrueckii	ITSxpress	PE	1	1	1	1229	1.7232434554606768	1.7232434554606768	257	257	100	100	257	100	100	100	0
QIAamp	Species	Debaryomyces_delbrueckii	ITSxpress	SE	1	1	1	1230	1.7218932426189575	1.7218932426189575	173	173	100	100	173	100	100	100	0
QIAamp	Species	Didymellaceae_f	Cutadapt	PE	1	2	2	147	0.0519214467363662	0.05439389658095507	275	275	NA	NA	NA	0	0	0	NA
QIAamp	Species	Epicoccum_pimprinum	ITSxpress	PE	1	1	1	80	0.11217207195838416	0.11217207195838416	154	154	100	100	154	100	100	100	100
QIAamp	Species	Epicoccum_pimprinum	ITSxpress	SE	1	1	1	83	0.1161927960466451	0.1161927960466451	154	154	100	100	154	100	100	100	100
QIAamp	Species	Fungi_k	Cutadapt	PE	1	52	52	28447	0.3864493446649423	7.9160779881322405	305	301.28846153846155	NA	NA	NA	0	0	0	NA
QIAamp	Species	Fungi_k	Cutadapt	SE	1	66	66	21350	0.22771001582771255	4.610023933549204	301	261.06060606060606	NA	NA	NA	0	0	0	NA
QIAamp	Species	Fungi_k	ITSxpress	PE	1	1	1	2598	3.642788036848526	3.642788036848526	202	202	NA	NA	NA	0	0	0	NA
QIAamp	Species	Fungi_k	ITSxpress	SE	1	1	1	2599	3.6383744207859117	3.6383744207859117	173	173	NA	NA	NA	0	0	0	NA
QIAamp	Species	Fuscoporia_karsteniana	Cutadapt	PE	1	1	1	980	0.6922859564848828	0.6922859564848828	317	317	NA	NA	NA	100	100	0	NA
QIAamp	Species	Fuscoporia_karsteniana	Cutadapt	SE	1	1	1	983	0.6919611431789384	0.6919611431789384	228	228	100	100	228	100	100	100	0
QIAamp	Species	Fuscoporia_karsteniana	ITSxpress	PE	1	1	1	973	1.3642928251938473	1.3642928251938473	222	222	100	100	222	100	100	100	0
QIAamp	Species	Fuscoporia_karsteniana	ITSxpress	SE	1	1	1	974	1.3635154620413534	1.3635154620413534	173	173	100	100	173	100	100	100	0
QIAamp	Species	Helotiales_o	Cutadapt	PE	1	2	2	850	0.30022605255721957	0.5884430630121503	270.5	270.5	NA	NA	NA	0	0	0	NA
QIAamp	Species	Helotiales_o	Cutadapt	SE	1	1	1	853	0.60045051386738	0.60045051386738	228	228	NA	NA	NA	0	0	0	NA
QIAamp	Species	Helotiales_o	ITSxpress	PE	1	1	1	851	1.1932304154573117	1.1932304154573117	146	146	NA	NA	NA	0	0	0	NA
QIAamp	Species	Helotiales_o	ITSxpress	SE	1	1	1	852	1.192726050984839	1.192726050984839	146	146	NA	NA	NA	0	0	0	NA
QIAamp	Species	Hydnaceae_f	Cutadapt	SE	1	1	1	374	0.263269041250176	0.263269041250176	228	228	NA	NA	NA	0	0	0	NA
QIAamp	Species	Hydnaceae_f	ITSxpress	SE	1	1	1	374	0.5235675388125937	0.5235675388125937	173	173	NA	NA	NA	0	0	0	NA
QIAamp	Species	Irpex_g	ITSxpress	PE	1	2	2	2800	1.963011259271723	3.1688610328243527	199	199	NA	NA	NA	0	100	0	NA
QIAamp	Species	Irpex_hacksungii	Cutadapt	SE	1	3	3	10068	2.3623820920737715	4.442489089117274	228	228	NA	NA	NA	100	100	0	NA
QIAamp	Species	Irpex_hacksungii	ITSxpress	PE	1	3	3	9986	4.6672929607351	8.764845272648241	207	207	NA	NA	NA	100	100	0	NA
QIAamp	Species	Irpex_hacksungii	ITSxpress	SE	1	3	3	10029	4.679909845589574	8.78865510338359	173	173	NA	NA	NA	100	100	0	NA
QIAamp	Species	Irpex_hydnoides	Cutadapt	PE	1	3	3	10002	2.3551850805312236	4.427098050296694	302	302	NA	NA	NA	100	100	0	NA
QIAamp	Species	Irpex_laceratus	Cutadapt	PE	1	2	2	2802	0.9896863520768577	1.599321842328341	294	294	NA	NA	NA	100	100	0	NA
QIAamp	Species	Irpex_laceratus	Cutadapt	SE	1	2	2	2810	0.9890187244826129	1.5993242291989298	228	228	NA	NA	NA	100	100	0	NA
QIAamp	Species	Irpex_laceratus	ITSxpress	SE	1	2	2	2803	1.9619783573418448	3.1680035837778058	173	173	NA	NA	NA	100	100	0	NA
QIAamp	Species	Kazachstania_servazzii	Cutadapt	PE	1	1	1	1273	0.8992653291890365	0.8992653291890365	336	336	NA	NA	NA	100	100	0	NA
QIAamp	Species	Kazachstania_servazzii	Cutadapt	SE	1	1	1	1276	0.8982120230888356	0.8982120230888356	228	228	100	100	228	100	100	100	0
QIAamp	Species	Kazachstania_servazzii	ITSxpress	PE	1	1	1	1267	1.776525189640909	1.776525189640909	241	241	100	100	241	100	100	100	0
QIAamp	Species	Kazachstania_servazzii	ITSxpress	SE	1	1	1	1269	1.7764898576288273	1.7764898576288273	173	173	100	100	173	100	100	100	0
QIAamp	Species	Lecanorales_o	Cutadapt	SE	1	1	1	20	0.014078558355624384	0.014078558355624384	301	301	NA	NA	NA	0	0	0	NA
QIAamp	Species	Lecanoromycetes_c	Cutadapt	PE	1	1	1	100	0.07064142413111048	0.07064142413111048	394	394	NA	NA	NA	0	0	0	NA
QIAamp	Species	Malassezia_sympodialis	Cutadapt	PE	1	1	1	1621	1.1450974851653009	1.1450974851653009	327	327	100	100	327	100	100	100	0
QIAamp	Species	Malassezia_sympodialis	Cutadapt	SE	1	1	1	1625	1.1438828663944811	1.1438828663944811	228	228	100	100	228	100	100	100	0
QIAamp	Species	Malassezia_sympodialis	ITSxpress	PE	1	1	1	1617	2.26727800445884	2.26727800445884	232	232	100	100	232	100	100	100	0
QIAamp	Species	Malassezia_sympodialis	ITSxpress	SE	1	1	1	1619	2.2664594795122706	2.2664594795122706	173	173	100	100	173	100	100	100	0
QIAamp	Species	Metschnikowia_g	Cutadapt	SE	1	1	1	8	0.005631423342249754	0.005631423342249754	301	301	NA	NA	NA	0	100	0	NA
QIAamp	Species	Mucor_circinelloides	Cutadapt	PE	1	1	1	171	0.12079683526419892	0.12079683526419892	281	281	99.644	100	281	100	100	100	0
QIAamp	Species	Mucor_circinelloides	Cutadapt	SE	1	1	1	171	0.1203716739405885	0.1203716739405885	229	229	100	100	229	100	100	100	0
QIAamp	Species	Mucor_circinelloides	ITSxpress	PE	1	1	1	170	0.23836565291156633	0.23836565291156633	184	184	99.457	100	184	100	100	100	0
QIAamp	Species	Mucor_circinelloides	ITSxpress	SE	1	1	1	170	0.23798524491481526	0.23798524491481526	174	174	100	100	174	100	100	100	0
QIAamp	Species	Mucor_g	Cutadapt	PE	1	1	1	1292	0.9126871997739474	0.9126871997739474	281	281	NA	NA	NA	0	100	0	NA
QIAamp	Species	Mucor_nidicola	Cutadapt	SE	1	1	1	1295	0.911586653526679	0.911586653526679	229	229	NA	NA	NA	100	100	0	NA
QIAamp	Species	Mucor_nidicola	ITSxpress	PE	1	1	1	1291	1.8101768112284244	1.8101768112284244	177	177	NA	NA	NA	100	100	0	NA
QIAamp	Species	Mucor_nidicola	ITSxpress	SE	1	1	1	1292	1.808687861352596	1.808687861352596	174	174	NA	NA	NA	100	100	0	NA
QIAamp	Species	Neodidymella_thailandicum	Cutadapt	PE	1	1	1	3124	2.2068380898558915	2.2068380898558915	281	281	100	100	281	0	0	100	100
QIAamp	Species	Neodidymella_thailandicum	Cutadapt	SE	1	1	1	3214	2.2624243277488385	2.2624243277488385	228	228	100	100	228	0	0	100	100
QIAamp	Species	Neodidymella_thailandicum	ITSxpress	PE	1	1	1	3200	4.486882878335367	4.486882878335367	155	155	100	100	155	0	0	100	100
QIAamp	Species	Neodidymella_thailandicum	ITSxpress	SE	1	1	1	3204	4.485321910041577	4.485321910041577	155	155	100	100	155	0	0	100	100
QIAamp	Species	Ophiognomonia_asiatica	Cutadapt	SE	1	1	1	2358	1.6598620301281146	1.6598620301281146	228	228	NA	NA	NA	100	100	0	NA
QIAamp	Species	Ophiognomonia_g	Cutadapt	PE	1	1	1	2293	1.6198078553263633	1.6198078553263633	278	278	NA	NA	NA	0	100	0	NA
QIAamp	Species	Ophiognomonia_pseudoischnostyla	ITSxpress	PE	1	1	1	2355	3.302065368274934	3.302065368274934	159	159	99.363	99	157	0	100	100	100
QIAamp	Species	Ophiognomonia_pseudoischnostyla	ITSxpress	SE	1	1	1	2355	3.2967955986728823	3.2967955986728823	159	159	99.363	99	157	0	100	100	100
QIAamp	Species	Paragibellulopsis_chrysanthemi	Cutadapt	PE	1	2	2	1510	0.5333427521898841	1.0624470189319017	282	282	NA	NA	NA	100	100	0	NA
QIAamp	Species	Paragibellulopsis_chrysanthemi	Cutadapt	SE	1	1	1	1516	1.0671547233563283	1.0671547233563283	228	228	NA	NA	NA	100	100	0	NA
QIAamp	Species	Paragibellulopsis_chrysanthemi	ITSxpress	PE	1	1	1	1509	2.1158457073150214	2.1158457073150214	169	169	NA	NA	NA	100	100	0	NA
QIAamp	Species	Paragibellulopsis_chrysanthemi	ITSxpress	SE	1	1	1	1510	2.1138689401257125	2.1138689401257125	169	169	NA	NA	NA	100	100	0	NA
QIAamp	Species	Penicillium_brevicompactum	Cutadapt	PE	1	1	1	953	0.6732127719694829	0.6732127719694829	281	281	100	100	281	100	100	100	100
QIAamp	Species	Penicillium_citrinum	Cutadapt	SE	1	1	1	911	0.6412783330986908	0.6412783330986908	228	228	NA	NA	NA	100	100	0	NA
QIAamp	Species	Penicillium_citrinum	ITSxpress	PE	1	1	1	901	1.2633379604313015	1.2633379604313015	171	171	NA	NA	NA	100	100	0	NA
QIAamp	Species	Penicillium_citrinum	ITSxpress	SE	1	1	1	902	1.2627217112539022	1.2627217112539022	171	171	NA	NA	NA	100	100	0	NA
QIAamp	Species	Penicillium_g	Cutadapt	PE	1	1	1	908	0.6414241311104832	0.6414241311104832	281	281	NA	NA	NA	0	100	0	NA
QIAamp	Species	Penicillium_patris-mei	Cutadapt	SE	1	1	1	960	0.6757708010699705	0.6757708010699705	228	228	100	100	228	100	100	100	100
QIAamp	Species	Penicillium_patris-mei	ITSxpress	PE	1	1	1	954	1.3376519581037312	1.3376519581037312	160	160	100	100	160	100	100	100	100
QIAamp	Species	Penicillium_patris-mei	ITSxpress	SE	1	1	1	955	1.3369171111391094	1.3369171111391094	160	160	100	100	160	100	100	100	100
QIAamp	Species	Penicillium_sumatraense	Cutadapt	PE	1	1	1	299	0.21121785815202032	0.21121785815202032	281	281	99.644	100	281	100	100	100	0
QIAamp	Species	Penicillium_sumatraense	Cutadapt	SE	1	1	1	300	0.2111783753343658	0.2111783753343658	228	228	99.561	100	228	100	100	100	0
QIAamp	Species	Penicillium_sumatraense	ITSxpress	PE	1	1	1	300	0.42064526984394063	0.42064526984394063	170	170	100	100	170	100	100	100	100
QIAamp	Species	Penicillium_sumatraense	ITSxpress	SE	1	1	1	300	0.41997396161437994	0.41997396161437994	170	170	100	100	170	100	100	100	100
QIAamp	Species	Peniophoraceae_f	Cutadapt	PE	1	3	3	3952	0.9305830272204955	1.4580389940661205	286	286.3333333333333	NA	NA	NA	0	0	0	NA
QIAamp	Species	Peniophoraceae_f	Cutadapt	SE	1	3	3	3967	0.9308273499460322	1.4599465014782487	228	228	NA	NA	NA	0	0	0	NA
QIAamp	Species	Peniophoraceae_f	ITSxpress	PE	1	3	3	3940	1.8414915146501398	2.881420098430993	191	191.33333333333334	NA	NA	NA	0	0	0	NA
QIAamp	Species	Peniophoraceae_f	ITSxpress	SE	1	3	3	3950	1.8432190537520006	2.8824212898800274	173	173	NA	NA	NA	0	0	0	NA
QIAamp	Species	Plagiostoma_g	Cutadapt	PE	1	1	1	65	0.045916925685221814	0.045916925685221814	272	272	NA	NA	NA	0	100	0	NA
QIAamp	Species	Polyporales_o	Cutadapt	PE	1	1	1	1688	1.192427239333145	1.192427239333145	304	304	NA	NA	NA	0	0	0	NA
QIAamp	Species	Polyporales_o	Cutadapt	SE	1	1	1	1694	1.1924538927213852	1.1924538927213852	228	228	NA	NA	NA	0	0	0	NA
QIAamp	Species	Polyporales_o	ITSxpress	PE	1	1	1	1685	2.362624265623466	2.362624265623466	209	209	NA	NA	NA	0	0	0	NA
QIAamp	Species	Polyporales_o	ITSxpress	SE	1	1	1	1687	2.3616535774781964	2.3616535774781964	173	173	NA	NA	NA	0	0	0	NA
QIAamp	Species	Rhizoplaca_novomexicana	Cutadapt	PE	1	1	1	5	0.0035320712065555243	0.0035320712065555243	517	517	NA	NA	NA	100	100	0	NA
QIAamp	Species	Rhizoplaca_novomexicana	Cutadapt	SE	1	1	1	5	0.003519639588906096	0.003519639588906096	297	297	NA	NA	NA	100	100	0	NA
QIAamp	Species	Rhodotorula_mucilaginosa	Cutadapt	PE	1	1	1	280	0.19779598756710934	0.19779598756710934	311	311	100	100	311	100	100	100	0
QIAamp	Species	Rhodotorula_mucilaginosa	Cutadapt	SE	1	1	1	280	0.19709981697874135	0.19709981697874135	225	225	100	100	225	100	100	100	100
QIAamp	Species	Rhodotorula_mucilaginosa	ITSxpress	PE	1	1	1	277	0.38839579915590516	0.38839579915590516	218	218	100	100	218	100	100	100	0
QIAamp	Species	Rhodotorula_mucilaginosa	ITSxpress	SE	1	1	1	277	0.38777595789061076	0.38777595789061076	171	171	100	100	171	100	100	100	100
QIAamp	Species	Schizophyllum_commune	Cutadapt	PE	1	1	1	1352	0.9550720542526138	0.9550720542526138	334	334	NA	NA	NA	100	100	0	NA
QIAamp	Species	Schizophyllum_commune	Cutadapt	SE	1	1	1	1355	0.953822328593552	0.953822328593552	228	228	NA	NA	NA	100	100	0	NA
QIAamp	Species	Schizophyllum_commune	ITSxpress	PE	1	1	1	1349	1.891501563398253	1.891501563398253	239	239	NA	NA	NA	100	100	0	NA
QIAamp	Species	Schizophyllum_commune	ITSxpress	SE	1	1	1	1350	1.8898828272647095	1.8898828272647095	173	173	NA	NA	NA	100	100	0	NA
QIAamp	Species	Sporobolomyces_phaffii	Cutadapt	SE	1	1	1	1802	1.268478107841757	1.268478107841757	228	228	100	100	228	0	100	100	0
QIAamp	Species	Sporobolomyces_phaffii	ITSxpress	PE	1	1	1	1794	2.515458713666765	2.515458713666765	199	199	100	100	199	0	100	100	0
QIAamp	Species	Sporobolomyces_phaffii	ITSxpress	SE	1	1	1	1796	2.5142441168647545	2.5142441168647545	173	173	100	100	173	0	100	100	0
QIAamp	Species	Sporobolomyces_ruberrimus	Cutadapt	PE	1	1	1	1800	1.2715456343599887	1.2715456343599887	299	299	99.666	100	299	0	100	100	0
QIAamp	Species	Steccherinum_tenuissimum	Cutadapt	PE	1	1	1	1252	0.8844306301215031	0.8844306301215031	295	295	NA	NA	NA	100	100	0	NA
QIAamp	Species	Steccherinum_tenuissimum	Cutadapt	SE	1	1	1	1260	0.8869491764043361	0.8869491764043361	228	228	NA	NA	NA	100	100	0	NA
QIAamp	Species	Steccherinum_tenuissimum	ITSxpress	PE	1	1	1	1252	1.755492926148712	1.755492926148712	200	200	NA	NA	NA	100	100	0	NA
QIAamp	Species	Steccherinum_tenuissimum	ITSxpress	SE	1	1	1	1257	1.759690899164252	1.759690899164252	173	173	NA	NA	NA	100	100	0	NA
QIAamp	Species	Stereaceae_f	Cutadapt	PE	1	1	1	1097	0.774936422718282	0.774936422718282	300	300	NA	NA	NA	0	0	0	NA
QIAamp	Species	Stereaceae_f	Cutadapt	SE	1	1	1	1102	0.7757285653949035	0.7757285653949035	228	228	NA	NA	NA	0	0	0	NA
QIAamp	Species	Stereaceae_f	ITSxpress	PE	1	1	1	1093	1.5325509331314235	1.5325509331314235	205	205	NA	NA	NA	0	0	0	NA
QIAamp	Species	Stereaceae_f	ITSxpress	SE	1	1	1	1094	1.5315050466871054	1.5315050466871054	173	173	NA	NA	NA	0	0	0	NA
QIAamp	Species	Talaromyces_adpressus	Cutadapt	SE	1	1	1	854	0.6011544417851612	0.6011544417851612	228	228	99.123	100	228	0	100	100	0
QIAamp	Species	Talaromyces_g	ITSxpress	PE	1	1	1	844	1.1834153591609529	1.1834153591609529	157	157	NA	NA	NA	0	100	0	NA
QIAamp	Species	Talaromyces_g	ITSxpress	SE	1	1	1	848	1.187126398163314	1.187126398163314	157	157	NA	NA	NA	0	100	0	NA
QIAamp	Species	Talaromyces_purgamentorum	Cutadapt	PE	1	2	2	841	0.2970471884713196	0.5813789205990393	275.5	275.5	99.281	100	278	100	100	50	0
QIAamp	Species	Trametes_pubescens	Cutadapt	PE	1	1	1	1969	1.3909296411415655	1.3909296411415655	285	285	99.301	100	286	100	100	100	0
QIAamp	Species	Trametes_pubescens	Cutadapt	SE	1	1	1	1975	1.3902576376179079	1.3902576376179079	228	228	99.127	100	229	100	100	100	0
QIAamp	Species	Trametes_pubescens	ITSxpress	PE	1	1	1	1965	2.7552265174778108	2.7552265174778108	190	190	NA	NA	NA	100	100	0	NA
QIAamp	Species	Trametes_pubescens	ITSxpress	SE	1	1	1	1968	2.755029188190332	2.755029188190332	173	173	NA	NA	NA	100	100	0	NA
QIAamp	Species	Trechispora_g	Cutadapt	PE	1	1	1	198	0.13987001977959876	0.13987001977959876	294	294	NA	NA	NA	0	100	0	NA
QIAamp	Species	Trechispora_g	Cutadapt	SE	1	2	2	231	0.08130367450373083	0.1393777277206814	228	228	NA	NA	NA	0	100	0	NA
QIAamp	Species	Trechispora_g	ITSxpress	PE	1	2	2	230	0.1612473534401772	0.276223727197521	199	199	NA	NA	NA	0	100	0	NA
QIAamp	Species	Trechispora_g	ITSxpress	SE	1	2	2	230	0.16099001861884563	0.2757829014601095	173	173	NA	NA	NA	0	100	0	NA
QIAamp	Species	Xeromyces_bisporus	Cutadapt	PE	1	1	1	527	0.37228030517095223	0.37228030517095223	281	281	100	100	281	100	100	100	0
QIAamp	Species	Xeromyces_bisporus	Cutadapt	SE	1	1	1	527	0.3709700126707025	0.3709700126707025	228	228	100	100	228	100	100	100	0
QIAamp	Species	Xeromyces_bisporus	ITSxpress	PE	1	1	1	526	0.7375313731263758	0.7375313731263758	174	174	100	100	174	100	100	100	0
QIAamp	Species	Xeromyces_bisporus	ITSxpress	SE	1	1	1	526	0.7363543460305462	0.7363543460305462	173	173	100	100	173	100	100	100	0
QIAamp	Species	Xylodon_flaviporus	Cutadapt	PE	1	1	1	1248	0.8816049731562587	0.8816049731562587	281	281	NA	NA	NA	100	100	0	NA
QIAamp	Species	Xylodon_flaviporus	Cutadapt	SE	1	1	1	1251	0.8806138251443052	0.8806138251443052	228	228	NA	NA	NA	100	100	0	NA
QIAamp	Species	Xylodon_flaviporus	ITSxpress	PE	1	1	1	1248	1.7498843225507927	1.7498843225507927	183	183	NA	NA	NA	100	100	0	NA
QIAamp	Species	Xylodon_flaviporus	ITSxpress	SE	1	1	1	1250	1.7498915067265828	1.7498915067265828	173	173	NA	NA	NA	100	100	0	NA
Zymo	Genus	Ascomycota_p	Cutadapt	PE	1	38	38	59231	1.5122834251632769	21.897739400407488	393.5	384.57894736842104	NA	NA	NA	0	0	0	NA
Zymo	Genus	Ascomycota_p	Cutadapt	SE	1	22	22	49002	2.110225044162193	21.430398575096397	301	299.72727272727275	NA	NA	NA	0	0	0	NA
Zymo	Genus	Ascomycota_p	ITSxpress	SE	1	4	4	5706	3.476554883992981	8.239910313901346	170	170.75	NA	NA	NA	0	0	0	NA
Zymo	Genus	Boeremia	Cutadapt	SE	1	1	1	138	0.1307424846756544	0.1307424846756544	261	261	99.6	100	250	0	0	100	0
Zymo	Genus	Cladosporium	Cutadapt	PE	1	1	1	1403	1.361210827592898	1.361210827592898	281	281	99.644	100	281	0	0	100	100
Zymo	Genus	Cladosporium	Cutadapt	SE	1	1	1	1436	1.3604797680742011	1.3604797680742011	228	228	99.561	100	228	0	0	100	100
Zymo	Genus	Cladosporium	ITSxpress	PE	1	1	1	1426	3.6439833388700076	3.6439833388700076	148	148	99.324	100	148	0	0	100	100
Zymo	Genus	Cladosporium	ITSxpress	SE	1	1	1	1427	3.477773445116007	3.477773445116007	148	148	99.324	100	148	0	0	100	100
Zymo	Genus	Cutaneotrichosporon	Cutadapt	PE	1	3	3	11038	3.569742246369781	10.476375278936645	280	280	99.643	100	280	100	100	100	0
Zymo	Genus	Cutaneotrichosporon	Cutadapt	SE	1	1	1	11100	10.516243332606987	10.516243332606987	228	228	100	100	228	100	100	100	0
Zymo	Genus	Cutaneotrichosporon	ITSxpress	PE	1	1	1	11035	28.198706973653948	28.198706973653948	165	165	100	100	165	100	100	100	0
Zymo	Genus	Cutaneotrichosporon	ITSxpress	SE	1	1	1	11042	26.91070384090466	26.91070384090466	165	165	100	100	165	100	100	100	0
Zymo	Genus	Debaryomyces	Cutadapt	PE	1	2	2	4149	2.01270980886776	3.9419811778403027	352	352	99.858	100	352	100	100	100	0
Zymo	Genus	Debaryomyces	Cutadapt	SE	1	2	2	4170	1.9753484097734746	3.8673248003334884	228	228	99.7805	100	228	100	100	100	0
Zymo	Genus	Debaryomyces	ITSxpress	PE	1	2	2	4141	5.290930927861396	10.359543096619221	257	257	99.8055	100	257	100	100	100	0
Zymo	Genus	Debaryomyces	ITSxpress	SE	1	2	2	4146	5.05215441606551	9.892279196724507	173	173	99.711	100	173	100	100	100	0
Zymo	Genus	Didymellaceae_f	Cutadapt	PE	1	1	1	137	0.1329193751819152	0.1329193751819152	280	280	NA	NA	NA	0	0	0	NA
Zymo	Genus	Epicoccum	ITSxpress	PE	1	1	1	137	0.3500881608872307	0.3500881608872307	154	154	100	100	154	100	100	100	100
Zymo	Genus	Epicoccum	ITSxpress	SE	1	1	1	137	0.33388574770910506	0.33388574770910506	154	154	100	100	154	100	100	100	100
Zymo	Genus	Fungi_k	Cutadapt	PE	1	18	18	7779	0.41929433071375444	4.200058212865043	244.5	244	NA	NA	NA	0	0	0	NA
Zymo	Genus	Fungi_k	Cutadapt	SE	1	41	41	20801	0.48066002540443403	10.706672603765005	301	260.5365853658537	NA	NA	NA	0	0	0	NA
Zymo	Genus	Kazachstania	Cutadapt	PE	1	2	2	5209	2.526923450082468	4.81808479674008	336	336	NA	NA	NA	100	100	0	NA
Zymo	Genus	Kazachstania	Cutadapt	SE	1	2	2	5223	2.4741594110903735	4.714308722797511	228	228	99.7805	100	228	100	100	100	0
Zymo	Genus	Kazachstania	ITSxpress	PE	1	2	2	5194	6.636342728643344	12.63894922443973	241	241	99.79249999999999	100	241	100	100	100	0
Zymo	Genus	Kazachstania	ITSxpress	SE	1	2	2	5198	6.334080717488789	12.058880873464613	173	173	99.711	100	173	100	100	100	0
Zymo	Genus	Lecanorales_o	Cutadapt	PE	1	2	2	439	0.2129620646162802	0.24546424759871932	368	368	NA	NA	NA	0	0	0	NA
Zymo	Genus	Lecanorales_o	Cutadapt	SE	1	1	1	2	0.0018948186184877453	0.0018948186184877453	301	301	NA	NA	NA	0	0	0	NA
Zymo	Genus	Lecanoromycetes_c	Cutadapt	PE	1	1	1	64	0.06209372271271951	0.06209372271271951	398	398	NA	NA	NA	0	0	0	NA
Zymo	Genus	Lecanoromycetes_c	Cutadapt	SE	1	1	1	7	0.006631865164707109	0.006631865164707109	301	301	NA	NA	NA	0	0	0	NA
Zymo	Genus	Mucor	Cutadapt	PE	1	2	2	2561	1.2423595614630836	1.9879693412244108	281	281	99.46600000000001	100	281	100	100	100	0
Zymo	Genus	Mucor	Cutadapt	SE	1	2	2	2568	1.2164735530691324	1.9431364932591826	229	229	99.5635	100	229	100	100	100	0
Zymo	Genus	Mucor	ITSxpress	PE	1	2	2	2550	3.2581197454833513	5.207880816702016	184	184	99.457	100	184	100	100	50	0
Zymo	Genus	Mucor	ITSxpress	SE	1	2	2	2554	3.1122051082082276	4.9668551374536944	174	174	100	100	174	100	100	50	0
Zymo	Genus	Nigrospora	Cutadapt	PE	1	2	2	4153	2.0146502377025324	3.926457747162123	274.5	274.5	NA	NA	NA	0	100	0	NA
Zymo	Genus	Nigrospora	Cutadapt	SE	1	1	1	4164	3.945012363691486	3.945012363691486	228	228	NA	NA	NA	0	100	0	NA
Zymo	Genus	Nigrospora	ITSxpress	PE	1	1	1	4152	10.609971124115198	10.609971124115198	153	153	NA	NA	NA	0	100	0	NA
Zymo	Genus	Nigrospora	ITSxpress	SE	1	1	1	4152	10.118931565607332	10.118931565607332	153	153	NA	NA	NA	0	100	0	NA
Zymo	Genus	Penicillium	Cutadapt	PE	1	2	2	1732	0.8402056854564859	1.6658581546521782	277.5	277.5	99.818	100	278	100	100	100	50
Zymo	Genus	Penicillium	Cutadapt	SE	1	1	1	1736	1.6447025608473629	1.6447025608473629	228	228	100	100	228	100	100	100	100
Zymo	Genus	Penicillium	ITSxpress	PE	1	1	1	1726	4.410599749571972	4.410599749571972	160	160	100	100	160	100	100	100	100
Zymo	Genus	Penicillium	ITSxpress	SE	1	1	1	1729	4.213784363423669	4.213784363423669	160	160	100	100	160	100	100	100	100
Zymo	Genus	Rhizoplaca	Cutadapt	PE	1	1	1	163	0.1581449500339575	0.1581449500339575	517	517	NA	NA	NA	100	100	0	NA
Zymo	Genus	Rhizoplaca	Cutadapt	SE	1	2	2	170	0.08052979128572917	0.15442771740675124	262	262	NA	NA	NA	100	100	0	NA
Zymo	Genus	Rhizoplaca	ITSxpress	PE	1	4	4	3839	2.45253366723737	4.574144583855058	208	208.25	NA	NA	NA	100	100	0	NA
Zymo	Genus	Saccharomyces	Cutadapt	PE	1	1	1	3167	3.0726690598622297	3.0726690598622297	328	328	NA	NA	NA	100	100	0	NA
Zymo	Genus	Saccharomyces	Cutadapt	SE	1	1	1	3185	3.017498649941734	3.017498649941734	228	228	NA	NA	NA	100	100	0	NA
Zymo	Genus	Saccharomyces	ITSxpress	PE	1	1	1	3091	7.898704418265913	7.898704418265913	233	233	NA	NA	NA	100	100	0	NA
Zymo	Genus	Saccharomyces	ITSxpress	SE	1	1	1	3098	7.5502047182686685	7.5502047182686685	173	173	NA	NA	NA	100	100	0	NA
Zymo	Genus	Tilletiopsis	Cutadapt	PE	1	1	1	1845	1.7900456000776173	1.7900456000776173	341	341	NA	NA	NA	100	100	0	NA
Zymo	Genus	Tilletiopsis	Cutadapt	SE	1	1	1	1849	1.7517598127919205	1.7517598127919205	228	228	NA	NA	NA	100	100	0	NA
Zymo	Genus	Tilletiopsis	ITSxpress	PE	1	1	1	1842	4.707024761710066	4.707024761710066	246	246	NA	NA	NA	100	100	0	NA
Zymo	Genus	Tilletiopsis	ITSxpress	SE	1	1	1	1843	4.4916162994735815	4.4916162994735815	173	173	NA	NA	NA	100	100	0	NA
Zymo	Species	Ascomycota_p	Cutadapt	PE	1	38	38	59231	1.5122834251632769	21.897739400407488	393.5	384.57894736842104	NA	NA	NA	0	0	0	NA
Zymo	Species	Ascomycota_p	Cutadapt	SE	1	22	22	49002	2.110225044162193	21.430398575096397	301	299.72727272727275	NA	NA	NA	0	0	0	NA
Zymo	Species	Ascomycota_p	ITSxpress	SE	1	4	4	5706	3.476554883992981	8.239910313901346	170	170.75	NA	NA	NA	0	0	0	NA
Zymo	Species	Boeremia_lycopersici	Cutadapt	SE	1	1	1	138	0.1307424846756544	0.1307424846756544	261	261	99.6	100	250	0	0	100	0
Zymo	Species	Cladosporium_angustisporum	Cutadapt	SE	1	1	1	1436	1.3604797680742011	1.3604797680742011	228	228	99.561	100	228	0	0	100	100
Zymo	Species	Cladosporium_angustisporum	ITSxpress	PE	1	1	1	1426	3.6439833388700076	3.6439833388700076	148	148	99.324	100	148	0	0	100	100
Zymo	Species	Cladosporium_angustisporum	ITSxpress	SE	1	1	1	1427	3.477773445116007	3.477773445116007	148	148	99.324	100	148	0	0	100	100
Zymo	Species	Cladosporium_colombiae	Cutadapt	PE	1	1	1	1403	1.361210827592898	1.361210827592898	281	281	99.644	100	281	0	0	100	100
Zymo	Species	Cutaneotrichosporon_debeurmannianum	Cutadapt	PE	1	3	3	11038	3.569742246369781	10.476375278936645	280	280	99.643	100	280	100	100	100	0
Zymo	Species	Cutaneotrichosporon_debeurmannianum	Cutadapt	SE	1	1	1	11100	10.516243332606987	10.516243332606987	228	228	100	100	228	100	100	100	0
Zymo	Species	Cutaneotrichosporon_debeurmannianum	ITSxpress	PE	1	1	1	11035	28.198706973653948	28.198706973653948	165	165	100	100	165	100	100	100	0
Zymo	Species	Cutaneotrichosporon_debeurmannianum	ITSxpress	SE	1	1	1	11042	26.91070384090466	26.91070384090466	165	165	100	100	165	100	100	100	0
Zymo	Species	Debaryomyces_delbrueckii	Cutadapt	PE	1	2	2	4149	2.01270980886776	3.9419811778403027	352	352	99.858	100	352	100	100	100	0
Zymo	Species	Debaryomyces_delbrueckii	Cutadapt	SE	1	2	2	4170	1.9753484097734746	3.8673248003334884	228	228	99.7805	100	228	100	100	100	0
Zymo	Species	Debaryomyces_delbrueckii	ITSxpress	PE	1	2	2	4141	5.290930927861396	10.359543096619221	257	257	99.8055	100	257	100	100	100	0
Zymo	Species	Debaryomyces_delbrueckii	ITSxpress	SE	1	2	2	4146	5.05215441606551	9.892279196724507	173	173	99.711	100	173	100	100	100	0
Zymo	Species	Didymellaceae_f	Cutadapt	PE	1	1	1	137	0.1329193751819152	0.1329193751819152	280	280	NA	NA	NA	0	0	0	NA
Zymo	Species	Epicoccum_pimprinum	ITSxpress	PE	1	1	1	137	0.3500881608872307	0.3500881608872307	154	154	100	100	154	100	100	100	100
Zymo	Species	Epicoccum_pimprinum	ITSxpress	SE	1	1	1	137	0.33388574770910506	0.33388574770910506	154	154	100	100	154	100	100	100	100
Zymo	Species	Fungi_k	Cutadapt	PE	1	18	18	7779	0.41929433071375444	4.200058212865043	244.5	244	NA	NA	NA	0	0	0	NA
Zymo	Species	Fungi_k	Cutadapt	SE	1	41	41	20801	0.48066002540443403	10.706672603765005	301	260.5365853658537	NA	NA	NA	0	0	0	NA
Zymo	Species	Kazachstania_servazzii	Cutadapt	PE	1	2	2	5209	2.526923450082468	4.81808479674008	336	336	NA	NA	NA	100	100	0	NA
Zymo	Species	Kazachstania_servazzii	Cutadapt	SE	1	2	2	5223	2.4741594110903735	4.714308722797511	228	228	99.7805	100	228	100	100	100	0
Zymo	Species	Kazachstania_servazzii	ITSxpress	PE	1	2	2	5194	6.636342728643344	12.63894922443973	241	241	99.79249999999999	100	241	100	100	100	0
Zymo	Species	Kazachstania_servazzii	ITSxpress	SE	1	2	2	5198	6.334080717488789	12.058880873464613	173	173	99.711	100	173	100	100	100	0
Zymo	Species	Lecanorales_o	Cutadapt	PE	1	2	2	439	0.2129620646162802	0.24546424759871932	368	368	NA	NA	NA	0	0	0	NA
Zymo	Species	Lecanorales_o	Cutadapt	SE	1	1	1	2	0.0018948186184877453	0.0018948186184877453	301	301	NA	NA	NA	0	0	0	NA
Zymo	Species	Lecanoromycetes_c	Cutadapt	PE	1	1	1	64	0.06209372271271951	0.06209372271271951	398	398	NA	NA	NA	0	0	0	NA
Zymo	Species	Lecanoromycetes_c	Cutadapt	SE	1	1	1	7	0.006631865164707109	0.006631865164707109	301	301	NA	NA	NA	0	0	0	NA
Zymo	Species	Mucor_circinelloides	Cutadapt	PE	1	2	2	2561	1.2423595614630836	1.9879693412244108	281	281	99.46600000000001	100	281	100	100	100	0
Zymo	Species	Mucor_circinelloides	Cutadapt	SE	1	2	2	2568	1.2164735530691324	1.9431364932591826	229	229	99.5635	100	229	100	100	100	0
Zymo	Species	Mucor_circinelloides	ITSxpress	PE	1	2	2	2550	3.2581197454833513	5.207880816702016	184	184	99.457	100	184	100	100	50	0
Zymo	Species	Mucor_circinelloides	ITSxpress	SE	1	2	2	2554	3.1122051082082276	4.9668551374536944	174	174	100	100	174	100	100	50	0
Zymo	Species	Nigrospora_g	Cutadapt	PE	1	2	2	4153	2.0146502377025324	3.926457747162123	274.5	274.5	NA	NA	NA	0	100	0	NA
Zymo	Species	Nigrospora_g	Cutadapt	SE	1	1	1	4164	3.945012363691486	3.945012363691486	228	228	NA	NA	NA	0	100	0	NA
Zymo	Species	Nigrospora_g	ITSxpress	PE	1	1	1	4152	10.609971124115198	10.609971124115198	153	153	NA	NA	NA	0	100	0	NA
Zymo	Species	Nigrospora_g	ITSxpress	SE	1	1	1	4152	10.118931565607332	10.118931565607332	153	153	NA	NA	NA	0	100	0	NA
Zymo	Species	Penicillium_brevicompactum	Cutadapt	PE	1	2	2	1732	0.8402056854564859	1.6658581546521782	277.5	277.5	99.818	100	278	100	100	100	50
Zymo	Species	Penicillium_patris-mei	Cutadapt	SE	1	1	1	1736	1.6447025608473629	1.6447025608473629	228	228	100	100	228	100	100	100	100
Zymo	Species	Penicillium_patris-mei	ITSxpress	PE	1	1	1	1726	4.410599749571972	4.410599749571972	160	160	100	100	160	100	100	100	100
Zymo	Species	Penicillium_patris-mei	ITSxpress	SE	1	1	1	1729	4.213784363423669	4.213784363423669	160	160	100	100	160	100	100	100	100
Zymo	Species	Rhizoplaca_novomexicana	Cutadapt	PE	1	1	1	163	0.1581449500339575	0.1581449500339575	517	517	NA	NA	NA	100	100	0	NA
Zymo	Species	Rhizoplaca_novomexicana	Cutadapt	SE	1	2	2	170	0.08052979128572917	0.15442771740675124	262	262	NA	NA	NA	100	100	0	NA
Zymo	Species	Rhizoplaca_novomexicana	ITSxpress	PE	1	4	4	3839	2.45253366723737	4.574144583855058	208	208.25	NA	NA	NA	100	100	0	NA
Zymo	Species	Saccharomyces_cerevisiae	Cutadapt	PE	1	1	1	3167	3.0726690598622297	3.0726690598622297	328	328	NA	NA	NA	100	100	0	NA
Zymo	Species	Saccharomyces_cerevisiae	Cutadapt	SE	1	1	1	3185	3.017498649941734	3.017498649941734	228	228	NA	NA	NA	100	100	0	NA
Zymo	Species	Saccharomyces_cerevisiae	ITSxpress	PE	1	1	1	3091	7.898704418265913	7.898704418265913	233	233	NA	NA	NA	100	100	0	NA
Zymo	Species	Saccharomyces_cerevisiae	ITSxpress	SE	1	1	1	3098	7.5502047182686685	7.5502047182686685	173	173	NA	NA	NA	100	100	0	NA
Zymo	Species	Tilletiopsis_washingtonensis	Cutadapt	PE	1	1	1	1845	1.7900456000776173	1.7900456000776173	341	341	NA	NA	NA	100	100	0	NA
Zymo	Species	Tilletiopsis_washingtonensis	Cutadapt	SE	1	1	1	1849	1.7517598127919205	1.7517598127919205	228	228	NA	NA	NA	100	100	0	NA
Zymo	Species	Tilletiopsis_washingtonensis	ITSxpress	PE	1	1	1	1842	4.707024761710066	4.707024761710066	246	246	NA	NA	NA	100	100	0	NA
Zymo	Species	Tilletiopsis_washingtonensis	ITSxpress	SE	1	1	1	1843	4.4916162994735815	4.4916162994735815	173	173	NA	NA	NA	100	100	0	NA
