sample_id	profile	cutadapt_version	adapter_trim	poly_g_trim	quality_trim	quality_cutoff	apply_min_length	min_length	input_pairs	output_pairs	retained_percent	too_short_pairs	input_bp	output_bp	bp_retained_percent	input_r1_bp	input_r2_bp	output_r1_bp	output_r2_bp	quality_trimmed_bp	quality_trimmed_r1_bp	quality_trimmed_r2_bp	r1_with_any_adapter	r2_with_any_adapter	nextera_r1_matches	nextera_r2_matches	polyg_r1_matches	polyg_r2_matches
1D	fig4_q20_SE_cutadapt_unite	5.2	true	true	true	20	true	50	98748	95848	97.0632	2900	59446296	57656729	96.9896	29723148	29723148	28838875	28817854	34411	8646	25765	2541	5633	2049	4723	492	910
1Q	fig4_q20_SE_cutadapt_unite	5.2	true	true	true	20	true	50	154087	151181	98.1141	2906	92760374	90946811	98.0449	46380187	46380187	45486873	45459938	48198	13710	34488	2354	6724	1546	5268	808	1456
1Z	fig4_q20_SE_cutadapt_unite	5.2	true	true	true	20	true	50	101730	100218	98.5137	1512	61241460	60288168	98.4434	30620730	30620730	30152948	30135220	33290	8833	24457	1095	4108	577	3128	518	980
2D	fig4_q20_SE_cutadapt_unite	5.2	true	true	true	20	true	50	119653	114974	96.0895	4679	72031106	69164790	96.0207	36015553	36015553	34592398	34572392	39738	10825	28913	4001	7361	3462	6055	539	1306
2Q	fig4_q20_SE_cutadapt_unite	5.2	true	true	true	20	true	50	144392	138296	95.7782	6096	86923984	83194542	95.7095	43461992	43461992	41607056	41587486	42844	13757	29087	5731	9874	5005	8683	726	1191
2Z	fig4_q20_SE_cutadapt_unite	5.2	true	true	true	20	true	50	114077	112319	98.4589	1758	68674354	67569466	98.3911	34337177	34337177	33794458	33775008	34549	9652	24897	1352	4935	773	3893	579	1042
3D	fig4_q20_SE_cutadapt_unite	5.2	true	true	true	20	true	50	140687	136684	97.1547	4003	84693574	82223937	97.084	42346787	42346787	41123210	41100727	44811	14464	30347	3339	7782	2723	6412	616	1370
3Q	fig4_q20_SE_cutadapt_unite	5.2	true	true	true	20	true	50	127074	122852	96.6775	4222	76498548	73901972	96.6057	38249274	38249274	36964165	36937807	44525	9758	34767	3759	7519	3090	6305	669	1214
3Z	fig4_q20_SE_cutadapt_unite	5.2	true	true	true	20	true	50	131525	129475	98.4414	2050	79178050	77884814	98.3667	39589025	39589025	38953437	38931377	45486	13214	32272	1260	5112	598	3588	662	1524
4D	fig4_q20_SE_cutadapt_unite	5.2	true	true	true	20	true	50	144009	135980	94.4247	8029	86693418	81796360	94.3513	43346709	43346709	40908680	40887680	46129	14622	31507	7353	11427	6634	9895	719	1532
4Q	fig4_q20_SE_cutadapt_unite	5.2	true	true	true	20	true	50	112182	101544	90.5172	10638	67533564	61079610	90.4433	33766782	33766782	30549402	30530208	37839	11357	26482	10138	13616	9576	12414	562	1202
4Z	fig4_q20_SE_cutadapt_unite	5.2	true	true	true	20	true	50	123457	121353	98.2958	2104	74321114	72991130	98.2105	37160557	37160557	36509375	36481755	53729	14642	39087	1651	4694	1104	3616	547	1078
PBSD	fig4_q20_SE_cutadapt_unite	5.2	true	true	true	20	true	50	17324	12990	74.9827	4334	10429048	7299020	69.9874	5214524	5214524	3607901	3691119	5290	1189	4101	17247	16602	17205	16420	42	182
PBSQ	fig4_q20_SE_cutadapt_unite	5.2	true	true	true	20	true	50	4672	249	5.3296	4423	2812544	139892	4.9739	1406272	1406272	69809	70083	538	91	447	4473	4579	4408	4460	65	119
PBSZ	fig4_q20_SE_cutadapt_unite	5.2	true	true	true	20	true	50	62923	59010	93.7813	3913	37879646	32165724	84.9156	18939823	18939823	16065704	16100020	21739	7908	13831	24755	24782	24346	24115	409	667
ST1D	fig4_q20_SE_cutadapt_unite	5.2	true	true	true	20	true	50	139286	134057	96.2459	5229	83850172	80626200	96.1551	41925086	41925086	40324410	40301790	49555	17235	32320	4735	8645	4031	7263	704	1382
ST1Q	fig4_q20_SE_cutadapt_unite	5.2	true	true	true	20	true	50	139571	134691	96.5036	4880	84021742	81015797	96.4224	42010871	42010871	40517097	40498700	45788	14895	30893	4337	8144	3551	6696	786	1448
ST1Z	fig4_q20_SE_cutadapt_unite	5.2	true	true	true	20	true	50	135860	132721	97.6895	3139	81787720	79816678	97.5901	40893860	40893860	39917997	39898681	55657	18758	36899	2250	6056	1637	4449	613	1607
ST2D	fig4_q20_SE_cutadapt_unite	5.2	true	true	true	20	true	50	141398	136905	96.8224	4493	85121596	82347339	96.7408	42560798	42560798	41181461	41165878	48709	19240	29469	4051	7759	3365	6530	686	1229
ST2Q	fig4_q20_SE_cutadapt_unite	5.2	true	true	true	20	true	50	125248	120028	95.8323	5220	75399296	72190268	95.744	37699648	37699648	36103781	36086487	48653	17478	31175	4677	7761	4012	6412	665	1349
ST2Z	fig4_q20_SE_cutadapt_unite	5.2	true	true	true	20	true	50	126125	123569	97.9734	2556	75927250	74319427	97.8824	37963625	37963625	37169951	37149476	47922	16400	31522	2234	5099	1625	3930	609	1169
ST3D	fig4_q20_SE_cutadapt_unite	5.2	true	true	true	20	true	50	149121	144493	96.8965	4628	89770842	86910151	96.8133	44885421	44885421	43464715	43445436	52713	19133	33580	4308	8485	3605	7101	703	1384
ST3Q	fig4_q20_SE_cutadapt_unite	5.2	true	true	true	20	true	50	133913	128795	96.1781	5118	80615626	77465945	96.093	40307813	40307813	38744008	38721937	45072	13630	31442	4682	8200	4016	6970	666	1230
ST3Z	fig4_q20_SE_cutadapt_unite	5.2	true	true	true	20	true	50	153739	150893	98.1488	2846	92550878	90760617	98.0656	46275439	46275439	45390720	45369897	55212	19853	35359	2483	6070	1690	4785	793	1285
ST4D	fig4_q20_SE_cutadapt_unite	5.2	true	true	true	20	true	50	152630	148842	97.5182	3788	91883260	89513767	97.4212	45941630	45941630	44771807	44741960	62656	19069	43587	3247	8015	2548	6617	699	1398
ST4Q	fig4_q20_SE_cutadapt_unite	5.2	true	true	true	20	true	50	160755	155847	96.9469	4908	96774510	93741396	96.8658	48387255	48387255	46881612	46859784	55997	17627	38370	4476	8466	3677	7102	799	1364
ST4Z	fig4_q20_SE_cutadapt_unite	5.2	true	true	true	20	true	50	167683	164125	97.8781	3558	100945166	98717269	97.793	50472583	50472583	49369598	49347671	57492	19339	38153	2599	6916	1702	4923	897	1993
STD	fig4_q20_SE_cutadapt_unite	5.2	true	true	true	20	true	50	139089	136942	98.4564	2147	83731578	82170219	98.1353	41865789	41865789	41124655	41045564	52647	22101	30546	4936	4935	3306	2830	1630	2105
STQ	fig4_q20_SE_cutadapt_unite	5.2	true	true	true	20	true	50	146605	144835	98.7927	1770	88256210	87006581	98.5841	44128105	44128105	43488166	43518415	53446	23385	30061	16179	5537	15854	4259	325	1278
STZ	fig4_q20_SE_cutadapt_unite	5.2	true	true	true	20	true	50	111595	109809	98.3996	1786	67180190	65900800	98.0956	33590095	33590095	32977143	32923657	50493	20491	30002	10594	13145	6529	11228	4065	1917
