run_id	sample_id	DNA_kit	replicate	matrix_type	pipeline	preprocess_method	read_strategy	taxonomy_method	BLAST	Paired	Trimm	taxonomic_rank	TP	FP	FN	precision	recall	F1	false_discovery_rate	Bray_Curtis	R2	detection_threshold
fig4_q20_PE_cutadapt_unite	1D	DNeasy	1	mock_only	ITSdetector	Cutadapt	PE	UNITE	No_BLAST	PE	Cutadapt	Genus	9	3	1	0.75	0.9	0.8181818181818182	0.25	0.3986721702804854	0.5022487323128911	relative_abundance_ge_0.0001
fig4_q20_PE_cutadapt_unite	1D	DNeasy	1	mock_only	ITSdetector	Cutadapt	PE	UNITE	No_BLAST	PE	Cutadapt	Species	5	6	5	0.45454545454545453	0.5	0.47619047619047616	0.5454545454545454	0.6057091704794112	0.18415012205867667	relative_abundance_ge_0.0001
fig4_q20_PE_cutadapt_unite	1D	DNeasy	1	mock_only	ITSdetector	Cutadapt	PE	UNITE+BLAST	BLAST	PE	Cutadapt	Genus	9	3	1	0.75	0.9	0.8181818181818182	0.25	0.3986721702804854	0.5022487323128911	relative_abundance_ge_0.0001
fig4_q20_PE_cutadapt_unite	1D	DNeasy	1	mock_only	ITSdetector	Cutadapt	PE	UNITE+BLAST	BLAST	PE	Cutadapt	Species	6	6	4	0.5	0.6	0.5454545454545454	0.5	0.6036328824348518	0.1860322039254995	relative_abundance_ge_0.0001
fig4_q20_PE_cutadapt_unite	1Q	QIAamp	1	mock_only	ITSdetector	Cutadapt	PE	UNITE	No_BLAST	PE	Cutadapt	Genus	9	3	1	0.75	0.9	0.8181818181818182	0.25	0.419449108757427	0.49409873910276725	relative_abundance_ge_0.0001
fig4_q20_PE_cutadapt_unite	1Q	QIAamp	1	mock_only	ITSdetector	Cutadapt	PE	UNITE	No_BLAST	PE	Cutadapt	Species	5	5	5	0.5	0.5	0.5	0.5	0.6262060836993024	0.19023661279788115	relative_abundance_ge_0.0001
fig4_q20_PE_cutadapt_unite	1Q	QIAamp	1	mock_only	ITSdetector	Cutadapt	PE	UNITE+BLAST	BLAST	PE	Cutadapt	Genus	9	3	1	0.75	0.9	0.8181818181818182	0.25	0.419449108757427	0.49409873910276725	relative_abundance_ge_0.0001
fig4_q20_PE_cutadapt_unite	1Q	QIAamp	1	mock_only	ITSdetector	Cutadapt	PE	UNITE+BLAST	BLAST	PE	Cutadapt	Species	6	5	4	0.5454545454545454	0.6	0.5714285714285713	0.45454545454545453	0.6243896925858952	0.19187824781293178	relative_abundance_ge_0.0001
fig4_q20_PE_cutadapt_unite	1Z	Zymo	1	mock_only	ITSdetector	Cutadapt	PE	UNITE	No_BLAST	PE	Cutadapt	Genus	9	3	1	0.75	0.9	0.8181818181818182	0.25	0.42612318754315365	0.4668977586804895	relative_abundance_ge_0.0001
fig4_q20_PE_cutadapt_unite	1Z	Zymo	1	mock_only	ITSdetector	Cutadapt	PE	UNITE	No_BLAST	PE	Cutadapt	Species	5	5	5	0.5	0.5	0.5	0.5	0.63224208947406	0.14906409602923001	relative_abundance_ge_0.0001
fig4_q20_PE_cutadapt_unite	1Z	Zymo	1	mock_only	ITSdetector	Cutadapt	PE	UNITE+BLAST	BLAST	PE	Cutadapt	Genus	9	3	1	0.75	0.9	0.8181818181818182	0.25	0.42612318754315365	0.4668977586804895	relative_abundance_ge_0.0001
fig4_q20_PE_cutadapt_unite	1Z	Zymo	1	mock_only	ITSdetector	Cutadapt	PE	UNITE+BLAST	BLAST	PE	Cutadapt	Species	6	5	4	0.5454545454545454	0.6	0.5714285714285713	0.45454545454545453	0.6307302207090307	0.15022104531766886	relative_abundance_ge_0.0001
fig4_q20_PE_cutadapt_unite	2D	DNeasy	2	mock_only	ITSdetector	Cutadapt	PE	UNITE	No_BLAST	PE	Cutadapt	Genus	9	3	1	0.75	0.9	0.8181818181818182	0.25	0.40024756226948915	0.4823545619140421	relative_abundance_ge_0.0001
fig4_q20_PE_cutadapt_unite	2D	DNeasy	2	mock_only	ITSdetector	Cutadapt	PE	UNITE	No_BLAST	PE	Cutadapt	Species	5	6	5	0.45454545454545453	0.5	0.47619047619047616	0.5454545454545454	0.6057545596928205	0.19401262948155437	relative_abundance_ge_0.0001
fig4_q20_PE_cutadapt_unite	2D	DNeasy	2	mock_only	ITSdetector	Cutadapt	PE	UNITE+BLAST	BLAST	PE	Cutadapt	Genus	9	3	1	0.75	0.9	0.8181818181818182	0.25	0.40024756226948915	0.4823545619140421	relative_abundance_ge_0.0001
fig4_q20_PE_cutadapt_unite	2D	DNeasy	2	mock_only	ITSdetector	Cutadapt	PE	UNITE+BLAST	BLAST	PE	Cutadapt	Species	6	6	4	0.5	0.6	0.5454545454545454	0.5	0.604238872328601	0.19533276048403858	relative_abundance_ge_0.0001
fig4_q20_PE_cutadapt_unite	2Q	QIAamp	2	mock_only	ITSdetector	Cutadapt	PE	UNITE	No_BLAST	PE	Cutadapt	Genus	9	3	1	0.75	0.9	0.8181818181818182	0.25	0.41230129743643257	0.5047631935808868	relative_abundance_ge_0.0001
fig4_q20_PE_cutadapt_unite	2Q	QIAamp	2	mock_only	ITSdetector	Cutadapt	PE	UNITE	No_BLAST	PE	Cutadapt	Species	5	5	5	0.5	0.5	0.5	0.5	0.6201363525687851	0.19491128233789864	relative_abundance_ge_0.0001
fig4_q20_PE_cutadapt_unite	2Q	QIAamp	2	mock_only	ITSdetector	Cutadapt	PE	UNITE+BLAST	BLAST	PE	Cutadapt	Genus	9	3	1	0.75	0.9	0.8181818181818182	0.25	0.41230129743643257	0.5047631935808868	relative_abundance_ge_0.0001
fig4_q20_PE_cutadapt_unite	2Q	QIAamp	2	mock_only	ITSdetector	Cutadapt	PE	UNITE+BLAST	BLAST	PE	Cutadapt	Species	6	5	4	0.5454545454545454	0.6	0.5714285714285713	0.45454545454545453	0.6178754043618908	0.19704349438985777	relative_abundance_ge_0.0001
fig4_q20_PE_cutadapt_unite	2Z	Zymo	2	mock_only	ITSdetector	Cutadapt	PE	UNITE	No_BLAST	PE	Cutadapt	Genus	10	3	0	0.7692307692307693	1	0.8695652173913044	0.23076923076923078	0.40383503767774753	0.4985677047623435	relative_abundance_ge_0.0001
fig4_q20_PE_cutadapt_unite	2Z	Zymo	2	mock_only	ITSdetector	Cutadapt	PE	UNITE	No_BLAST	PE	Cutadapt	Species	5	6	5	0.45454545454545453	0.5	0.47619047619047616	0.5454545454545454	0.6114861953357366	0.1887389833609609	relative_abundance_ge_0.0001
fig4_q20_PE_cutadapt_unite	2Z	Zymo	2	mock_only	ITSdetector	Cutadapt	PE	UNITE+BLAST	BLAST	PE	Cutadapt	Genus	10	3	0	0.7692307692307693	1	0.8695652173913044	0.23076923076923078	0.40383503767774753	0.4985677047623435	relative_abundance_ge_0.0001
fig4_q20_PE_cutadapt_unite	2Z	Zymo	2	mock_only	ITSdetector	Cutadapt	PE	UNITE+BLAST	BLAST	PE	Cutadapt	Species	7	6	3	0.5384615384615384	0.7	0.608695652173913	0.46153846153846156	0.6093211699544924	0.19077770872013888	relative_abundance_ge_0.0001
fig4_q20_PE_cutadapt_unite	3D	DNeasy	3	mock_only	ITSdetector	Cutadapt	PE	UNITE	No_BLAST	PE	Cutadapt	Genus	9	3	1	0.75	0.9	0.8181818181818182	0.25	0.4010621574911197	0.505057669943422	relative_abundance_ge_0.0001
fig4_q20_PE_cutadapt_unite	3D	DNeasy	3	mock_only	ITSdetector	Cutadapt	PE	UNITE	No_BLAST	PE	Cutadapt	Species	5	6	5	0.45454545454545453	0.5	0.47619047619047616	0.5454545454545454	0.6087221976151391	0.19985588225463657	relative_abundance_ge_0.0001
fig4_q20_PE_cutadapt_unite	3D	DNeasy	3	mock_only	ITSdetector	Cutadapt	PE	UNITE+BLAST	BLAST	PE	Cutadapt	Genus	9	3	1	0.75	0.9	0.8181818181818182	0.25	0.4010621574911197	0.505057669943422	relative_abundance_ge_0.0001
fig4_q20_PE_cutadapt_unite	3D	DNeasy	3	mock_only	ITSdetector	Cutadapt	PE	UNITE+BLAST	BLAST	PE	Cutadapt	Species	6	6	4	0.5	0.6	0.5454545454545454	0.5	0.6064467661950791	0.2020685357480726	relative_abundance_ge_0.0001
fig4_q20_PE_cutadapt_unite	3Q	QIAamp	3	mock_only	ITSdetector	Cutadapt	PE	UNITE	No_BLAST	PE	Cutadapt	Genus	9	3	1	0.75	0.9	0.8181818181818182	0.25	0.41863491475528086	0.4858405458789898	relative_abundance_ge_0.0001
fig4_q20_PE_cutadapt_unite	3Q	QIAamp	3	mock_only	ITSdetector	Cutadapt	PE	UNITE	No_BLAST	PE	Cutadapt	Species	5	5	5	0.5	0.5	0.5	0.5	0.6278953473637009	0.18679191777021154	relative_abundance_ge_0.0001
fig4_q20_PE_cutadapt_unite	3Q	QIAamp	3	mock_only	ITSdetector	Cutadapt	PE	UNITE+BLAST	BLAST	PE	Cutadapt	Genus	9	3	1	0.75	0.9	0.8181818181818182	0.25	0.41863491475528086	0.4858405458789898	relative_abundance_ge_0.0001
fig4_q20_PE_cutadapt_unite	3Q	QIAamp	3	mock_only	ITSdetector	Cutadapt	PE	UNITE+BLAST	BLAST	PE	Cutadapt	Species	6	5	4	0.5454545454545454	0.6	0.5714285714285713	0.45454545454545453	0.6254388957665202	0.18898742233816324	relative_abundance_ge_0.0001
fig4_q20_PE_cutadapt_unite	3Z	Zymo	3	mock_only	ITSdetector	Cutadapt	PE	UNITE	No_BLAST	PE	Cutadapt	Genus	9	3	1	0.75	0.9	0.8181818181818182	0.25	0.4114405029599375	0.48269189101148946	relative_abundance_ge_0.0001
fig4_q20_PE_cutadapt_unite	3Z	Zymo	3	mock_only	ITSdetector	Cutadapt	PE	UNITE	No_BLAST	PE	Cutadapt	Species	5	6	5	0.45454545454545453	0.5	0.47619047619047616	0.5454545454545454	0.6173328438346104	0.18220808992876047	relative_abundance_ge_0.0001
fig4_q20_PE_cutadapt_unite	3Z	Zymo	3	mock_only	ITSdetector	Cutadapt	PE	UNITE+BLAST	BLAST	PE	Cutadapt	Genus	9	3	1	0.75	0.9	0.8181818181818182	0.25	0.4114405029599375	0.48269189101148946	relative_abundance_ge_0.0001
fig4_q20_PE_cutadapt_unite	3Z	Zymo	3	mock_only	ITSdetector	Cutadapt	PE	UNITE+BLAST	BLAST	PE	Cutadapt	Species	6	6	4	0.5	0.6	0.5454545454545454	0.5	0.6156807856454498	0.1836508878298453	relative_abundance_ge_0.0001
fig4_q20_PE_cutadapt_unite	4D	DNeasy	4	mock_only	ITSdetector	Cutadapt	PE	UNITE	No_BLAST	PE	Cutadapt	Genus	9	3	1	0.75	0.9	0.8181818181818182	0.25	0.3997885328287801	0.4961938056186541	relative_abundance_ge_0.0001
fig4_q20_PE_cutadapt_unite	4D	DNeasy	4	mock_only	ITSdetector	Cutadapt	PE	UNITE	No_BLAST	PE	Cutadapt	Species	5	5	5	0.5	0.5	0.5	0.5	0.6072369716531253	0.19904300022002896	relative_abundance_ge_0.0001
fig4_q20_PE_cutadapt_unite	4D	DNeasy	4	mock_only	ITSdetector	Cutadapt	PE	UNITE+BLAST	BLAST	PE	Cutadapt	Genus	9	3	1	0.75	0.9	0.8181818181818182	0.25	0.3997885328287801	0.4961938056186541	relative_abundance_ge_0.0001
fig4_q20_PE_cutadapt_unite	4D	DNeasy	4	mock_only	ITSdetector	Cutadapt	PE	UNITE+BLAST	BLAST	PE	Cutadapt	Species	6	5	4	0.5454545454545454	0.6	0.5714285714285713	0.45454545454545453	0.6050538085494378	0.20105250177249268	relative_abundance_ge_0.0001
fig4_q20_PE_cutadapt_unite	4Q	QIAamp	4	mock_only	ITSdetector	Cutadapt	PE	UNITE	No_BLAST	PE	Cutadapt	Genus	9	3	1	0.75	0.9	0.8181818181818182	0.25	0.4151065423105724	0.4939285981379361	relative_abundance_ge_0.0001
fig4_q20_PE_cutadapt_unite	4Q	QIAamp	4	mock_only	ITSdetector	Cutadapt	PE	UNITE	No_BLAST	PE	Cutadapt	Species	5	5	5	0.5	0.5	0.5	0.5	0.6237524678330724	0.17091478957472528	relative_abundance_ge_0.0001
fig4_q20_PE_cutadapt_unite	4Q	QIAamp	4	mock_only	ITSdetector	Cutadapt	PE	UNITE+BLAST	BLAST	PE	Cutadapt	Genus	9	3	1	0.75	0.9	0.8181818181818182	0.25	0.4151065423105724	0.4939285981379361	relative_abundance_ge_0.0001
fig4_q20_PE_cutadapt_unite	4Q	QIAamp	4	mock_only	ITSdetector	Cutadapt	PE	UNITE+BLAST	BLAST	PE	Cutadapt	Species	6	5	4	0.5454545454545454	0.6	0.5714285714285713	0.45454545454545453	0.6215739669140172	0.17278229352337474	relative_abundance_ge_0.0001
fig4_q20_PE_cutadapt_unite	4Z	Zymo	4	mock_only	ITSdetector	Cutadapt	PE	UNITE	No_BLAST	PE	Cutadapt	Genus	9	3	1	0.75	0.9	0.8181818181818182	0.25	0.41806719428926137	0.4673637567001217	relative_abundance_ge_0.0001
fig4_q20_PE_cutadapt_unite	4Z	Zymo	4	mock_only	ITSdetector	Cutadapt	PE	UNITE	No_BLAST	PE	Cutadapt	Species	5	5	5	0.5	0.5	0.5	0.5	0.6237216790813157	0.17725937823470372	relative_abundance_ge_0.0001
fig4_q20_PE_cutadapt_unite	4Z	Zymo	4	mock_only	ITSdetector	Cutadapt	PE	UNITE+BLAST	BLAST	PE	Cutadapt	Genus	9	3	1	0.75	0.9	0.8181818181818182	0.25	0.41806719428926137	0.4673637567001217	relative_abundance_ge_0.0001
fig4_q20_PE_cutadapt_unite	4Z	Zymo	4	mock_only	ITSdetector	Cutadapt	PE	UNITE+BLAST	BLAST	PE	Cutadapt	Species	6	5	4	0.5454545454545454	0.6	0.5714285714285713	0.45454545454545453	0.6215782122905027	0.17903777617303568	relative_abundance_ge_0.0001
fig4_q20_PE_itsxpress_unite	1D	DNeasy	1	mock_only	ITSdetector	ITSxpress	PE	UNITE	No_BLAST	PE	ITSxpress	Genus	9	1	1	0.9	0.9	0.9	0.1	0.3972913680003475	0.50980661864557	relative_abundance_ge_0.0001
fig4_q20_PE_itsxpress_unite	1D	DNeasy	1	mock_only	ITSdetector	ITSxpress	PE	UNITE	No_BLAST	PE	ITSxpress	Species	5	4	5	0.5555555555555556	0.5	0.5263157894736842	0.4444444444444444	0.6037751422737737	0.1870264907979021	relative_abundance_ge_0.0001
fig4_q20_PE_itsxpress_unite	1D	DNeasy	1	mock_only	ITSdetector	ITSxpress	PE	UNITE+BLAST	BLAST	PE	ITSxpress	Genus	9	1	1	0.9	0.9	0.9	0.1	0.3972913680003475	0.50980661864557	relative_abundance_ge_0.0001
fig4_q20_PE_itsxpress_unite	1D	DNeasy	1	mock_only	ITSdetector	ITSxpress	PE	UNITE+BLAST	BLAST	PE	ITSxpress	Species	6	4	4	0.6	0.6	0.6	0.4	0.6019397019853164	0.18876162539504254	relative_abundance_ge_0.0001
fig4_q20_PE_itsxpress_unite	1Q	QIAamp	1	mock_only	ITSdetector	ITSxpress	PE	UNITE	No_BLAST	PE	ITSxpress	Genus	9	2	1	0.8181818181818182	0.9	0.8571428571428572	0.18181818181818182	0.41810072541737525	0.5016990693402494	relative_abundance_ge_0.0001
fig4_q20_PE_itsxpress_unite	1Q	QIAamp	1	mock_only	ITSdetector	ITSxpress	PE	UNITE	No_BLAST	PE	ITSxpress	Species	5	5	5	0.5	0.5	0.5	0.5	0.6245635347610288	0.19085931295445233	relative_abundance_ge_0.0001
fig4_q20_PE_itsxpress_unite	1Q	QIAamp	1	mock_only	ITSdetector	ITSxpress	PE	UNITE+BLAST	BLAST	PE	ITSxpress	Genus	9	2	1	0.8181818181818182	0.9	0.8571428571428572	0.18181818181818182	0.41810072541737525	0.5016990693402494	relative_abundance_ge_0.0001
fig4_q20_PE_itsxpress_unite	1Q	QIAamp	1	mock_only	ITSdetector	ITSxpress	PE	UNITE+BLAST	BLAST	PE	ITSxpress	Species	6	5	4	0.5454545454545454	0.6	0.5714285714285713	0.45454545454545453	0.6229183298045886	0.19241092536006232	relative_abundance_ge_0.0001
fig4_q20_PE_itsxpress_unite	1Z	Zymo	1	mock_only	ITSdetector	ITSxpress	PE	UNITE	No_BLAST	PE	ITSxpress	Genus	9	1	1	0.9	0.9	0.9	0.1	0.4248775567502365	0.47702328132968613	relative_abundance_ge_0.0001
fig4_q20_PE_itsxpress_unite	1Z	Zymo	1	mock_only	ITSdetector	ITSxpress	PE	UNITE	No_BLAST	PE	ITSxpress	Species	5	4	5	0.5555555555555556	0.5	0.5263157894736842	0.4444444444444444	0.6304823900090466	0.15311888681473068	relative_abundance_ge_0.0001
fig4_q20_PE_itsxpress_unite	1Z	Zymo	1	mock_only	ITSdetector	ITSxpress	PE	UNITE+BLAST	BLAST	PE	ITSxpress	Genus	9	1	1	0.9	0.9	0.9	0.1	0.4248775567502365	0.47702328132968613	relative_abundance_ge_0.0001
fig4_q20_PE_itsxpress_unite	1Z	Zymo	1	mock_only	ITSdetector	ITSxpress	PE	UNITE+BLAST	BLAST	PE	ITSxpress	Species	6	4	4	0.6	0.6	0.6	0.4	0.6290057920076533	0.15430611725801213	relative_abundance_ge_0.0001
fig4_q20_PE_itsxpress_unite	2D	DNeasy	2	mock_only	ITSdetector	ITSxpress	PE	UNITE	No_BLAST	PE	ITSxpress	Genus	9	1	1	0.9	0.9	0.9	0.1	0.39944420461903735	0.490600415784603	relative_abundance_ge_0.0001
fig4_q20_PE_itsxpress_unite	2D	DNeasy	2	mock_only	ITSdetector	ITSxpress	PE	UNITE	No_BLAST	PE	ITSxpress	Species	5	4	5	0.5555555555555556	0.5	0.5263157894736842	0.4444444444444444	0.6044985250737462	0.19568836414787383	relative_abundance_ge_0.0001
fig4_q20_PE_itsxpress_unite	2D	DNeasy	2	mock_only	ITSdetector	ITSxpress	PE	UNITE+BLAST	BLAST	PE	ITSxpress	Genus	9	1	1	0.9	0.9	0.9	0.1	0.39944420461903735	0.490600415784603	relative_abundance_ge_0.0001
fig4_q20_PE_itsxpress_unite	2D	DNeasy	2	mock_only	ITSdetector	ITSxpress	PE	UNITE+BLAST	BLAST	PE	ITSxpress	Species	6	4	4	0.6	0.6	0.6	0.4	0.6030865529894236	0.19696621461581348	relative_abundance_ge_0.0001
fig4_q20_PE_itsxpress_unite	2Q	QIAamp	2	mock_only	ITSdetector	ITSxpress	PE	UNITE	No_BLAST	PE	ITSxpress	Genus	9	1	1	0.9	0.9	0.9	0.1	0.41167368627628576	0.510195841814	relative_abundance_ge_0.0001
fig4_q20_PE_itsxpress_unite	2Q	QIAamp	2	mock_only	ITSdetector	ITSxpress	PE	UNITE	No_BLAST	PE	ITSxpress	Species	5	4	5	0.5555555555555556	0.5	0.5263157894736842	0.4444444444444444	0.619161269870024	0.19328195041822918	relative_abundance_ge_0.0001
fig4_q20_PE_itsxpress_unite	2Q	QIAamp	2	mock_only	ITSdetector	ITSxpress	PE	UNITE+BLAST	BLAST	PE	ITSxpress	Genus	9	1	1	0.9	0.9	0.9	0.1	0.41167368627628576	0.510195841814	relative_abundance_ge_0.0001
fig4_q20_PE_itsxpress_unite	2Q	QIAamp	2	mock_only	ITSdetector	ITSxpress	PE	UNITE+BLAST	BLAST	PE	ITSxpress	Species	6	4	4	0.6	0.6	0.6	0.4	0.6170176471476231	0.19535477349817984	relative_abundance_ge_0.0001
fig4_q20_PE_itsxpress_unite	2Z	Zymo	2	mock_only	ITSdetector	ITSxpress	PE	UNITE	No_BLAST	PE	ITSxpress	Genus	10	2	0	0.8333333333333334	1	0.9090909090909091	0.16666666666666666	0.4036150156490175	0.5052786217530923	relative_abundance_ge_0.0001
fig4_q20_PE_itsxpress_unite	2Z	Zymo	2	mock_only	ITSdetector	ITSxpress	PE	UNITE	No_BLAST	PE	ITSxpress	Species	6	5	4	0.5454545454545454	0.6	0.5714285714285713	0.45454545454545453	0.6106339241068949	0.1897682075709046	relative_abundance_ge_0.0001
fig4_q20_PE_itsxpress_unite	2Z	Zymo	2	mock_only	ITSdetector	ITSxpress	PE	UNITE+BLAST	BLAST	PE	ITSxpress	Genus	10	2	0	0.8333333333333334	1	0.9090909090909091	0.16666666666666666	0.4036150156490175	0.5052786217530923	relative_abundance_ge_0.0001
fig4_q20_PE_itsxpress_unite	2Z	Zymo	2	mock_only	ITSdetector	ITSxpress	PE	UNITE+BLAST	BLAST	PE	ITSxpress	Species	7	5	3	0.5833333333333334	0.7	0.6363636363636365	0.4166666666666667	0.6087541900475952	0.1916002824060897	relative_abundance_ge_0.0001
fig4_q20_PE_itsxpress_unite	3D	DNeasy	3	mock_only	ITSdetector	ITSxpress	PE	UNITE	No_BLAST	PE	ITSxpress	Genus	9	2	1	0.8181818181818182	0.9	0.8571428571428572	0.18181818181818182	0.4010668585073165	0.5097191118271199	relative_abundance_ge_0.0001
fig4_q20_PE_itsxpress_unite	3D	DNeasy	3	mock_only	ITSdetector	ITSxpress	PE	UNITE	No_BLAST	PE	ITSxpress	Species	5	5	5	0.5	0.5	0.5	0.5	0.6082838425273985	0.1995506005932568	relative_abundance_ge_0.0001
fig4_q20_PE_itsxpress_unite	3D	DNeasy	3	mock_only	ITSdetector	ITSxpress	PE	UNITE+BLAST	BLAST	PE	ITSxpress	Genus	9	2	1	0.8181818181818182	0.9	0.8571428571428572	0.18181818181818182	0.4010668585073165	0.5097191118271199	relative_abundance_ge_0.0001
fig4_q20_PE_itsxpress_unite	3D	DNeasy	3	mock_only	ITSdetector	ITSxpress	PE	UNITE+BLAST	BLAST	PE	ITSxpress	Species	6	5	4	0.5454545454545454	0.6	0.5714285714285713	0.45454545454545453	0.6061103287822202	0.20172563535164903	relative_abundance_ge_0.0001
fig4_q20_PE_itsxpress_unite	3Q	QIAamp	3	mock_only	ITSdetector	ITSxpress	PE	UNITE	No_BLAST	PE	ITSxpress	Genus	9	1	1	0.9	0.9	0.9	0.1	0.417726577112736	0.49241133725797154	relative_abundance_ge_0.0001
fig4_q20_PE_itsxpress_unite	3Q	QIAamp	3	mock_only	ITSdetector	ITSxpress	PE	UNITE	No_BLAST	PE	ITSxpress	Species	5	4	5	0.5555555555555556	0.5	0.5263157894736842	0.4444444444444444	0.6264070736269342	0.18731012331072394	relative_abundance_ge_0.0001
fig4_q20_PE_itsxpress_unite	3Q	QIAamp	3	mock_only	ITSdetector	ITSxpress	PE	UNITE+BLAST	BLAST	PE	ITSxpress	Genus	9	1	1	0.9	0.9	0.9	0.1	0.417726577112736	0.49241133725797154	relative_abundance_ge_0.0001
fig4_q20_PE_itsxpress_unite	3Q	QIAamp	3	mock_only	ITSdetector	ITSxpress	PE	UNITE+BLAST	BLAST	PE	ITSxpress	Species	6	4	4	0.6	0.6	0.6	0.4	0.6240435300119027	0.189500436724834	relative_abundance_ge_0.0001
fig4_q20_PE_itsxpress_unite	3Z	Zymo	3	mock_only	ITSdetector	ITSxpress	PE	UNITE	No_BLAST	PE	ITSxpress	Genus	9	1	1	0.9	0.9	0.9	0.1	0.410932116958313	0.49044998173230503	relative_abundance_ge_0.0001
fig4_q20_PE_itsxpress_unite	3Z	Zymo	3	mock_only	ITSdetector	ITSxpress	PE	UNITE	No_BLAST	PE	ITSxpress	Species	5	4	5	0.5555555555555556	0.5	0.5263157894736842	0.4444444444444444	0.6163929555182576	0.18412680637101903	relative_abundance_ge_0.0001
fig4_q20_PE_itsxpress_unite	3Z	Zymo	3	mock_only	ITSdetector	ITSxpress	PE	UNITE+BLAST	BLAST	PE	ITSxpress	Genus	9	1	1	0.9	0.9	0.9	0.1	0.410932116958313	0.49044998173230503	relative_abundance_ge_0.0001
fig4_q20_PE_itsxpress_unite	3Z	Zymo	3	mock_only	ITSdetector	ITSxpress	PE	UNITE+BLAST	BLAST	PE	ITSxpress	Species	6	4	4	0.6	0.6	0.6	0.4	0.6147547039502742	0.1856202692028773	relative_abundance_ge_0.0001
fig4_q20_PE_itsxpress_unite	4D	DNeasy	4	mock_only	ITSdetector	ITSxpress	PE	UNITE	No_BLAST	PE	ITSxpress	Genus	9	2	1	0.8181818181818182	0.9	0.8571428571428572	0.18181818181818182	0.39920555729051616	0.5037914215196536	relative_abundance_ge_0.0001
fig4_q20_PE_itsxpress_unite	4D	DNeasy	4	mock_only	ITSdetector	ITSxpress	PE	UNITE	No_BLAST	PE	ITSxpress	Species	5	5	5	0.5	0.5	0.5	0.5	0.6061217028342485	0.20010561773278837	relative_abundance_ge_0.0001
fig4_q20_PE_itsxpress_unite	4D	DNeasy	4	mock_only	ITSdetector	ITSxpress	PE	UNITE+BLAST	BLAST	PE	ITSxpress	Genus	9	2	1	0.8181818181818182	0.9	0.8571428571428572	0.18181818181818182	0.39920555729051616	0.5037914215196536	relative_abundance_ge_0.0001
fig4_q20_PE_itsxpress_unite	4D	DNeasy	4	mock_only	ITSdetector	ITSxpress	PE	UNITE+BLAST	BLAST	PE	ITSxpress	Species	6	5	4	0.5454545454545454	0.6	0.5714285714285713	0.45454545454545453	0.6041336918354443	0.20200646073124837	relative_abundance_ge_0.0001
fig4_q20_PE_itsxpress_unite	4Q	QIAamp	4	mock_only	ITSdetector	ITSxpress	PE	UNITE	No_BLAST	PE	ITSxpress	Genus	9	2	1	0.8181818181818182	0.9	0.8571428571428572	0.18181818181818182	0.41412328251650093	0.5000630210750903	relative_abundance_ge_0.0001
fig4_q20_PE_itsxpress_unite	4Q	QIAamp	4	mock_only	ITSdetector	ITSxpress	PE	UNITE	No_BLAST	PE	ITSxpress	Species	5	5	5	0.5	0.5	0.5	0.5	0.6225950145941601	0.17314073868444077	relative_abundance_ge_0.0001
fig4_q20_PE_itsxpress_unite	4Q	QIAamp	4	mock_only	ITSdetector	ITSxpress	PE	UNITE+BLAST	BLAST	PE	ITSxpress	Genus	9	2	1	0.8181818181818182	0.9	0.8571428571428572	0.18181818181818182	0.41412328251650093	0.5000630210750903	relative_abundance_ge_0.0001
fig4_q20_PE_itsxpress_unite	4Q	QIAamp	4	mock_only	ITSdetector	ITSxpress	PE	UNITE+BLAST	BLAST	PE	ITSxpress	Species	6	5	4	0.5454545454545454	0.6	0.5714285714285713	0.45454545454545453	0.6203880927924171	0.1750994308625183	relative_abundance_ge_0.0001
fig4_q20_PE_itsxpress_unite	4Z	Zymo	4	mock_only	ITSdetector	ITSxpress	PE	UNITE	No_BLAST	PE	ITSxpress	Genus	9	2	1	0.8181818181818182	0.9	0.8571428571428572	0.18181818181818182	0.416837490474111	0.47557265504375995	relative_abundance_ge_0.0001
fig4_q20_PE_itsxpress_unite	4Z	Zymo	4	mock_only	ITSdetector	ITSxpress	PE	UNITE	No_BLAST	PE	ITSxpress	Species	5	5	5	0.5	0.5	0.5	0.5	0.6219836111896015	0.17922546481615462	relative_abundance_ge_0.0001
fig4_q20_PE_itsxpress_unite	4Z	Zymo	4	mock_only	ITSdetector	ITSxpress	PE	UNITE+BLAST	BLAST	PE	ITSxpress	Genus	9	2	1	0.8181818181818182	0.9	0.8571428571428572	0.18181818181818182	0.416837490474111	0.47557265504375995	relative_abundance_ge_0.0001
fig4_q20_PE_itsxpress_unite	4Z	Zymo	4	mock_only	ITSdetector	ITSxpress	PE	UNITE+BLAST	BLAST	PE	ITSxpress	Species	6	5	4	0.5454545454545454	0.6	0.5714285714285713	0.45454545454545453	0.6199457131358799	0.1809880343939744	relative_abundance_ge_0.0001
fig4_q20_SE_cutadapt_unite	1D	DNeasy	1	mock_only	ITSdetector	Cutadapt	SE	UNITE	No_BLAST	SE	Cutadapt	Genus	9	2	1	0.8181818181818182	0.9	0.8571428571428572	0.18181818181818182	0.39820648981143364	0.5057000156389732	relative_abundance_ge_0.0001
fig4_q20_SE_cutadapt_unite	1D	DNeasy	1	mock_only	ITSdetector	Cutadapt	SE	UNITE	No_BLAST	SE	Cutadapt	Species	5	5	5	0.5	0.5	0.5	0.5	0.604749288701001	0.18527033326253114	relative_abundance_ge_0.0001
fig4_q20_SE_cutadapt_unite	1D	DNeasy	1	mock_only	ITSdetector	Cutadapt	SE	UNITE+BLAST	BLAST	SE	Cutadapt	Genus	9	2	1	0.8181818181818182	0.9	0.8571428571428572	0.18181818181818182	0.39820648981143364	0.5057000156389732	relative_abundance_ge_0.0001
fig4_q20_SE_cutadapt_unite	1D	DNeasy	1	mock_only	ITSdetector	Cutadapt	SE	UNITE+BLAST	BLAST	SE	Cutadapt	Species	6	5	4	0.5454545454545454	0.6	0.5714285714285713	0.45454545454545453	0.6028140946632415	0.18706751894575466	relative_abundance_ge_0.0001
fig4_q20_SE_cutadapt_unite	1Q	QIAamp	1	mock_only	ITSdetector	Cutadapt	SE	UNITE	No_BLAST	SE	Cutadapt	Genus	9	2	1	0.8181818181818182	0.9	0.8571428571428572	0.18181818181818182	0.41916138758716975	0.49802509582104454	relative_abundance_ge_0.0001
fig4_q20_SE_cutadapt_unite	1Q	QIAamp	1	mock_only	ITSdetector	Cutadapt	SE	UNITE	No_BLAST	SE	Cutadapt	Species	5	5	5	0.5	0.5	0.5	0.5	0.6257339343933576	0.19040557637712904	relative_abundance_ge_0.0001
fig4_q20_SE_cutadapt_unite	1Q	QIAamp	1	mock_only	ITSdetector	Cutadapt	SE	UNITE+BLAST	BLAST	SE	Cutadapt	Genus	9	2	1	0.8181818181818182	0.9	0.8571428571428572	0.18181818181818182	0.41916138758716975	0.49802509582104454	relative_abundance_ge_0.0001
fig4_q20_SE_cutadapt_unite	1Q	QIAamp	1	mock_only	ITSdetector	Cutadapt	SE	UNITE+BLAST	BLAST	SE	Cutadapt	Species	6	5	4	0.5454545454545454	0.6	0.5714285714285713	0.45454545454545453	0.6240629479172081	0.19195227424972341	relative_abundance_ge_0.0001
fig4_q20_SE_cutadapt_unite	1Z	Zymo	1	mock_only	ITSdetector	Cutadapt	SE	UNITE	No_BLAST	SE	Cutadapt	Genus	9	2	1	0.8181818181818182	0.9	0.8571428571428572	0.18181818181818182	0.42723447379436463	0.4740155832953768	relative_abundance_ge_0.0001
fig4_q20_SE_cutadapt_unite	1Z	Zymo	1	mock_only	ITSdetector	Cutadapt	SE	UNITE	No_BLAST	SE	Cutadapt	Species	5	5	5	0.5	0.5	0.5	0.5	0.6330726355444912	0.15210011726068945	relative_abundance_ge_0.0001
fig4_q20_SE_cutadapt_unite	1Z	Zymo	1	mock_only	ITSdetector	Cutadapt	SE	UNITE+BLAST	BLAST	SE	Cutadapt	Genus	9	2	1	0.8181818181818182	0.9	0.8571428571428572	0.18181818181818182	0.42723447379436463	0.4740155832953768	relative_abundance_ge_0.0001
fig4_q20_SE_cutadapt_unite	1Z	Zymo	1	mock_only	ITSdetector	Cutadapt	SE	UNITE+BLAST	BLAST	SE	Cutadapt	Species	6	5	4	0.5454545454545454	0.6	0.5714285714285713	0.45454545454545453	0.6316075874071954	0.15326400866801074	relative_abundance_ge_0.0001
fig4_q20_SE_cutadapt_unite	2D	DNeasy	2	mock_only	ITSdetector	Cutadapt	SE	UNITE	No_BLAST	SE	Cutadapt	Genus	9	2	1	0.8181818181818182	0.9	0.8571428571428572	0.18181818181818182	0.3999744881086239	0.48676534997742765	relative_abundance_ge_0.0001
fig4_q20_SE_cutadapt_unite	2D	DNeasy	2	mock_only	ITSdetector	Cutadapt	SE	UNITE	No_BLAST	SE	Cutadapt	Species	5	5	5	0.5	0.5	0.5	0.5	0.6052185991136979	0.1947311512846399	relative_abundance_ge_0.0001
fig4_q20_SE_cutadapt_unite	2D	DNeasy	2	mock_only	ITSdetector	Cutadapt	SE	UNITE+BLAST	BLAST	SE	Cutadapt	Genus	9	2	1	0.8181818181818182	0.9	0.8571428571428572	0.18181818181818182	0.3999744881086239	0.48676534997742765	relative_abundance_ge_0.0001
fig4_q20_SE_cutadapt_unite	2D	DNeasy	2	mock_only	ITSdetector	Cutadapt	SE	UNITE+BLAST	BLAST	SE	Cutadapt	Species	6	5	4	0.5454545454545454	0.6	0.5714285714285713	0.45454545454545453	0.6037351298744246	0.19605264236020167	relative_abundance_ge_0.0001
fig4_q20_SE_cutadapt_unite	2Q	QIAamp	2	mock_only	ITSdetector	Cutadapt	SE	UNITE	No_BLAST	SE	Cutadapt	Genus	9	2	1	0.8181818181818182	0.9	0.8571428571428572	0.18181818181818182	0.412621748366668	0.506824337867769	relative_abundance_ge_0.0001
fig4_q20_SE_cutadapt_unite	2Q	QIAamp	2	mock_only	ITSdetector	Cutadapt	SE	UNITE	No_BLAST	SE	Cutadapt	Species	5	5	5	0.5	0.5	0.5	0.5	0.6199005972183252	0.19313568133730938	relative_abundance_ge_0.0001
fig4_q20_SE_cutadapt_unite	2Q	QIAamp	2	mock_only	ITSdetector	Cutadapt	SE	UNITE+BLAST	BLAST	SE	Cutadapt	Genus	9	2	1	0.8181818181818182	0.9	0.8571428571428572	0.18181818181818182	0.412621748366668	0.506824337867769	relative_abundance_ge_0.0001
fig4_q20_SE_cutadapt_unite	2Q	QIAamp	2	mock_only	ITSdetector	Cutadapt	SE	UNITE+BLAST	BLAST	SE	Cutadapt	Species	6	5	4	0.5454545454545454	0.6	0.5714285714285713	0.45454545454545453	0.6178243616978637	0.19512095128170234	relative_abundance_ge_0.0001
fig4_q20_SE_cutadapt_unite	2Z	Zymo	2	mock_only	ITSdetector	Cutadapt	SE	UNITE	No_BLAST	SE	Cutadapt	Genus	10	1	0	0.9090909090909091	1	0.9523809523809523	0.09090909090909091	0.40418312668674455	0.5019150462736663	relative_abundance_ge_0.0001
fig4_q20_SE_cutadapt_unite	2Z	Zymo	2	mock_only	ITSdetector	Cutadapt	SE	UNITE	No_BLAST	SE	Cutadapt	Species	6	4	4	0.6	0.6	0.6	0.4	0.6113114561739741	0.18904884448224418	relative_abundance_ge_0.0001
fig4_q20_SE_cutadapt_unite	2Z	Zymo	2	mock_only	ITSdetector	Cutadapt	SE	UNITE+BLAST	BLAST	SE	Cutadapt	Genus	10	1	0	0.9090909090909091	1	0.9523809523809523	0.09090909090909091	0.40418312668674455	0.5019150462736663	relative_abundance_ge_0.0001
fig4_q20_SE_cutadapt_unite	2Z	Zymo	2	mock_only	ITSdetector	Cutadapt	SE	UNITE+BLAST	BLAST	SE	Cutadapt	Species	7	4	3	0.6363636363636364	0.7	0.6666666666666666	0.36363636363636365	0.6093851449133647	0.1909019723006185	relative_abundance_ge_0.0001
fig4_q20_SE_cutadapt_unite	3D	DNeasy	3	mock_only	ITSdetector	Cutadapt	SE	UNITE	No_BLAST	SE	Cutadapt	Genus	9	2	1	0.8181818181818182	0.9	0.8571428571428572	0.18181818181818182	0.4019685261436064	0.5055021531543454	relative_abundance_ge_0.0001
fig4_q20_SE_cutadapt_unite	3D	DNeasy	3	mock_only	ITSdetector	Cutadapt	SE	UNITE	No_BLAST	SE	Cutadapt	Species	5	5	5	0.5	0.5	0.5	0.5	0.6091158150890791	0.1984339846344099	relative_abundance_ge_0.0001
fig4_q20_SE_cutadapt_unite	3D	DNeasy	3	mock_only	ITSdetector	Cutadapt	SE	UNITE+BLAST	BLAST	SE	Cutadapt	Genus	9	2	1	0.8181818181818182	0.9	0.8571428571428572	0.18181818181818182	0.4019685261436064	0.5055021531543454	relative_abundance_ge_0.0001
fig4_q20_SE_cutadapt_unite	3D	DNeasy	3	mock_only	ITSdetector	Cutadapt	SE	UNITE+BLAST	BLAST	SE	Cutadapt	Species	6	5	4	0.5454545454545454	0.6	0.5714285714285713	0.45454545454545453	0.6069885498336061	0.20052882926159102	relative_abundance_ge_0.0001
fig4_q20_SE_cutadapt_unite	3Q	QIAamp	3	mock_only	ITSdetector	Cutadapt	SE	UNITE	No_BLAST	SE	Cutadapt	Genus	9	2	1	0.8181818181818182	0.9	0.8571428571428572	0.18181818181818182	0.41850641731501703	0.4890715757702837	relative_abundance_ge_0.0001
fig4_q20_SE_cutadapt_unite	3Q	QIAamp	3	mock_only	ITSdetector	Cutadapt	SE	UNITE	No_BLAST	SE	Cutadapt	Species	5	5	5	0.5	0.5	0.5	0.5	0.6271079661353501	0.18717520827129072	relative_abundance_ge_0.0001
fig4_q20_SE_cutadapt_unite	3Q	QIAamp	3	mock_only	ITSdetector	Cutadapt	SE	UNITE+BLAST	BLAST	SE	Cutadapt	Genus	9	2	1	0.8181818181818182	0.9	0.8571428571428572	0.18181818181818182	0.41850641731501703	0.4890715757702837	relative_abundance_ge_0.0001
fig4_q20_SE_cutadapt_unite	3Q	QIAamp	3	mock_only	ITSdetector	Cutadapt	SE	UNITE+BLAST	BLAST	SE	Cutadapt	Species	6	5	4	0.5454545454545454	0.6	0.5714285714285713	0.45454545454545453	0.6248244489773813	0.18926216611799956	relative_abundance_ge_0.0001
fig4_q20_SE_cutadapt_unite	3Z	Zymo	3	mock_only	ITSdetector	Cutadapt	SE	UNITE	No_BLAST	SE	Cutadapt	Genus	9	2	1	0.8181818181818182	0.9	0.8571428571428572	0.18181818181818182	0.4122413250953964	0.48769595453882714	relative_abundance_ge_0.0001
fig4_q20_SE_cutadapt_unite	3Z	Zymo	3	mock_only	ITSdetector	Cutadapt	SE	UNITE	No_BLAST	SE	Cutadapt	Species	5	5	5	0.5	0.5	0.5	0.5	0.6179268613969933	0.18374216474569074	relative_abundance_ge_0.0001
fig4_q20_SE_cutadapt_unite	3Z	Zymo	3	mock_only	ITSdetector	Cutadapt	SE	UNITE+BLAST	BLAST	SE	Cutadapt	Genus	9	2	1	0.8181818181818182	0.9	0.8571428571428572	0.18181818181818182	0.4122413250953964	0.48769595453882714	relative_abundance_ge_0.0001
fig4_q20_SE_cutadapt_unite	3Z	Zymo	3	mock_only	ITSdetector	Cutadapt	SE	UNITE+BLAST	BLAST	SE	Cutadapt	Species	6	5	4	0.5454545454545454	0.6	0.5714285714285713	0.45454545454545453	0.6164141178070318	0.18510247894609616	relative_abundance_ge_0.0001
fig4_q20_SE_cutadapt_unite	4D	DNeasy	4	mock_only	ITSdetector	Cutadapt	SE	UNITE	No_BLAST	SE	Cutadapt	Genus	9	2	1	0.8181818181818182	0.9	0.8571428571428572	0.18181818181818182	0.3995597822164846	0.5004364121496091	relative_abundance_ge_0.0001
fig4_q20_SE_cutadapt_unite	4D	DNeasy	4	mock_only	ITSdetector	Cutadapt	SE	UNITE	No_BLAST	SE	Cutadapt	Species	5	5	5	0.5	0.5	0.5	0.5	0.6067043003423916	0.19957215921016977	relative_abundance_ge_0.0001
fig4_q20_SE_cutadapt_unite	4D	DNeasy	4	mock_only	ITSdetector	Cutadapt	SE	UNITE+BLAST	BLAST	SE	Cutadapt	Genus	9	2	1	0.8181818181818182	0.9	0.8571428571428572	0.18181818181818182	0.3995597822164846	0.5004364121496091	relative_abundance_ge_0.0001
fig4_q20_SE_cutadapt_unite	4D	DNeasy	4	mock_only	ITSdetector	Cutadapt	SE	UNITE+BLAST	BLAST	SE	Cutadapt	Species	6	5	4	0.5454545454545454	0.6	0.5714285714285713	0.45454545454545453	0.6046114616994491	0.20154613672619673	relative_abundance_ge_0.0001
fig4_q20_SE_cutadapt_unite	4Q	QIAamp	4	mock_only	ITSdetector	Cutadapt	SE	UNITE	No_BLAST	SE	Cutadapt	Genus	9	2	1	0.8181818181818182	0.9	0.8571428571428572	0.18181818181818182	0.4147713338238273	0.49640592961009306	relative_abundance_ge_0.0001
fig4_q20_SE_cutadapt_unite	4Q	QIAamp	4	mock_only	ITSdetector	Cutadapt	SE	UNITE	No_BLAST	SE	Cutadapt	Species	5	5	5	0.5	0.5	0.5	0.5	0.6231203949543093	0.17242654519296452	relative_abundance_ge_0.0001
fig4_q20_SE_cutadapt_unite	4Q	QIAamp	4	mock_only	ITSdetector	Cutadapt	SE	UNITE+BLAST	BLAST	SE	Cutadapt	Genus	9	2	1	0.8181818181818182	0.9	0.8571428571428572	0.18181818181818182	0.4147713338238273	0.49640592961009306	relative_abundance_ge_0.0001
fig4_q20_SE_cutadapt_unite	4Q	QIAamp	4	mock_only	ITSdetector	Cutadapt	SE	UNITE+BLAST	BLAST	SE	Cutadapt	Species	6	5	4	0.5454545454545454	0.6	0.5714285714285713	0.45454545454545453	0.6210731155966432	0.17421653213086163	relative_abundance_ge_0.0001
fig4_q20_SE_cutadapt_unite	4Z	Zymo	4	mock_only	ITSdetector	Cutadapt	SE	UNITE	No_BLAST	SE	Cutadapt	Genus	9	2	1	0.8181818181818182	0.9	0.8571428571428572	0.18181818181818182	0.4194351528739582	0.4724905887304839	relative_abundance_ge_0.0001
fig4_q20_SE_cutadapt_unite	4Z	Zymo	4	mock_only	ITSdetector	Cutadapt	SE	UNITE	No_BLAST	SE	Cutadapt	Species	5	5	5	0.5	0.5	0.5	0.5	0.6247961379210589	0.1788501931255654	relative_abundance_ge_0.0001
fig4_q20_SE_cutadapt_unite	4Z	Zymo	4	mock_only	ITSdetector	Cutadapt	SE	UNITE+BLAST	BLAST	SE	Cutadapt	Genus	9	2	1	0.8181818181818182	0.9	0.8571428571428572	0.18181818181818182	0.4194351528739582	0.4724905887304839	relative_abundance_ge_0.0001
fig4_q20_SE_cutadapt_unite	4Z	Zymo	4	mock_only	ITSdetector	Cutadapt	SE	UNITE+BLAST	BLAST	SE	Cutadapt	Species	6	5	4	0.5454545454545454	0.6	0.5714285714285713	0.45454545454545453	0.622825320483845	0.180531103362356	relative_abundance_ge_0.0001
fig4_q20_SE_itsxpress_unite	1D	DNeasy	1	mock_only	ITSdetector	ITSxpress	SE	UNITE	No_BLAST	SE	ITSxpress	Genus	9	1	1	0.9	0.9	0.9	0.1	0.39709121288068644	0.5099837705721243	relative_abundance_ge_0.0001
fig4_q20_SE_itsxpress_unite	1D	DNeasy	1	mock_only	ITSdetector	ITSxpress	SE	UNITE	No_BLAST	SE	ITSxpress	Species	5	4	5	0.5555555555555556	0.5	0.5263157894736842	0.4444444444444444	0.6037745879851142	0.18702746582260896	relative_abundance_ge_0.0001
fig4_q20_SE_itsxpress_unite	1D	DNeasy	1	mock_only	ITSdetector	ITSxpress	SE	UNITE+BLAST	BLAST	SE	ITSxpress	Genus	9	1	1	0.9	0.9	0.9	0.1	0.39709121288068644	0.5099837705721243	relative_abundance_ge_0.0001
fig4_q20_SE_itsxpress_unite	1D	DNeasy	1	mock_only	ITSdetector	ITSxpress	SE	UNITE+BLAST	BLAST	SE	ITSxpress	Species	6	4	4	0.6	0.6	0.6	0.4	0.6019409996853605	0.18876150686829699	relative_abundance_ge_0.0001
fig4_q20_SE_itsxpress_unite	1Q	QIAamp	1	mock_only	ITSdetector	ITSxpress	SE	UNITE	No_BLAST	SE	ITSxpress	Genus	9	2	1	0.8181818181818182	0.9	0.8571428571428572	0.18181818181818182	0.4180000692976682	0.5020057717296424	relative_abundance_ge_0.0001
fig4_q20_SE_itsxpress_unite	1Q	QIAamp	1	mock_only	ITSdetector	ITSxpress	SE	UNITE	No_BLAST	SE	ITSxpress	Species	5	5	5	0.5	0.5	0.5	0.5	0.6246387859048541	0.19091581974548416	relative_abundance_ge_0.0001
fig4_q20_SE_itsxpress_unite	1Q	QIAamp	1	mock_only	ITSdetector	ITSxpress	SE	UNITE+BLAST	BLAST	SE	ITSxpress	Genus	9	2	1	0.8181818181818182	0.9	0.8571428571428572	0.18181818181818182	0.4180000692976682	0.5020057717296424	relative_abundance_ge_0.0001
fig4_q20_SE_itsxpress_unite	1Q	QIAamp	1	mock_only	ITSdetector	ITSxpress	SE	UNITE+BLAST	BLAST	SE	ITSxpress	Species	6	5	4	0.5454545454545454	0.6	0.5714285714285713	0.45454545454545453	0.6229964311700911	0.19246636083707158	relative_abundance_ge_0.0001
fig4_q20_SE_itsxpress_unite	1Z	Zymo	1	mock_only	ITSdetector	ITSxpress	SE	UNITE	No_BLAST	SE	ITSxpress	Genus	9	1	1	0.9	0.9	0.9	0.1	0.42471777205943384	0.4775683897695716	relative_abundance_ge_0.0001
fig4_q20_SE_itsxpress_unite	1Z	Zymo	1	mock_only	ITSdetector	ITSxpress	SE	UNITE	No_BLAST	SE	ITSxpress	Species	5	4	5	0.5555555555555556	0.5	0.5263157894736842	0.4444444444444444	0.6305283473063833	0.15299788504360753	relative_abundance_ge_0.0001
fig4_q20_SE_itsxpress_unite	1Z	Zymo	1	mock_only	ITSdetector	ITSxpress	SE	UNITE+BLAST	BLAST	SE	ITSxpress	Genus	9	1	1	0.9	0.9	0.9	0.1	0.42471777205943384	0.4775683897695716	relative_abundance_ge_0.0001
fig4_q20_SE_itsxpress_unite	1Z	Zymo	1	mock_only	ITSdetector	ITSxpress	SE	UNITE+BLAST	BLAST	SE	ITSxpress	Species	6	4	4	0.6	0.6	0.6	0.4	0.6290549514401926	0.15418454354076092	relative_abundance_ge_0.0001
fig4_q20_SE_itsxpress_unite	2D	DNeasy	2	mock_only	ITSdetector	ITSxpress	SE	UNITE	No_BLAST	SE	ITSxpress	Genus	9	1	1	0.9	0.9	0.9	0.1	0.3994082308887311	0.49079147398528095	relative_abundance_ge_0.0001
fig4_q20_SE_itsxpress_unite	2D	DNeasy	2	mock_only	ITSdetector	ITSxpress	SE	UNITE	No_BLAST	SE	ITSxpress	Species	5	4	5	0.5555555555555556	0.5	0.5263157894736842	0.4444444444444444	0.6045716184301503	0.19582511959213997	relative_abundance_ge_0.0001
fig4_q20_SE_itsxpress_unite	2D	DNeasy	2	mock_only	ITSdetector	ITSxpress	SE	UNITE+BLAST	BLAST	SE	ITSxpress	Genus	9	1	1	0.9	0.9	0.9	0.1	0.3994082308887311	0.49079147398528095	relative_abundance_ge_0.0001
fig4_q20_SE_itsxpress_unite	2D	DNeasy	2	mock_only	ITSdetector	ITSxpress	SE	UNITE+BLAST	BLAST	SE	ITSxpress	Species	6	4	4	0.6	0.6	0.6	0.4	0.6031617891362324	0.19710194922084884	relative_abundance_ge_0.0001
fig4_q20_SE_itsxpress_unite	2Q	QIAamp	2	mock_only	ITSdetector	ITSxpress	SE	UNITE	No_BLAST	SE	ITSxpress	Genus	9	1	1	0.9	0.9	0.9	0.1	0.4114570774053533	0.5105778359150784	relative_abundance_ge_0.0001
fig4_q20_SE_itsxpress_unite	2Q	QIAamp	2	mock_only	ITSdetector	ITSxpress	SE	UNITE	No_BLAST	SE	ITSxpress	Species	5	4	5	0.5555555555555556	0.5	0.5263157894736842	0.4444444444444444	0.6191282855075959	0.19343658448782547	relative_abundance_ge_0.0001
fig4_q20_SE_itsxpress_unite	2Q	QIAamp	2	mock_only	ITSdetector	ITSxpress	SE	UNITE+BLAST	BLAST	SE	ITSxpress	Genus	9	1	1	0.9	0.9	0.9	0.1	0.4114570774053533	0.5105778359150784	relative_abundance_ge_0.0001
fig4_q20_SE_itsxpress_unite	2Q	QIAamp	2	mock_only	ITSdetector	ITSxpress	SE	UNITE+BLAST	BLAST	SE	ITSxpress	Species	6	4	4	0.6	0.6	0.6	0.4	0.6169881842295636	0.19550857400889465	relative_abundance_ge_0.0001
fig4_q20_SE_itsxpress_unite	2Z	Zymo	2	mock_only	ITSdetector	ITSxpress	SE	UNITE	No_BLAST	SE	ITSxpress	Genus	10	2	0	0.8333333333333334	1	0.9090909090909091	0.16666666666666666	0.4035224035224035	0.5053187903233277	relative_abundance_ge_0.0001
fig4_q20_SE_itsxpress_unite	2Z	Zymo	2	mock_only	ITSdetector	ITSxpress	SE	UNITE	No_BLAST	SE	ITSxpress	Species	6	5	4	0.5454545454545454	0.6	0.5714285714285713	0.45454545454545453	0.6106449106449104	0.18974719957482614	relative_abundance_ge_0.0001
fig4_q20_SE_itsxpress_unite	2Z	Zymo	2	mock_only	ITSdetector	ITSxpress	SE	UNITE+BLAST	BLAST	SE	ITSxpress	Genus	10	2	0	0.8333333333333334	1	0.9090909090909091	0.16666666666666666	0.4035224035224035	0.5053187903233277	relative_abundance_ge_0.0001
fig4_q20_SE_itsxpress_unite	2Z	Zymo	2	mock_only	ITSdetector	ITSxpress	SE	UNITE+BLAST	BLAST	SE	ITSxpress	Species	7	5	3	0.5833333333333334	0.7	0.6363636363636365	0.4166666666666667	0.6087671587671586	0.19157763449493448	relative_abundance_ge_0.0001
fig4_q20_SE_itsxpress_unite	3D	DNeasy	3	mock_only	ITSdetector	ITSxpress	SE	UNITE	No_BLAST	SE	ITSxpress	Genus	9	2	1	0.8181818181818182	0.9	0.8571428571428572	0.18181818181818182	0.4011345095228655	0.5097255296961798	relative_abundance_ge_0.0001
fig4_q20_SE_itsxpress_unite	3D	DNeasy	3	mock_only	ITSdetector	ITSxpress	SE	UNITE	No_BLAST	SE	ITSxpress	Species	5	5	5	0.5	0.5	0.5	0.5	0.6085301697189647	0.19901137912861078	relative_abundance_ge_0.0001
fig4_q20_SE_itsxpress_unite	3D	DNeasy	3	mock_only	ITSdetector	ITSxpress	SE	UNITE+BLAST	BLAST	SE	ITSxpress	Genus	9	2	1	0.8181818181818182	0.9	0.8571428571428572	0.18181818181818182	0.4011345095228655	0.5097255296961798	relative_abundance_ge_0.0001
fig4_q20_SE_itsxpress_unite	3D	DNeasy	3	mock_only	ITSdetector	ITSxpress	SE	UNITE+BLAST	BLAST	SE	ITSxpress	Species	6	5	4	0.5454545454545454	0.6	0.5714285714285713	0.45454545454545453	0.6063648424038183	0.20117559617093647	relative_abundance_ge_0.0001
fig4_q20_SE_itsxpress_unite	3Q	QIAamp	3	mock_only	ITSdetector	ITSxpress	SE	UNITE	No_BLAST	SE	ITSxpress	Genus	9	1	1	0.9	0.9	0.9	0.1	0.41761192510329265	0.4927067444551348	relative_abundance_ge_0.0001
fig4_q20_SE_itsxpress_unite	3Q	QIAamp	3	mock_only	ITSdetector	ITSxpress	SE	UNITE	No_BLAST	SE	ITSxpress	Species	5	4	5	0.5555555555555556	0.5	0.5263157894736842	0.4444444444444444	0.6264522478344601	0.18744396285433	relative_abundance_ge_0.0001
fig4_q20_SE_itsxpress_unite	3Q	QIAamp	3	mock_only	ITSdetector	ITSxpress	SE	UNITE+BLAST	BLAST	SE	ITSxpress	Genus	9	1	1	0.9	0.9	0.9	0.1	0.41761192510329265	0.4927067444551348	relative_abundance_ge_0.0001
fig4_q20_SE_itsxpress_unite	3Q	QIAamp	3	mock_only	ITSdetector	ITSxpress	SE	UNITE+BLAST	BLAST	SE	ITSxpress	Species	6	4	4	0.6	0.6	0.6	0.4	0.6240936972401564	0.18963206462205695	relative_abundance_ge_0.0001
fig4_q20_SE_itsxpress_unite	3Z	Zymo	3	mock_only	ITSdetector	ITSxpress	SE	UNITE	No_BLAST	SE	ITSxpress	Genus	9	1	1	0.9	0.9	0.9	0.1	0.4108600477893419	0.49067463299613023	relative_abundance_ge_0.0001
fig4_q20_SE_itsxpress_unite	3Z	Zymo	3	mock_only	ITSdetector	ITSxpress	SE	UNITE	No_BLAST	SE	ITSxpress	Species	5	4	5	0.5555555555555556	0.5	0.5263157894736842	0.4444444444444444	0.6164488349343297	0.18423740609007103	relative_abundance_ge_0.0001
fig4_q20_SE_itsxpress_unite	3Z	Zymo	3	mock_only	ITSdetector	ITSxpress	SE	UNITE+BLAST	BLAST	SE	ITSxpress	Genus	9	1	1	0.9	0.9	0.9	0.1	0.4108600477893419	0.49067463299613023	relative_abundance_ge_0.0001
fig4_q20_SE_itsxpress_unite	3Z	Zymo	3	mock_only	ITSdetector	ITSxpress	SE	UNITE+BLAST	BLAST	SE	ITSxpress	Species	6	4	4	0.6	0.6	0.6	0.4	0.6148130923553089	0.18573005140499965	relative_abundance_ge_0.0001
fig4_q20_SE_itsxpress_unite	4D	DNeasy	4	mock_only	ITSdetector	ITSxpress	SE	UNITE	No_BLAST	SE	ITSxpress	Genus	9	2	1	0.8181818181818182	0.9	0.8571428571428572	0.18181818181818182	0.39912350718754513	0.5038484591166014	relative_abundance_ge_0.0001
fig4_q20_SE_itsxpress_unite	4D	DNeasy	4	mock_only	ITSdetector	ITSxpress	SE	UNITE	No_BLAST	SE	ITSxpress	Species	5	5	5	0.5	0.5	0.5	0.5	0.6061628163318052	0.20029884512299942	relative_abundance_ge_0.0001
fig4_q20_SE_itsxpress_unite	4D	DNeasy	4	mock_only	ITSdetector	ITSxpress	SE	UNITE+BLAST	BLAST	SE	ITSxpress	Genus	9	2	1	0.8181818181818182	0.9	0.8571428571428572	0.18181818181818182	0.39912350718754513	0.5038484591166014	relative_abundance_ge_0.0001
fig4_q20_SE_itsxpress_unite	4D	DNeasy	4	mock_only	ITSdetector	ITSxpress	SE	UNITE+BLAST	BLAST	SE	ITSxpress	Species	6	5	4	0.5454545454545454	0.6	0.5714285714285713	0.45454545454545453	0.6041787345967601	0.20219726081962675	relative_abundance_ge_0.0001
fig4_q20_SE_itsxpress_unite	4Q	QIAamp	4	mock_only	ITSdetector	ITSxpress	SE	UNITE	No_BLAST	SE	ITSxpress	Genus	9	2	1	0.8181818181818182	0.9	0.8571428571428572	0.18181818181818182	0.4138498415535874	0.5004091367452111	relative_abundance_ge_0.0001
fig4_q20_SE_itsxpress_unite	4Q	QIAamp	4	mock_only	ITSdetector	ITSxpress	SE	UNITE	No_BLAST	SE	ITSxpress	Species	5	5	5	0.5	0.5	0.5	0.5	0.6226151783537822	0.1731854004152876	relative_abundance_ge_0.0001
fig4_q20_SE_itsxpress_unite	4Q	QIAamp	4	mock_only	ITSdetector	ITSxpress	SE	UNITE+BLAST	BLAST	SE	ITSxpress	Genus	9	2	1	0.8181818181818182	0.9	0.8571428571428572	0.18181818181818182	0.4138498415535874	0.5004091367452111	relative_abundance_ge_0.0001
fig4_q20_SE_itsxpress_unite	4Q	QIAamp	4	mock_only	ITSdetector	ITSxpress	SE	UNITE+BLAST	BLAST	SE	ITSxpress	Species	6	5	4	0.5454545454545454	0.6	0.5714285714285713	0.45454545454545453	0.6204111481270822	0.17514324480815105	relative_abundance_ge_0.0001
fig4_q20_SE_itsxpress_unite	4Z	Zymo	4	mock_only	ITSdetector	ITSxpress	SE	UNITE	No_BLAST	SE	ITSxpress	Genus	9	2	1	0.8181818181818182	0.9	0.8571428571428572	0.18181818181818182	0.416880219507817	0.4758531519934848	relative_abundance_ge_0.0001
fig4_q20_SE_itsxpress_unite	4Z	Zymo	4	mock_only	ITSdetector	ITSxpress	SE	UNITE	No_BLAST	SE	ITSxpress	Species	5	5	5	0.5	0.5	0.5	0.5	0.6221627674396739	0.1793236953921813	relative_abundance_ge_0.0001
fig4_q20_SE_itsxpress_unite	4Z	Zymo	4	mock_only	ITSdetector	ITSxpress	SE	UNITE+BLAST	BLAST	SE	ITSxpress	Genus	9	2	1	0.8181818181818182	0.9	0.8571428571428572	0.18181818181818182	0.416880219507817	0.4758531519934848	relative_abundance_ge_0.0001
fig4_q20_SE_itsxpress_unite	4Z	Zymo	4	mock_only	ITSdetector	ITSxpress	SE	UNITE+BLAST	BLAST	SE	ITSxpress	Species	6	5	4	0.5454545454545454	0.6	0.5714285714285713	0.45454545454545453	0.6201283881390558	0.18108504517504417	relative_abundance_ge_0.0001
