run_id	sample_id	DNA_kit	replicate	matrix_type	Trimm	Paired	Method	taxonomy_method	BLAST	metric	value
fig4_q20_PE_cutadapt_unite	1D	DNeasy	1	mock_only	Cutadapt	PE	Cutadapt_PE	UNITE	No_BLAST	F1-score	0.47619047619047616
fig4_q20_PE_cutadapt_unite	1D	DNeasy	1	mock_only	Cutadapt	PE	Cutadapt_PE	UNITE	No_BLAST	R²	0.18415012205867667
fig4_q20_PE_cutadapt_unite	1D	DNeasy	1	mock_only	Cutadapt	PE	Cutadapt_PE	UNITE	No_BLAST	Bray–Curtis	0.6057091704794112
fig4_q20_PE_cutadapt_unite	1D	DNeasy	1	mock_only	Cutadapt	PE	Cutadapt_PE	UNITE	No_BLAST	Precision	0.45454545454545453
fig4_q20_PE_cutadapt_unite	1D	DNeasy	1	mock_only	Cutadapt	PE	Cutadapt_PE	UNITE	No_BLAST	Recall	0.5
fig4_q20_PE_cutadapt_unite	1D	DNeasy	1	mock_only	Cutadapt	PE	Cutadapt_PE	UNITE	No_BLAST	FDR	0.5454545454545454
fig4_q20_PE_cutadapt_unite	1D	DNeasy	1	mock_only	Cutadapt	PE	Cutadapt_PE	UNITE+BLAST	BLAST	F1-score	0.5454545454545454
fig4_q20_PE_cutadapt_unite	1D	DNeasy	1	mock_only	Cutadapt	PE	Cutadapt_PE	UNITE+BLAST	BLAST	R²	0.1860322039254995
fig4_q20_PE_cutadapt_unite	1D	DNeasy	1	mock_only	Cutadapt	PE	Cutadapt_PE	UNITE+BLAST	BLAST	Bray–Curtis	0.6036328824348518
fig4_q20_PE_cutadapt_unite	1D	DNeasy	1	mock_only	Cutadapt	PE	Cutadapt_PE	UNITE+BLAST	BLAST	Precision	0.5
fig4_q20_PE_cutadapt_unite	1D	DNeasy	1	mock_only	Cutadapt	PE	Cutadapt_PE	UNITE+BLAST	BLAST	Recall	0.6
fig4_q20_PE_cutadapt_unite	1D	DNeasy	1	mock_only	Cutadapt	PE	Cutadapt_PE	UNITE+BLAST	BLAST	FDR	0.5
fig4_q20_PE_cutadapt_unite	1Q	QIAamp	1	mock_only	Cutadapt	PE	Cutadapt_PE	UNITE	No_BLAST	F1-score	0.47619047619047616
fig4_q20_PE_cutadapt_unite	1Q	QIAamp	1	mock_only	Cutadapt	PE	Cutadapt_PE	UNITE	No_BLAST	R²	0.19023661279788115
fig4_q20_PE_cutadapt_unite	1Q	QIAamp	1	mock_only	Cutadapt	PE	Cutadapt_PE	UNITE	No_BLAST	Bray–Curtis	0.6262060836993024
fig4_q20_PE_cutadapt_unite	1Q	QIAamp	1	mock_only	Cutadapt	PE	Cutadapt_PE	UNITE	No_BLAST	Precision	0.45454545454545453
fig4_q20_PE_cutadapt_unite	1Q	QIAamp	1	mock_only	Cutadapt	PE	Cutadapt_PE	UNITE	No_BLAST	Recall	0.5
fig4_q20_PE_cutadapt_unite	1Q	QIAamp	1	mock_only	Cutadapt	PE	Cutadapt_PE	UNITE	No_BLAST	FDR	0.5454545454545454
fig4_q20_PE_cutadapt_unite	1Q	QIAamp	1	mock_only	Cutadapt	PE	Cutadapt_PE	UNITE+BLAST	BLAST	F1-score	0.5454545454545454
fig4_q20_PE_cutadapt_unite	1Q	QIAamp	1	mock_only	Cutadapt	PE	Cutadapt_PE	UNITE+BLAST	BLAST	R²	0.19187824781293178
fig4_q20_PE_cutadapt_unite	1Q	QIAamp	1	mock_only	Cutadapt	PE	Cutadapt_PE	UNITE+BLAST	BLAST	Bray–Curtis	0.6243896925858952
fig4_q20_PE_cutadapt_unite	1Q	QIAamp	1	mock_only	Cutadapt	PE	Cutadapt_PE	UNITE+BLAST	BLAST	Precision	0.5
fig4_q20_PE_cutadapt_unite	1Q	QIAamp	1	mock_only	Cutadapt	PE	Cutadapt_PE	UNITE+BLAST	BLAST	Recall	0.6
fig4_q20_PE_cutadapt_unite	1Q	QIAamp	1	mock_only	Cutadapt	PE	Cutadapt_PE	UNITE+BLAST	BLAST	FDR	0.5
fig4_q20_PE_cutadapt_unite	1Z	Zymo	1	mock_only	Cutadapt	PE	Cutadapt_PE	UNITE	No_BLAST	F1-score	0.5
fig4_q20_PE_cutadapt_unite	1Z	Zymo	1	mock_only	Cutadapt	PE	Cutadapt_PE	UNITE	No_BLAST	R²	0.14906409602923001
fig4_q20_PE_cutadapt_unite	1Z	Zymo	1	mock_only	Cutadapt	PE	Cutadapt_PE	UNITE	No_BLAST	Bray–Curtis	0.63224208947406
fig4_q20_PE_cutadapt_unite	1Z	Zymo	1	mock_only	Cutadapt	PE	Cutadapt_PE	UNITE	No_BLAST	Precision	0.5
fig4_q20_PE_cutadapt_unite	1Z	Zymo	1	mock_only	Cutadapt	PE	Cutadapt_PE	UNITE	No_BLAST	Recall	0.5
fig4_q20_PE_cutadapt_unite	1Z	Zymo	1	mock_only	Cutadapt	PE	Cutadapt_PE	UNITE	No_BLAST	FDR	0.5
fig4_q20_PE_cutadapt_unite	1Z	Zymo	1	mock_only	Cutadapt	PE	Cutadapt_PE	UNITE+BLAST	BLAST	F1-score	0.608695652173913
fig4_q20_PE_cutadapt_unite	1Z	Zymo	1	mock_only	Cutadapt	PE	Cutadapt_PE	UNITE+BLAST	BLAST	R²	0.15022104531766886
fig4_q20_PE_cutadapt_unite	1Z	Zymo	1	mock_only	Cutadapt	PE	Cutadapt_PE	UNITE+BLAST	BLAST	Bray–Curtis	0.6307302207090307
fig4_q20_PE_cutadapt_unite	1Z	Zymo	1	mock_only	Cutadapt	PE	Cutadapt_PE	UNITE+BLAST	BLAST	Precision	0.5384615384615384
fig4_q20_PE_cutadapt_unite	1Z	Zymo	1	mock_only	Cutadapt	PE	Cutadapt_PE	UNITE+BLAST	BLAST	Recall	0.7
fig4_q20_PE_cutadapt_unite	1Z	Zymo	1	mock_only	Cutadapt	PE	Cutadapt_PE	UNITE+BLAST	BLAST	FDR	0.46153846153846156
fig4_q20_PE_cutadapt_unite	2D	DNeasy	2	mock_only	Cutadapt	PE	Cutadapt_PE	UNITE	No_BLAST	F1-score	0.45454545454545453
fig4_q20_PE_cutadapt_unite	2D	DNeasy	2	mock_only	Cutadapt	PE	Cutadapt_PE	UNITE	No_BLAST	R²	0.19401262948155437
fig4_q20_PE_cutadapt_unite	2D	DNeasy	2	mock_only	Cutadapt	PE	Cutadapt_PE	UNITE	No_BLAST	Bray–Curtis	0.6057545596928205
fig4_q20_PE_cutadapt_unite	2D	DNeasy	2	mock_only	Cutadapt	PE	Cutadapt_PE	UNITE	No_BLAST	Precision	0.4166666666666667
fig4_q20_PE_cutadapt_unite	2D	DNeasy	2	mock_only	Cutadapt	PE	Cutadapt_PE	UNITE	No_BLAST	Recall	0.5
fig4_q20_PE_cutadapt_unite	2D	DNeasy	2	mock_only	Cutadapt	PE	Cutadapt_PE	UNITE	No_BLAST	FDR	0.5833333333333334
fig4_q20_PE_cutadapt_unite	2D	DNeasy	2	mock_only	Cutadapt	PE	Cutadapt_PE	UNITE+BLAST	BLAST	F1-score	0.5217391304347826
fig4_q20_PE_cutadapt_unite	2D	DNeasy	2	mock_only	Cutadapt	PE	Cutadapt_PE	UNITE+BLAST	BLAST	R²	0.19533276048403858
fig4_q20_PE_cutadapt_unite	2D	DNeasy	2	mock_only	Cutadapt	PE	Cutadapt_PE	UNITE+BLAST	BLAST	Bray–Curtis	0.604238872328601
fig4_q20_PE_cutadapt_unite	2D	DNeasy	2	mock_only	Cutadapt	PE	Cutadapt_PE	UNITE+BLAST	BLAST	Precision	0.46153846153846156
fig4_q20_PE_cutadapt_unite	2D	DNeasy	2	mock_only	Cutadapt	PE	Cutadapt_PE	UNITE+BLAST	BLAST	Recall	0.6
fig4_q20_PE_cutadapt_unite	2D	DNeasy	2	mock_only	Cutadapt	PE	Cutadapt_PE	UNITE+BLAST	BLAST	FDR	0.5384615384615384
fig4_q20_PE_cutadapt_unite	2Q	QIAamp	2	mock_only	Cutadapt	PE	Cutadapt_PE	UNITE	No_BLAST	F1-score	0.5
fig4_q20_PE_cutadapt_unite	2Q	QIAamp	2	mock_only	Cutadapt	PE	Cutadapt_PE	UNITE	No_BLAST	R²	0.19491128233789864
fig4_q20_PE_cutadapt_unite	2Q	QIAamp	2	mock_only	Cutadapt	PE	Cutadapt_PE	UNITE	No_BLAST	Bray–Curtis	0.6201363525687851
fig4_q20_PE_cutadapt_unite	2Q	QIAamp	2	mock_only	Cutadapt	PE	Cutadapt_PE	UNITE	No_BLAST	Precision	0.5
fig4_q20_PE_cutadapt_unite	2Q	QIAamp	2	mock_only	Cutadapt	PE	Cutadapt_PE	UNITE	No_BLAST	Recall	0.5
fig4_q20_PE_cutadapt_unite	2Q	QIAamp	2	mock_only	Cutadapt	PE	Cutadapt_PE	UNITE	No_BLAST	FDR	0.5
fig4_q20_PE_cutadapt_unite	2Q	QIAamp	2	mock_only	Cutadapt	PE	Cutadapt_PE	UNITE+BLAST	BLAST	F1-score	0.6363636363636365
fig4_q20_PE_cutadapt_unite	2Q	QIAamp	2	mock_only	Cutadapt	PE	Cutadapt_PE	UNITE+BLAST	BLAST	R²	0.19704349438985777
fig4_q20_PE_cutadapt_unite	2Q	QIAamp	2	mock_only	Cutadapt	PE	Cutadapt_PE	UNITE+BLAST	BLAST	Bray–Curtis	0.6178754043618908
fig4_q20_PE_cutadapt_unite	2Q	QIAamp	2	mock_only	Cutadapt	PE	Cutadapt_PE	UNITE+BLAST	BLAST	Precision	0.5833333333333334
fig4_q20_PE_cutadapt_unite	2Q	QIAamp	2	mock_only	Cutadapt	PE	Cutadapt_PE	UNITE+BLAST	BLAST	Recall	0.7
fig4_q20_PE_cutadapt_unite	2Q	QIAamp	2	mock_only	Cutadapt	PE	Cutadapt_PE	UNITE+BLAST	BLAST	FDR	0.4166666666666667
fig4_q20_PE_cutadapt_unite	2Z	Zymo	2	mock_only	Cutadapt	PE	Cutadapt_PE	UNITE	No_BLAST	F1-score	0.47619047619047616
fig4_q20_PE_cutadapt_unite	2Z	Zymo	2	mock_only	Cutadapt	PE	Cutadapt_PE	UNITE	No_BLAST	R²	0.1887389833609609
fig4_q20_PE_cutadapt_unite	2Z	Zymo	2	mock_only	Cutadapt	PE	Cutadapt_PE	UNITE	No_BLAST	Bray–Curtis	0.6114861953357366
fig4_q20_PE_cutadapt_unite	2Z	Zymo	2	mock_only	Cutadapt	PE	Cutadapt_PE	UNITE	No_BLAST	Precision	0.45454545454545453
fig4_q20_PE_cutadapt_unite	2Z	Zymo	2	mock_only	Cutadapt	PE	Cutadapt_PE	UNITE	No_BLAST	Recall	0.5
fig4_q20_PE_cutadapt_unite	2Z	Zymo	2	mock_only	Cutadapt	PE	Cutadapt_PE	UNITE	No_BLAST	FDR	0.5454545454545454
fig4_q20_PE_cutadapt_unite	2Z	Zymo	2	mock_only	Cutadapt	PE	Cutadapt_PE	UNITE+BLAST	BLAST	F1-score	0.608695652173913
fig4_q20_PE_cutadapt_unite	2Z	Zymo	2	mock_only	Cutadapt	PE	Cutadapt_PE	UNITE+BLAST	BLAST	R²	0.19077770872013888
fig4_q20_PE_cutadapt_unite	2Z	Zymo	2	mock_only	Cutadapt	PE	Cutadapt_PE	UNITE+BLAST	BLAST	Bray–Curtis	0.6093211699544924
fig4_q20_PE_cutadapt_unite	2Z	Zymo	2	mock_only	Cutadapt	PE	Cutadapt_PE	UNITE+BLAST	BLAST	Precision	0.5384615384615384
fig4_q20_PE_cutadapt_unite	2Z	Zymo	2	mock_only	Cutadapt	PE	Cutadapt_PE	UNITE+BLAST	BLAST	Recall	0.7
fig4_q20_PE_cutadapt_unite	2Z	Zymo	2	mock_only	Cutadapt	PE	Cutadapt_PE	UNITE+BLAST	BLAST	FDR	0.46153846153846156
fig4_q20_PE_cutadapt_unite	3D	DNeasy	3	mock_only	Cutadapt	PE	Cutadapt_PE	UNITE	No_BLAST	F1-score	0.45454545454545453
fig4_q20_PE_cutadapt_unite	3D	DNeasy	3	mock_only	Cutadapt	PE	Cutadapt_PE	UNITE	No_BLAST	R²	0.19985588225463657
fig4_q20_PE_cutadapt_unite	3D	DNeasy	3	mock_only	Cutadapt	PE	Cutadapt_PE	UNITE	No_BLAST	Bray–Curtis	0.6087221976151391
fig4_q20_PE_cutadapt_unite	3D	DNeasy	3	mock_only	Cutadapt	PE	Cutadapt_PE	UNITE	No_BLAST	Precision	0.4166666666666667
fig4_q20_PE_cutadapt_unite	3D	DNeasy	3	mock_only	Cutadapt	PE	Cutadapt_PE	UNITE	No_BLAST	Recall	0.5
fig4_q20_PE_cutadapt_unite	3D	DNeasy	3	mock_only	Cutadapt	PE	Cutadapt_PE	UNITE	No_BLAST	FDR	0.5833333333333334
fig4_q20_PE_cutadapt_unite	3D	DNeasy	3	mock_only	Cutadapt	PE	Cutadapt_PE	UNITE+BLAST	BLAST	F1-score	0.5217391304347826
fig4_q20_PE_cutadapt_unite	3D	DNeasy	3	mock_only	Cutadapt	PE	Cutadapt_PE	UNITE+BLAST	BLAST	R²	0.2020685357480726
fig4_q20_PE_cutadapt_unite	3D	DNeasy	3	mock_only	Cutadapt	PE	Cutadapt_PE	UNITE+BLAST	BLAST	Bray–Curtis	0.6064467661950791
fig4_q20_PE_cutadapt_unite	3D	DNeasy	3	mock_only	Cutadapt	PE	Cutadapt_PE	UNITE+BLAST	BLAST	Precision	0.46153846153846156
fig4_q20_PE_cutadapt_unite	3D	DNeasy	3	mock_only	Cutadapt	PE	Cutadapt_PE	UNITE+BLAST	BLAST	Recall	0.6
fig4_q20_PE_cutadapt_unite	3D	DNeasy	3	mock_only	Cutadapt	PE	Cutadapt_PE	UNITE+BLAST	BLAST	FDR	0.5384615384615384
fig4_q20_PE_cutadapt_unite	3Q	QIAamp	3	mock_only	Cutadapt	PE	Cutadapt_PE	UNITE	No_BLAST	F1-score	0.47619047619047616
fig4_q20_PE_cutadapt_unite	3Q	QIAamp	3	mock_only	Cutadapt	PE	Cutadapt_PE	UNITE	No_BLAST	R²	0.18679191777021154
fig4_q20_PE_cutadapt_unite	3Q	QIAamp	3	mock_only	Cutadapt	PE	Cutadapt_PE	UNITE	No_BLAST	Bray–Curtis	0.6278953473637009
fig4_q20_PE_cutadapt_unite	3Q	QIAamp	3	mock_only	Cutadapt	PE	Cutadapt_PE	UNITE	No_BLAST	Precision	0.45454545454545453
fig4_q20_PE_cutadapt_unite	3Q	QIAamp	3	mock_only	Cutadapt	PE	Cutadapt_PE	UNITE	No_BLAST	Recall	0.5
fig4_q20_PE_cutadapt_unite	3Q	QIAamp	3	mock_only	Cutadapt	PE	Cutadapt_PE	UNITE	No_BLAST	FDR	0.5454545454545454
fig4_q20_PE_cutadapt_unite	3Q	QIAamp	3	mock_only	Cutadapt	PE	Cutadapt_PE	UNITE+BLAST	BLAST	F1-score	0.608695652173913
fig4_q20_PE_cutadapt_unite	3Q	QIAamp	3	mock_only	Cutadapt	PE	Cutadapt_PE	UNITE+BLAST	BLAST	R²	0.18898742233816324
fig4_q20_PE_cutadapt_unite	3Q	QIAamp	3	mock_only	Cutadapt	PE	Cutadapt_PE	UNITE+BLAST	BLAST	Bray–Curtis	0.6254388957665202
fig4_q20_PE_cutadapt_unite	3Q	QIAamp	3	mock_only	Cutadapt	PE	Cutadapt_PE	UNITE+BLAST	BLAST	Precision	0.5384615384615384
fig4_q20_PE_cutadapt_unite	3Q	QIAamp	3	mock_only	Cutadapt	PE	Cutadapt_PE	UNITE+BLAST	BLAST	Recall	0.7
fig4_q20_PE_cutadapt_unite	3Q	QIAamp	3	mock_only	Cutadapt	PE	Cutadapt_PE	UNITE+BLAST	BLAST	FDR	0.46153846153846156
fig4_q20_PE_cutadapt_unite	3Z	Zymo	3	mock_only	Cutadapt	PE	Cutadapt_PE	UNITE	No_BLAST	F1-score	0.47619047619047616
fig4_q20_PE_cutadapt_unite	3Z	Zymo	3	mock_only	Cutadapt	PE	Cutadapt_PE	UNITE	No_BLAST	R²	0.18220808992876047
fig4_q20_PE_cutadapt_unite	3Z	Zymo	3	mock_only	Cutadapt	PE	Cutadapt_PE	UNITE	No_BLAST	Bray–Curtis	0.6173328438346104
fig4_q20_PE_cutadapt_unite	3Z	Zymo	3	mock_only	Cutadapt	PE	Cutadapt_PE	UNITE	No_BLAST	Precision	0.45454545454545453
fig4_q20_PE_cutadapt_unite	3Z	Zymo	3	mock_only	Cutadapt	PE	Cutadapt_PE	UNITE	No_BLAST	Recall	0.5
fig4_q20_PE_cutadapt_unite	3Z	Zymo	3	mock_only	Cutadapt	PE	Cutadapt_PE	UNITE	No_BLAST	FDR	0.5454545454545454
fig4_q20_PE_cutadapt_unite	3Z	Zymo	3	mock_only	Cutadapt	PE	Cutadapt_PE	UNITE+BLAST	BLAST	F1-score	0.608695652173913
fig4_q20_PE_cutadapt_unite	3Z	Zymo	3	mock_only	Cutadapt	PE	Cutadapt_PE	UNITE+BLAST	BLAST	R²	0.1836508878298453
fig4_q20_PE_cutadapt_unite	3Z	Zymo	3	mock_only	Cutadapt	PE	Cutadapt_PE	UNITE+BLAST	BLAST	Bray–Curtis	0.6156807856454498
fig4_q20_PE_cutadapt_unite	3Z	Zymo	3	mock_only	Cutadapt	PE	Cutadapt_PE	UNITE+BLAST	BLAST	Precision	0.5384615384615384
fig4_q20_PE_cutadapt_unite	3Z	Zymo	3	mock_only	Cutadapt	PE	Cutadapt_PE	UNITE+BLAST	BLAST	Recall	0.7
fig4_q20_PE_cutadapt_unite	3Z	Zymo	3	mock_only	Cutadapt	PE	Cutadapt_PE	UNITE+BLAST	BLAST	FDR	0.46153846153846156
fig4_q20_PE_cutadapt_unite	4D	DNeasy	4	mock_only	Cutadapt	PE	Cutadapt_PE	UNITE	No_BLAST	F1-score	0.5
fig4_q20_PE_cutadapt_unite	4D	DNeasy	4	mock_only	Cutadapt	PE	Cutadapt_PE	UNITE	No_BLAST	R²	0.19904300022002896
fig4_q20_PE_cutadapt_unite	4D	DNeasy	4	mock_only	Cutadapt	PE	Cutadapt_PE	UNITE	No_BLAST	Bray–Curtis	0.6072369716531253
fig4_q20_PE_cutadapt_unite	4D	DNeasy	4	mock_only	Cutadapt	PE	Cutadapt_PE	UNITE	No_BLAST	Precision	0.5
fig4_q20_PE_cutadapt_unite	4D	DNeasy	4	mock_only	Cutadapt	PE	Cutadapt_PE	UNITE	No_BLAST	Recall	0.5
fig4_q20_PE_cutadapt_unite	4D	DNeasy	4	mock_only	Cutadapt	PE	Cutadapt_PE	UNITE	No_BLAST	FDR	0.5
fig4_q20_PE_cutadapt_unite	4D	DNeasy	4	mock_only	Cutadapt	PE	Cutadapt_PE	UNITE+BLAST	BLAST	F1-score	0.5714285714285713
fig4_q20_PE_cutadapt_unite	4D	DNeasy	4	mock_only	Cutadapt	PE	Cutadapt_PE	UNITE+BLAST	BLAST	R²	0.20105250177249268
fig4_q20_PE_cutadapt_unite	4D	DNeasy	4	mock_only	Cutadapt	PE	Cutadapt_PE	UNITE+BLAST	BLAST	Bray–Curtis	0.6050538085494378
fig4_q20_PE_cutadapt_unite	4D	DNeasy	4	mock_only	Cutadapt	PE	Cutadapt_PE	UNITE+BLAST	BLAST	Precision	0.5454545454545454
fig4_q20_PE_cutadapt_unite	4D	DNeasy	4	mock_only	Cutadapt	PE	Cutadapt_PE	UNITE+BLAST	BLAST	Recall	0.6
fig4_q20_PE_cutadapt_unite	4D	DNeasy	4	mock_only	Cutadapt	PE	Cutadapt_PE	UNITE+BLAST	BLAST	FDR	0.45454545454545453
fig4_q20_PE_cutadapt_unite	4Q	QIAamp	4	mock_only	Cutadapt	PE	Cutadapt_PE	UNITE	No_BLAST	F1-score	0.5
fig4_q20_PE_cutadapt_unite	4Q	QIAamp	4	mock_only	Cutadapt	PE	Cutadapt_PE	UNITE	No_BLAST	R²	0.17091478957472528
fig4_q20_PE_cutadapt_unite	4Q	QIAamp	4	mock_only	Cutadapt	PE	Cutadapt_PE	UNITE	No_BLAST	Bray–Curtis	0.6237524678330724
fig4_q20_PE_cutadapt_unite	4Q	QIAamp	4	mock_only	Cutadapt	PE	Cutadapt_PE	UNITE	No_BLAST	Precision	0.5
fig4_q20_PE_cutadapt_unite	4Q	QIAamp	4	mock_only	Cutadapt	PE	Cutadapt_PE	UNITE	No_BLAST	Recall	0.5
fig4_q20_PE_cutadapt_unite	4Q	QIAamp	4	mock_only	Cutadapt	PE	Cutadapt_PE	UNITE	No_BLAST	FDR	0.5
fig4_q20_PE_cutadapt_unite	4Q	QIAamp	4	mock_only	Cutadapt	PE	Cutadapt_PE	UNITE+BLAST	BLAST	F1-score	0.5714285714285713
fig4_q20_PE_cutadapt_unite	4Q	QIAamp	4	mock_only	Cutadapt	PE	Cutadapt_PE	UNITE+BLAST	BLAST	R²	0.17278229352337474
fig4_q20_PE_cutadapt_unite	4Q	QIAamp	4	mock_only	Cutadapt	PE	Cutadapt_PE	UNITE+BLAST	BLAST	Bray–Curtis	0.6215739669140172
fig4_q20_PE_cutadapt_unite	4Q	QIAamp	4	mock_only	Cutadapt	PE	Cutadapt_PE	UNITE+BLAST	BLAST	Precision	0.5454545454545454
fig4_q20_PE_cutadapt_unite	4Q	QIAamp	4	mock_only	Cutadapt	PE	Cutadapt_PE	UNITE+BLAST	BLAST	Recall	0.6
fig4_q20_PE_cutadapt_unite	4Q	QIAamp	4	mock_only	Cutadapt	PE	Cutadapt_PE	UNITE+BLAST	BLAST	FDR	0.45454545454545453
fig4_q20_PE_cutadapt_unite	4Z	Zymo	4	mock_only	Cutadapt	PE	Cutadapt_PE	UNITE	No_BLAST	F1-score	0.5
fig4_q20_PE_cutadapt_unite	4Z	Zymo	4	mock_only	Cutadapt	PE	Cutadapt_PE	UNITE	No_BLAST	R²	0.17725937823470372
fig4_q20_PE_cutadapt_unite	4Z	Zymo	4	mock_only	Cutadapt	PE	Cutadapt_PE	UNITE	No_BLAST	Bray–Curtis	0.6237216790813157
fig4_q20_PE_cutadapt_unite	4Z	Zymo	4	mock_only	Cutadapt	PE	Cutadapt_PE	UNITE	No_BLAST	Precision	0.5
fig4_q20_PE_cutadapt_unite	4Z	Zymo	4	mock_only	Cutadapt	PE	Cutadapt_PE	UNITE	No_BLAST	Recall	0.5
fig4_q20_PE_cutadapt_unite	4Z	Zymo	4	mock_only	Cutadapt	PE	Cutadapt_PE	UNITE	No_BLAST	FDR	0.5
fig4_q20_PE_cutadapt_unite	4Z	Zymo	4	mock_only	Cutadapt	PE	Cutadapt_PE	UNITE+BLAST	BLAST	F1-score	0.6363636363636365
fig4_q20_PE_cutadapt_unite	4Z	Zymo	4	mock_only	Cutadapt	PE	Cutadapt_PE	UNITE+BLAST	BLAST	R²	0.17903777617303568
fig4_q20_PE_cutadapt_unite	4Z	Zymo	4	mock_only	Cutadapt	PE	Cutadapt_PE	UNITE+BLAST	BLAST	Bray–Curtis	0.6215782122905027
fig4_q20_PE_cutadapt_unite	4Z	Zymo	4	mock_only	Cutadapt	PE	Cutadapt_PE	UNITE+BLAST	BLAST	Precision	0.5833333333333334
fig4_q20_PE_cutadapt_unite	4Z	Zymo	4	mock_only	Cutadapt	PE	Cutadapt_PE	UNITE+BLAST	BLAST	Recall	0.7
fig4_q20_PE_cutadapt_unite	4Z	Zymo	4	mock_only	Cutadapt	PE	Cutadapt_PE	UNITE+BLAST	BLAST	FDR	0.4166666666666667
fig4_q20_PE_itsxpress_unite	1D	DNeasy	1	mock_only	ITSxpress	PE	ITSx_PE	UNITE	No_BLAST	F1-score	0.5
fig4_q20_PE_itsxpress_unite	1D	DNeasy	1	mock_only	ITSxpress	PE	ITSx_PE	UNITE	No_BLAST	R²	0.1870264907979021
fig4_q20_PE_itsxpress_unite	1D	DNeasy	1	mock_only	ITSxpress	PE	ITSx_PE	UNITE	No_BLAST	Bray–Curtis	0.6037751422737737
fig4_q20_PE_itsxpress_unite	1D	DNeasy	1	mock_only	ITSxpress	PE	ITSx_PE	UNITE	No_BLAST	Precision	0.5
fig4_q20_PE_itsxpress_unite	1D	DNeasy	1	mock_only	ITSxpress	PE	ITSx_PE	UNITE	No_BLAST	Recall	0.5
fig4_q20_PE_itsxpress_unite	1D	DNeasy	1	mock_only	ITSxpress	PE	ITSx_PE	UNITE	No_BLAST	FDR	0.5
fig4_q20_PE_itsxpress_unite	1D	DNeasy	1	mock_only	ITSxpress	PE	ITSx_PE	UNITE+BLAST	BLAST	F1-score	0.5714285714285713
fig4_q20_PE_itsxpress_unite	1D	DNeasy	1	mock_only	ITSxpress	PE	ITSx_PE	UNITE+BLAST	BLAST	R²	0.18876162539504254
fig4_q20_PE_itsxpress_unite	1D	DNeasy	1	mock_only	ITSxpress	PE	ITSx_PE	UNITE+BLAST	BLAST	Bray–Curtis	0.6019397019853164
fig4_q20_PE_itsxpress_unite	1D	DNeasy	1	mock_only	ITSxpress	PE	ITSx_PE	UNITE+BLAST	BLAST	Precision	0.5454545454545454
fig4_q20_PE_itsxpress_unite	1D	DNeasy	1	mock_only	ITSxpress	PE	ITSx_PE	UNITE+BLAST	BLAST	Recall	0.6
fig4_q20_PE_itsxpress_unite	1D	DNeasy	1	mock_only	ITSxpress	PE	ITSx_PE	UNITE+BLAST	BLAST	FDR	0.45454545454545453
fig4_q20_PE_itsxpress_unite	1Q	QIAamp	1	mock_only	ITSxpress	PE	ITSx_PE	UNITE	No_BLAST	F1-score	0.47619047619047616
fig4_q20_PE_itsxpress_unite	1Q	QIAamp	1	mock_only	ITSxpress	PE	ITSx_PE	UNITE	No_BLAST	R²	0.19085931295445233
fig4_q20_PE_itsxpress_unite	1Q	QIAamp	1	mock_only	ITSxpress	PE	ITSx_PE	UNITE	No_BLAST	Bray–Curtis	0.6245635347610288
fig4_q20_PE_itsxpress_unite	1Q	QIAamp	1	mock_only	ITSxpress	PE	ITSx_PE	UNITE	No_BLAST	Precision	0.45454545454545453
fig4_q20_PE_itsxpress_unite	1Q	QIAamp	1	mock_only	ITSxpress	PE	ITSx_PE	UNITE	No_BLAST	Recall	0.5
fig4_q20_PE_itsxpress_unite	1Q	QIAamp	1	mock_only	ITSxpress	PE	ITSx_PE	UNITE	No_BLAST	FDR	0.5454545454545454
fig4_q20_PE_itsxpress_unite	1Q	QIAamp	1	mock_only	ITSxpress	PE	ITSx_PE	UNITE+BLAST	BLAST	F1-score	0.5217391304347826
fig4_q20_PE_itsxpress_unite	1Q	QIAamp	1	mock_only	ITSxpress	PE	ITSx_PE	UNITE+BLAST	BLAST	R²	0.19241092536006232
fig4_q20_PE_itsxpress_unite	1Q	QIAamp	1	mock_only	ITSxpress	PE	ITSx_PE	UNITE+BLAST	BLAST	Bray–Curtis	0.6229183298045886
fig4_q20_PE_itsxpress_unite	1Q	QIAamp	1	mock_only	ITSxpress	PE	ITSx_PE	UNITE+BLAST	BLAST	Precision	0.46153846153846156
fig4_q20_PE_itsxpress_unite	1Q	QIAamp	1	mock_only	ITSxpress	PE	ITSx_PE	UNITE+BLAST	BLAST	Recall	0.6
fig4_q20_PE_itsxpress_unite	1Q	QIAamp	1	mock_only	ITSxpress	PE	ITSx_PE	UNITE+BLAST	BLAST	FDR	0.5384615384615384
fig4_q20_PE_itsxpress_unite	1Z	Zymo	1	mock_only	ITSxpress	PE	ITSx_PE	UNITE	No_BLAST	F1-score	0.5714285714285713
fig4_q20_PE_itsxpress_unite	1Z	Zymo	1	mock_only	ITSxpress	PE	ITSx_PE	UNITE	No_BLAST	R²	0.15311888681473068
fig4_q20_PE_itsxpress_unite	1Z	Zymo	1	mock_only	ITSxpress	PE	ITSx_PE	UNITE	No_BLAST	Bray–Curtis	0.6304823900090466
fig4_q20_PE_itsxpress_unite	1Z	Zymo	1	mock_only	ITSxpress	PE	ITSx_PE	UNITE	No_BLAST	Precision	0.5454545454545454
fig4_q20_PE_itsxpress_unite	1Z	Zymo	1	mock_only	ITSxpress	PE	ITSx_PE	UNITE	No_BLAST	Recall	0.6
fig4_q20_PE_itsxpress_unite	1Z	Zymo	1	mock_only	ITSxpress	PE	ITSx_PE	UNITE	No_BLAST	FDR	0.45454545454545453
fig4_q20_PE_itsxpress_unite	1Z	Zymo	1	mock_only	ITSxpress	PE	ITSx_PE	UNITE+BLAST	BLAST	F1-score	0.6363636363636365
fig4_q20_PE_itsxpress_unite	1Z	Zymo	1	mock_only	ITSxpress	PE	ITSx_PE	UNITE+BLAST	BLAST	R²	0.15430611725801213
fig4_q20_PE_itsxpress_unite	1Z	Zymo	1	mock_only	ITSxpress	PE	ITSx_PE	UNITE+BLAST	BLAST	Bray–Curtis	0.6290057920076533
fig4_q20_PE_itsxpress_unite	1Z	Zymo	1	mock_only	ITSxpress	PE	ITSx_PE	UNITE+BLAST	BLAST	Precision	0.5833333333333334
fig4_q20_PE_itsxpress_unite	1Z	Zymo	1	mock_only	ITSxpress	PE	ITSx_PE	UNITE+BLAST	BLAST	Recall	0.7
fig4_q20_PE_itsxpress_unite	1Z	Zymo	1	mock_only	ITSxpress	PE	ITSx_PE	UNITE+BLAST	BLAST	FDR	0.4166666666666667
fig4_q20_PE_itsxpress_unite	2D	DNeasy	2	mock_only	ITSxpress	PE	ITSx_PE	UNITE	No_BLAST	F1-score	0.47619047619047616
fig4_q20_PE_itsxpress_unite	2D	DNeasy	2	mock_only	ITSxpress	PE	ITSx_PE	UNITE	No_BLAST	R²	0.19568836414787383
fig4_q20_PE_itsxpress_unite	2D	DNeasy	2	mock_only	ITSxpress	PE	ITSx_PE	UNITE	No_BLAST	Bray–Curtis	0.6044985250737462
fig4_q20_PE_itsxpress_unite	2D	DNeasy	2	mock_only	ITSxpress	PE	ITSx_PE	UNITE	No_BLAST	Precision	0.45454545454545453
fig4_q20_PE_itsxpress_unite	2D	DNeasy	2	mock_only	ITSxpress	PE	ITSx_PE	UNITE	No_BLAST	Recall	0.5
fig4_q20_PE_itsxpress_unite	2D	DNeasy	2	mock_only	ITSxpress	PE	ITSx_PE	UNITE	No_BLAST	FDR	0.5454545454545454
fig4_q20_PE_itsxpress_unite	2D	DNeasy	2	mock_only	ITSxpress	PE	ITSx_PE	UNITE+BLAST	BLAST	F1-score	0.5454545454545454
fig4_q20_PE_itsxpress_unite	2D	DNeasy	2	mock_only	ITSxpress	PE	ITSx_PE	UNITE+BLAST	BLAST	R²	0.19696621461581348
fig4_q20_PE_itsxpress_unite	2D	DNeasy	2	mock_only	ITSxpress	PE	ITSx_PE	UNITE+BLAST	BLAST	Bray–Curtis	0.6030865529894236
fig4_q20_PE_itsxpress_unite	2D	DNeasy	2	mock_only	ITSxpress	PE	ITSx_PE	UNITE+BLAST	BLAST	Precision	0.5
fig4_q20_PE_itsxpress_unite	2D	DNeasy	2	mock_only	ITSxpress	PE	ITSx_PE	UNITE+BLAST	BLAST	Recall	0.6
fig4_q20_PE_itsxpress_unite	2D	DNeasy	2	mock_only	ITSxpress	PE	ITSx_PE	UNITE+BLAST	BLAST	FDR	0.5
fig4_q20_PE_itsxpress_unite	2Q	QIAamp	2	mock_only	ITSxpress	PE	ITSx_PE	UNITE	No_BLAST	F1-score	0.5714285714285713
fig4_q20_PE_itsxpress_unite	2Q	QIAamp	2	mock_only	ITSxpress	PE	ITSx_PE	UNITE	No_BLAST	R²	0.19328195041822918
fig4_q20_PE_itsxpress_unite	2Q	QIAamp	2	mock_only	ITSxpress	PE	ITSx_PE	UNITE	No_BLAST	Bray–Curtis	0.619161269870024
fig4_q20_PE_itsxpress_unite	2Q	QIAamp	2	mock_only	ITSxpress	PE	ITSx_PE	UNITE	No_BLAST	Precision	0.5454545454545454
fig4_q20_PE_itsxpress_unite	2Q	QIAamp	2	mock_only	ITSxpress	PE	ITSx_PE	UNITE	No_BLAST	Recall	0.6
fig4_q20_PE_itsxpress_unite	2Q	QIAamp	2	mock_only	ITSxpress	PE	ITSx_PE	UNITE	No_BLAST	FDR	0.45454545454545453
fig4_q20_PE_itsxpress_unite	2Q	QIAamp	2	mock_only	ITSxpress	PE	ITSx_PE	UNITE+BLAST	BLAST	F1-score	0.6363636363636365
fig4_q20_PE_itsxpress_unite	2Q	QIAamp	2	mock_only	ITSxpress	PE	ITSx_PE	UNITE+BLAST	BLAST	R²	0.19535477349817984
fig4_q20_PE_itsxpress_unite	2Q	QIAamp	2	mock_only	ITSxpress	PE	ITSx_PE	UNITE+BLAST	BLAST	Bray–Curtis	0.6170176471476231
fig4_q20_PE_itsxpress_unite	2Q	QIAamp	2	mock_only	ITSxpress	PE	ITSx_PE	UNITE+BLAST	BLAST	Precision	0.5833333333333334
fig4_q20_PE_itsxpress_unite	2Q	QIAamp	2	mock_only	ITSxpress	PE	ITSx_PE	UNITE+BLAST	BLAST	Recall	0.7
fig4_q20_PE_itsxpress_unite	2Q	QIAamp	2	mock_only	ITSxpress	PE	ITSx_PE	UNITE+BLAST	BLAST	FDR	0.4166666666666667
fig4_q20_PE_itsxpress_unite	2Z	Zymo	2	mock_only	ITSxpress	PE	ITSx_PE	UNITE	No_BLAST	F1-score	0.5714285714285713
fig4_q20_PE_itsxpress_unite	2Z	Zymo	2	mock_only	ITSxpress	PE	ITSx_PE	UNITE	No_BLAST	R²	0.1897682075709046
fig4_q20_PE_itsxpress_unite	2Z	Zymo	2	mock_only	ITSxpress	PE	ITSx_PE	UNITE	No_BLAST	Bray–Curtis	0.6106339241068949
fig4_q20_PE_itsxpress_unite	2Z	Zymo	2	mock_only	ITSxpress	PE	ITSx_PE	UNITE	No_BLAST	Precision	0.5454545454545454
fig4_q20_PE_itsxpress_unite	2Z	Zymo	2	mock_only	ITSxpress	PE	ITSx_PE	UNITE	No_BLAST	Recall	0.6
fig4_q20_PE_itsxpress_unite	2Z	Zymo	2	mock_only	ITSxpress	PE	ITSx_PE	UNITE	No_BLAST	FDR	0.45454545454545453
fig4_q20_PE_itsxpress_unite	2Z	Zymo	2	mock_only	ITSxpress	PE	ITSx_PE	UNITE+BLAST	BLAST	F1-score	0.6363636363636365
fig4_q20_PE_itsxpress_unite	2Z	Zymo	2	mock_only	ITSxpress	PE	ITSx_PE	UNITE+BLAST	BLAST	R²	0.1916002824060897
fig4_q20_PE_itsxpress_unite	2Z	Zymo	2	mock_only	ITSxpress	PE	ITSx_PE	UNITE+BLAST	BLAST	Bray–Curtis	0.6087541900475952
fig4_q20_PE_itsxpress_unite	2Z	Zymo	2	mock_only	ITSxpress	PE	ITSx_PE	UNITE+BLAST	BLAST	Precision	0.5833333333333334
fig4_q20_PE_itsxpress_unite	2Z	Zymo	2	mock_only	ITSxpress	PE	ITSx_PE	UNITE+BLAST	BLAST	Recall	0.7
fig4_q20_PE_itsxpress_unite	2Z	Zymo	2	mock_only	ITSxpress	PE	ITSx_PE	UNITE+BLAST	BLAST	FDR	0.4166666666666667
fig4_q20_PE_itsxpress_unite	3D	DNeasy	3	mock_only	ITSxpress	PE	ITSx_PE	UNITE	No_BLAST	F1-score	0.47619047619047616
fig4_q20_PE_itsxpress_unite	3D	DNeasy	3	mock_only	ITSxpress	PE	ITSx_PE	UNITE	No_BLAST	R²	0.1995506005932568
fig4_q20_PE_itsxpress_unite	3D	DNeasy	3	mock_only	ITSxpress	PE	ITSx_PE	UNITE	No_BLAST	Bray–Curtis	0.6082838425273985
fig4_q20_PE_itsxpress_unite	3D	DNeasy	3	mock_only	ITSxpress	PE	ITSx_PE	UNITE	No_BLAST	Precision	0.45454545454545453
fig4_q20_PE_itsxpress_unite	3D	DNeasy	3	mock_only	ITSxpress	PE	ITSx_PE	UNITE	No_BLAST	Recall	0.5
fig4_q20_PE_itsxpress_unite	3D	DNeasy	3	mock_only	ITSxpress	PE	ITSx_PE	UNITE	No_BLAST	FDR	0.5454545454545454
fig4_q20_PE_itsxpress_unite	3D	DNeasy	3	mock_only	ITSxpress	PE	ITSx_PE	UNITE+BLAST	BLAST	F1-score	0.5454545454545454
fig4_q20_PE_itsxpress_unite	3D	DNeasy	3	mock_only	ITSxpress	PE	ITSx_PE	UNITE+BLAST	BLAST	R²	0.20172563535164903
fig4_q20_PE_itsxpress_unite	3D	DNeasy	3	mock_only	ITSxpress	PE	ITSx_PE	UNITE+BLAST	BLAST	Bray–Curtis	0.6061103287822202
fig4_q20_PE_itsxpress_unite	3D	DNeasy	3	mock_only	ITSxpress	PE	ITSx_PE	UNITE+BLAST	BLAST	Precision	0.5
fig4_q20_PE_itsxpress_unite	3D	DNeasy	3	mock_only	ITSxpress	PE	ITSx_PE	UNITE+BLAST	BLAST	Recall	0.6
fig4_q20_PE_itsxpress_unite	3D	DNeasy	3	mock_only	ITSxpress	PE	ITSx_PE	UNITE+BLAST	BLAST	FDR	0.5
fig4_q20_PE_itsxpress_unite	3Q	QIAamp	3	mock_only	ITSxpress	PE	ITSx_PE	UNITE	No_BLAST	F1-score	0.5714285714285713
fig4_q20_PE_itsxpress_unite	3Q	QIAamp	3	mock_only	ITSxpress	PE	ITSx_PE	UNITE	No_BLAST	R²	0.18731012331072394
fig4_q20_PE_itsxpress_unite	3Q	QIAamp	3	mock_only	ITSxpress	PE	ITSx_PE	UNITE	No_BLAST	Bray–Curtis	0.6264070736269342
fig4_q20_PE_itsxpress_unite	3Q	QIAamp	3	mock_only	ITSxpress	PE	ITSx_PE	UNITE	No_BLAST	Precision	0.5454545454545454
fig4_q20_PE_itsxpress_unite	3Q	QIAamp	3	mock_only	ITSxpress	PE	ITSx_PE	UNITE	No_BLAST	Recall	0.6
fig4_q20_PE_itsxpress_unite	3Q	QIAamp	3	mock_only	ITSxpress	PE	ITSx_PE	UNITE	No_BLAST	FDR	0.45454545454545453
fig4_q20_PE_itsxpress_unite	3Q	QIAamp	3	mock_only	ITSxpress	PE	ITSx_PE	UNITE+BLAST	BLAST	F1-score	0.6363636363636365
fig4_q20_PE_itsxpress_unite	3Q	QIAamp	3	mock_only	ITSxpress	PE	ITSx_PE	UNITE+BLAST	BLAST	R²	0.189500436724834
fig4_q20_PE_itsxpress_unite	3Q	QIAamp	3	mock_only	ITSxpress	PE	ITSx_PE	UNITE+BLAST	BLAST	Bray–Curtis	0.6240435300119027
fig4_q20_PE_itsxpress_unite	3Q	QIAamp	3	mock_only	ITSxpress	PE	ITSx_PE	UNITE+BLAST	BLAST	Precision	0.5833333333333334
fig4_q20_PE_itsxpress_unite	3Q	QIAamp	3	mock_only	ITSxpress	PE	ITSx_PE	UNITE+BLAST	BLAST	Recall	0.7
fig4_q20_PE_itsxpress_unite	3Q	QIAamp	3	mock_only	ITSxpress	PE	ITSx_PE	UNITE+BLAST	BLAST	FDR	0.4166666666666667
fig4_q20_PE_itsxpress_unite	3Z	Zymo	3	mock_only	ITSxpress	PE	ITSx_PE	UNITE	No_BLAST	F1-score	0.6
fig4_q20_PE_itsxpress_unite	3Z	Zymo	3	mock_only	ITSxpress	PE	ITSx_PE	UNITE	No_BLAST	R²	0.18412680637101903
fig4_q20_PE_itsxpress_unite	3Z	Zymo	3	mock_only	ITSxpress	PE	ITSx_PE	UNITE	No_BLAST	Bray–Curtis	0.6163929555182576
fig4_q20_PE_itsxpress_unite	3Z	Zymo	3	mock_only	ITSxpress	PE	ITSx_PE	UNITE	No_BLAST	Precision	0.6
fig4_q20_PE_itsxpress_unite	3Z	Zymo	3	mock_only	ITSxpress	PE	ITSx_PE	UNITE	No_BLAST	Recall	0.6
fig4_q20_PE_itsxpress_unite	3Z	Zymo	3	mock_only	ITSxpress	PE	ITSx_PE	UNITE	No_BLAST	FDR	0.4
fig4_q20_PE_itsxpress_unite	3Z	Zymo	3	mock_only	ITSxpress	PE	ITSx_PE	UNITE+BLAST	BLAST	F1-score	0.6666666666666666
fig4_q20_PE_itsxpress_unite	3Z	Zymo	3	mock_only	ITSxpress	PE	ITSx_PE	UNITE+BLAST	BLAST	R²	0.1856202692028773
fig4_q20_PE_itsxpress_unite	3Z	Zymo	3	mock_only	ITSxpress	PE	ITSx_PE	UNITE+BLAST	BLAST	Bray–Curtis	0.6147547039502742
fig4_q20_PE_itsxpress_unite	3Z	Zymo	3	mock_only	ITSxpress	PE	ITSx_PE	UNITE+BLAST	BLAST	Precision	0.6363636363636364
fig4_q20_PE_itsxpress_unite	3Z	Zymo	3	mock_only	ITSxpress	PE	ITSx_PE	UNITE+BLAST	BLAST	Recall	0.7
fig4_q20_PE_itsxpress_unite	3Z	Zymo	3	mock_only	ITSxpress	PE	ITSx_PE	UNITE+BLAST	BLAST	FDR	0.36363636363636365
fig4_q20_PE_itsxpress_unite	4D	DNeasy	4	mock_only	ITSxpress	PE	ITSx_PE	UNITE	No_BLAST	F1-score	0.5
fig4_q20_PE_itsxpress_unite	4D	DNeasy	4	mock_only	ITSxpress	PE	ITSx_PE	UNITE	No_BLAST	R²	0.20010561773278837
fig4_q20_PE_itsxpress_unite	4D	DNeasy	4	mock_only	ITSxpress	PE	ITSx_PE	UNITE	No_BLAST	Bray–Curtis	0.6061217028342485
fig4_q20_PE_itsxpress_unite	4D	DNeasy	4	mock_only	ITSxpress	PE	ITSx_PE	UNITE	No_BLAST	Precision	0.5
fig4_q20_PE_itsxpress_unite	4D	DNeasy	4	mock_only	ITSxpress	PE	ITSx_PE	UNITE	No_BLAST	Recall	0.5
fig4_q20_PE_itsxpress_unite	4D	DNeasy	4	mock_only	ITSxpress	PE	ITSx_PE	UNITE	No_BLAST	FDR	0.5
fig4_q20_PE_itsxpress_unite	4D	DNeasy	4	mock_only	ITSxpress	PE	ITSx_PE	UNITE+BLAST	BLAST	F1-score	0.5714285714285713
fig4_q20_PE_itsxpress_unite	4D	DNeasy	4	mock_only	ITSxpress	PE	ITSx_PE	UNITE+BLAST	BLAST	R²	0.20200646073124837
fig4_q20_PE_itsxpress_unite	4D	DNeasy	4	mock_only	ITSxpress	PE	ITSx_PE	UNITE+BLAST	BLAST	Bray–Curtis	0.6041336918354443
fig4_q20_PE_itsxpress_unite	4D	DNeasy	4	mock_only	ITSxpress	PE	ITSx_PE	UNITE+BLAST	BLAST	Precision	0.5454545454545454
fig4_q20_PE_itsxpress_unite	4D	DNeasy	4	mock_only	ITSxpress	PE	ITSx_PE	UNITE+BLAST	BLAST	Recall	0.6
fig4_q20_PE_itsxpress_unite	4D	DNeasy	4	mock_only	ITSxpress	PE	ITSx_PE	UNITE+BLAST	BLAST	FDR	0.45454545454545453
fig4_q20_PE_itsxpress_unite	4Q	QIAamp	4	mock_only	ITSxpress	PE	ITSx_PE	UNITE	No_BLAST	F1-score	0.5
fig4_q20_PE_itsxpress_unite	4Q	QIAamp	4	mock_only	ITSxpress	PE	ITSx_PE	UNITE	No_BLAST	R²	0.17314073868444077
fig4_q20_PE_itsxpress_unite	4Q	QIAamp	4	mock_only	ITSxpress	PE	ITSx_PE	UNITE	No_BLAST	Bray–Curtis	0.6225950145941601
fig4_q20_PE_itsxpress_unite	4Q	QIAamp	4	mock_only	ITSxpress	PE	ITSx_PE	UNITE	No_BLAST	Precision	0.5
fig4_q20_PE_itsxpress_unite	4Q	QIAamp	4	mock_only	ITSxpress	PE	ITSx_PE	UNITE	No_BLAST	Recall	0.5
fig4_q20_PE_itsxpress_unite	4Q	QIAamp	4	mock_only	ITSxpress	PE	ITSx_PE	UNITE	No_BLAST	FDR	0.5
fig4_q20_PE_itsxpress_unite	4Q	QIAamp	4	mock_only	ITSxpress	PE	ITSx_PE	UNITE+BLAST	BLAST	F1-score	0.5714285714285713
fig4_q20_PE_itsxpress_unite	4Q	QIAamp	4	mock_only	ITSxpress	PE	ITSx_PE	UNITE+BLAST	BLAST	R²	0.1750994308625183
fig4_q20_PE_itsxpress_unite	4Q	QIAamp	4	mock_only	ITSxpress	PE	ITSx_PE	UNITE+BLAST	BLAST	Bray–Curtis	0.6203880927924171
fig4_q20_PE_itsxpress_unite	4Q	QIAamp	4	mock_only	ITSxpress	PE	ITSx_PE	UNITE+BLAST	BLAST	Precision	0.5454545454545454
fig4_q20_PE_itsxpress_unite	4Q	QIAamp	4	mock_only	ITSxpress	PE	ITSx_PE	UNITE+BLAST	BLAST	Recall	0.6
fig4_q20_PE_itsxpress_unite	4Q	QIAamp	4	mock_only	ITSxpress	PE	ITSx_PE	UNITE+BLAST	BLAST	FDR	0.45454545454545453
fig4_q20_PE_itsxpress_unite	4Z	Zymo	4	mock_only	ITSxpress	PE	ITSx_PE	UNITE	No_BLAST	F1-score	0.5714285714285713
fig4_q20_PE_itsxpress_unite	4Z	Zymo	4	mock_only	ITSxpress	PE	ITSx_PE	UNITE	No_BLAST	R²	0.17922546481615462
fig4_q20_PE_itsxpress_unite	4Z	Zymo	4	mock_only	ITSxpress	PE	ITSx_PE	UNITE	No_BLAST	Bray–Curtis	0.6219836111896015
fig4_q20_PE_itsxpress_unite	4Z	Zymo	4	mock_only	ITSxpress	PE	ITSx_PE	UNITE	No_BLAST	Precision	0.5454545454545454
fig4_q20_PE_itsxpress_unite	4Z	Zymo	4	mock_only	ITSxpress	PE	ITSx_PE	UNITE	No_BLAST	Recall	0.6
fig4_q20_PE_itsxpress_unite	4Z	Zymo	4	mock_only	ITSxpress	PE	ITSx_PE	UNITE	No_BLAST	FDR	0.45454545454545453
fig4_q20_PE_itsxpress_unite	4Z	Zymo	4	mock_only	ITSxpress	PE	ITSx_PE	UNITE+BLAST	BLAST	F1-score	0.6363636363636365
fig4_q20_PE_itsxpress_unite	4Z	Zymo	4	mock_only	ITSxpress	PE	ITSx_PE	UNITE+BLAST	BLAST	R²	0.1809880343939744
fig4_q20_PE_itsxpress_unite	4Z	Zymo	4	mock_only	ITSxpress	PE	ITSx_PE	UNITE+BLAST	BLAST	Bray–Curtis	0.6199457131358799
fig4_q20_PE_itsxpress_unite	4Z	Zymo	4	mock_only	ITSxpress	PE	ITSx_PE	UNITE+BLAST	BLAST	Precision	0.5833333333333334
fig4_q20_PE_itsxpress_unite	4Z	Zymo	4	mock_only	ITSxpress	PE	ITSx_PE	UNITE+BLAST	BLAST	Recall	0.7
fig4_q20_PE_itsxpress_unite	4Z	Zymo	4	mock_only	ITSxpress	PE	ITSx_PE	UNITE+BLAST	BLAST	FDR	0.4166666666666667
fig4_q20_SE_cutadapt_unite	1D	DNeasy	1	mock_only	Cutadapt	SE	Cutadapt_SE	UNITE	No_BLAST	F1-score	0.5
fig4_q20_SE_cutadapt_unite	1D	DNeasy	1	mock_only	Cutadapt	SE	Cutadapt_SE	UNITE	No_BLAST	R²	0.18527033326253114
fig4_q20_SE_cutadapt_unite	1D	DNeasy	1	mock_only	Cutadapt	SE	Cutadapt_SE	UNITE	No_BLAST	Bray–Curtis	0.604749288701001
fig4_q20_SE_cutadapt_unite	1D	DNeasy	1	mock_only	Cutadapt	SE	Cutadapt_SE	UNITE	No_BLAST	Precision	0.5
fig4_q20_SE_cutadapt_unite	1D	DNeasy	1	mock_only	Cutadapt	SE	Cutadapt_SE	UNITE	No_BLAST	Recall	0.5
fig4_q20_SE_cutadapt_unite	1D	DNeasy	1	mock_only	Cutadapt	SE	Cutadapt_SE	UNITE	No_BLAST	FDR	0.5
fig4_q20_SE_cutadapt_unite	1D	DNeasy	1	mock_only	Cutadapt	SE	Cutadapt_SE	UNITE+BLAST	BLAST	F1-score	0.5714285714285713
fig4_q20_SE_cutadapt_unite	1D	DNeasy	1	mock_only	Cutadapt	SE	Cutadapt_SE	UNITE+BLAST	BLAST	R²	0.18706751894575466
fig4_q20_SE_cutadapt_unite	1D	DNeasy	1	mock_only	Cutadapt	SE	Cutadapt_SE	UNITE+BLAST	BLAST	Bray–Curtis	0.6028140946632415
fig4_q20_SE_cutadapt_unite	1D	DNeasy	1	mock_only	Cutadapt	SE	Cutadapt_SE	UNITE+BLAST	BLAST	Precision	0.5454545454545454
fig4_q20_SE_cutadapt_unite	1D	DNeasy	1	mock_only	Cutadapt	SE	Cutadapt_SE	UNITE+BLAST	BLAST	Recall	0.6
fig4_q20_SE_cutadapt_unite	1D	DNeasy	1	mock_only	Cutadapt	SE	Cutadapt_SE	UNITE+BLAST	BLAST	FDR	0.45454545454545453
fig4_q20_SE_cutadapt_unite	1Q	QIAamp	1	mock_only	Cutadapt	SE	Cutadapt_SE	UNITE	No_BLAST	F1-score	0.47619047619047616
fig4_q20_SE_cutadapt_unite	1Q	QIAamp	1	mock_only	Cutadapt	SE	Cutadapt_SE	UNITE	No_BLAST	R²	0.19040557637712904
fig4_q20_SE_cutadapt_unite	1Q	QIAamp	1	mock_only	Cutadapt	SE	Cutadapt_SE	UNITE	No_BLAST	Bray–Curtis	0.6257339343933576
fig4_q20_SE_cutadapt_unite	1Q	QIAamp	1	mock_only	Cutadapt	SE	Cutadapt_SE	UNITE	No_BLAST	Precision	0.45454545454545453
fig4_q20_SE_cutadapt_unite	1Q	QIAamp	1	mock_only	Cutadapt	SE	Cutadapt_SE	UNITE	No_BLAST	Recall	0.5
fig4_q20_SE_cutadapt_unite	1Q	QIAamp	1	mock_only	Cutadapt	SE	Cutadapt_SE	UNITE	No_BLAST	FDR	0.5454545454545454
fig4_q20_SE_cutadapt_unite	1Q	QIAamp	1	mock_only	Cutadapt	SE	Cutadapt_SE	UNITE+BLAST	BLAST	F1-score	0.5454545454545454
fig4_q20_SE_cutadapt_unite	1Q	QIAamp	1	mock_only	Cutadapt	SE	Cutadapt_SE	UNITE+BLAST	BLAST	R²	0.19195227424972341
fig4_q20_SE_cutadapt_unite	1Q	QIAamp	1	mock_only	Cutadapt	SE	Cutadapt_SE	UNITE+BLAST	BLAST	Bray–Curtis	0.6240629479172081
fig4_q20_SE_cutadapt_unite	1Q	QIAamp	1	mock_only	Cutadapt	SE	Cutadapt_SE	UNITE+BLAST	BLAST	Precision	0.5
fig4_q20_SE_cutadapt_unite	1Q	QIAamp	1	mock_only	Cutadapt	SE	Cutadapt_SE	UNITE+BLAST	BLAST	Recall	0.6
fig4_q20_SE_cutadapt_unite	1Q	QIAamp	1	mock_only	Cutadapt	SE	Cutadapt_SE	UNITE+BLAST	BLAST	FDR	0.5
fig4_q20_SE_cutadapt_unite	1Z	Zymo	1	mock_only	Cutadapt	SE	Cutadapt_SE	UNITE	No_BLAST	F1-score	0.5714285714285713
fig4_q20_SE_cutadapt_unite	1Z	Zymo	1	mock_only	Cutadapt	SE	Cutadapt_SE	UNITE	No_BLAST	R²	0.15210011726068945
fig4_q20_SE_cutadapt_unite	1Z	Zymo	1	mock_only	Cutadapt	SE	Cutadapt_SE	UNITE	No_BLAST	Bray–Curtis	0.6330726355444912
fig4_q20_SE_cutadapt_unite	1Z	Zymo	1	mock_only	Cutadapt	SE	Cutadapt_SE	UNITE	No_BLAST	Precision	0.5454545454545454
fig4_q20_SE_cutadapt_unite	1Z	Zymo	1	mock_only	Cutadapt	SE	Cutadapt_SE	UNITE	No_BLAST	Recall	0.6
fig4_q20_SE_cutadapt_unite	1Z	Zymo	1	mock_only	Cutadapt	SE	Cutadapt_SE	UNITE	No_BLAST	FDR	0.45454545454545453
fig4_q20_SE_cutadapt_unite	1Z	Zymo	1	mock_only	Cutadapt	SE	Cutadapt_SE	UNITE+BLAST	BLAST	F1-score	0.608695652173913
fig4_q20_SE_cutadapt_unite	1Z	Zymo	1	mock_only	Cutadapt	SE	Cutadapt_SE	UNITE+BLAST	BLAST	R²	0.15326400866801074
fig4_q20_SE_cutadapt_unite	1Z	Zymo	1	mock_only	Cutadapt	SE	Cutadapt_SE	UNITE+BLAST	BLAST	Bray–Curtis	0.6316075874071954
fig4_q20_SE_cutadapt_unite	1Z	Zymo	1	mock_only	Cutadapt	SE	Cutadapt_SE	UNITE+BLAST	BLAST	Precision	0.5384615384615384
fig4_q20_SE_cutadapt_unite	1Z	Zymo	1	mock_only	Cutadapt	SE	Cutadapt_SE	UNITE+BLAST	BLAST	Recall	0.7
fig4_q20_SE_cutadapt_unite	1Z	Zymo	1	mock_only	Cutadapt	SE	Cutadapt_SE	UNITE+BLAST	BLAST	FDR	0.46153846153846156
fig4_q20_SE_cutadapt_unite	2D	DNeasy	2	mock_only	Cutadapt	SE	Cutadapt_SE	UNITE	No_BLAST	F1-score	0.47619047619047616
fig4_q20_SE_cutadapt_unite	2D	DNeasy	2	mock_only	Cutadapt	SE	Cutadapt_SE	UNITE	No_BLAST	R²	0.1947311512846399
fig4_q20_SE_cutadapt_unite	2D	DNeasy	2	mock_only	Cutadapt	SE	Cutadapt_SE	UNITE	No_BLAST	Bray–Curtis	0.6052185991136979
fig4_q20_SE_cutadapt_unite	2D	DNeasy	2	mock_only	Cutadapt	SE	Cutadapt_SE	UNITE	No_BLAST	Precision	0.45454545454545453
fig4_q20_SE_cutadapt_unite	2D	DNeasy	2	mock_only	Cutadapt	SE	Cutadapt_SE	UNITE	No_BLAST	Recall	0.5
fig4_q20_SE_cutadapt_unite	2D	DNeasy	2	mock_only	Cutadapt	SE	Cutadapt_SE	UNITE	No_BLAST	FDR	0.5454545454545454
fig4_q20_SE_cutadapt_unite	2D	DNeasy	2	mock_only	Cutadapt	SE	Cutadapt_SE	UNITE+BLAST	BLAST	F1-score	0.5454545454545454
fig4_q20_SE_cutadapt_unite	2D	DNeasy	2	mock_only	Cutadapt	SE	Cutadapt_SE	UNITE+BLAST	BLAST	R²	0.19605264236020167
fig4_q20_SE_cutadapt_unite	2D	DNeasy	2	mock_only	Cutadapt	SE	Cutadapt_SE	UNITE+BLAST	BLAST	Bray–Curtis	0.6037351298744246
fig4_q20_SE_cutadapt_unite	2D	DNeasy	2	mock_only	Cutadapt	SE	Cutadapt_SE	UNITE+BLAST	BLAST	Precision	0.5
fig4_q20_SE_cutadapt_unite	2D	DNeasy	2	mock_only	Cutadapt	SE	Cutadapt_SE	UNITE+BLAST	BLAST	Recall	0.6
fig4_q20_SE_cutadapt_unite	2D	DNeasy	2	mock_only	Cutadapt	SE	Cutadapt_SE	UNITE+BLAST	BLAST	FDR	0.5
fig4_q20_SE_cutadapt_unite	2Q	QIAamp	2	mock_only	Cutadapt	SE	Cutadapt_SE	UNITE	No_BLAST	F1-score	0.5714285714285713
fig4_q20_SE_cutadapt_unite	2Q	QIAamp	2	mock_only	Cutadapt	SE	Cutadapt_SE	UNITE	No_BLAST	R²	0.19313568133730938
fig4_q20_SE_cutadapt_unite	2Q	QIAamp	2	mock_only	Cutadapt	SE	Cutadapt_SE	UNITE	No_BLAST	Bray–Curtis	0.6199005972183252
fig4_q20_SE_cutadapt_unite	2Q	QIAamp	2	mock_only	Cutadapt	SE	Cutadapt_SE	UNITE	No_BLAST	Precision	0.5454545454545454
fig4_q20_SE_cutadapt_unite	2Q	QIAamp	2	mock_only	Cutadapt	SE	Cutadapt_SE	UNITE	No_BLAST	Recall	0.6
fig4_q20_SE_cutadapt_unite	2Q	QIAamp	2	mock_only	Cutadapt	SE	Cutadapt_SE	UNITE	No_BLAST	FDR	0.45454545454545453
fig4_q20_SE_cutadapt_unite	2Q	QIAamp	2	mock_only	Cutadapt	SE	Cutadapt_SE	UNITE+BLAST	BLAST	F1-score	0.6363636363636365
fig4_q20_SE_cutadapt_unite	2Q	QIAamp	2	mock_only	Cutadapt	SE	Cutadapt_SE	UNITE+BLAST	BLAST	R²	0.19512095128170234
fig4_q20_SE_cutadapt_unite	2Q	QIAamp	2	mock_only	Cutadapt	SE	Cutadapt_SE	UNITE+BLAST	BLAST	Bray–Curtis	0.6178243616978637
fig4_q20_SE_cutadapt_unite	2Q	QIAamp	2	mock_only	Cutadapt	SE	Cutadapt_SE	UNITE+BLAST	BLAST	Precision	0.5833333333333334
fig4_q20_SE_cutadapt_unite	2Q	QIAamp	2	mock_only	Cutadapt	SE	Cutadapt_SE	UNITE+BLAST	BLAST	Recall	0.7
fig4_q20_SE_cutadapt_unite	2Q	QIAamp	2	mock_only	Cutadapt	SE	Cutadapt_SE	UNITE+BLAST	BLAST	FDR	0.4166666666666667
fig4_q20_SE_cutadapt_unite	2Z	Zymo	2	mock_only	Cutadapt	SE	Cutadapt_SE	UNITE	No_BLAST	F1-score	0.5714285714285713
fig4_q20_SE_cutadapt_unite	2Z	Zymo	2	mock_only	Cutadapt	SE	Cutadapt_SE	UNITE	No_BLAST	R²	0.18904884448224418
fig4_q20_SE_cutadapt_unite	2Z	Zymo	2	mock_only	Cutadapt	SE	Cutadapt_SE	UNITE	No_BLAST	Bray–Curtis	0.6113114561739741
fig4_q20_SE_cutadapt_unite	2Z	Zymo	2	mock_only	Cutadapt	SE	Cutadapt_SE	UNITE	No_BLAST	Precision	0.5454545454545454
fig4_q20_SE_cutadapt_unite	2Z	Zymo	2	mock_only	Cutadapt	SE	Cutadapt_SE	UNITE	No_BLAST	Recall	0.6
fig4_q20_SE_cutadapt_unite	2Z	Zymo	2	mock_only	Cutadapt	SE	Cutadapt_SE	UNITE	No_BLAST	FDR	0.45454545454545453
fig4_q20_SE_cutadapt_unite	2Z	Zymo	2	mock_only	Cutadapt	SE	Cutadapt_SE	UNITE+BLAST	BLAST	F1-score	0.6363636363636365
fig4_q20_SE_cutadapt_unite	2Z	Zymo	2	mock_only	Cutadapt	SE	Cutadapt_SE	UNITE+BLAST	BLAST	R²	0.1909019723006185
fig4_q20_SE_cutadapt_unite	2Z	Zymo	2	mock_only	Cutadapt	SE	Cutadapt_SE	UNITE+BLAST	BLAST	Bray–Curtis	0.6093851449133647
fig4_q20_SE_cutadapt_unite	2Z	Zymo	2	mock_only	Cutadapt	SE	Cutadapt_SE	UNITE+BLAST	BLAST	Precision	0.5833333333333334
fig4_q20_SE_cutadapt_unite	2Z	Zymo	2	mock_only	Cutadapt	SE	Cutadapt_SE	UNITE+BLAST	BLAST	Recall	0.7
fig4_q20_SE_cutadapt_unite	2Z	Zymo	2	mock_only	Cutadapt	SE	Cutadapt_SE	UNITE+BLAST	BLAST	FDR	0.4166666666666667
fig4_q20_SE_cutadapt_unite	3D	DNeasy	3	mock_only	Cutadapt	SE	Cutadapt_SE	UNITE	No_BLAST	F1-score	0.47619047619047616
fig4_q20_SE_cutadapt_unite	3D	DNeasy	3	mock_only	Cutadapt	SE	Cutadapt_SE	UNITE	No_BLAST	R²	0.1984339846344099
fig4_q20_SE_cutadapt_unite	3D	DNeasy	3	mock_only	Cutadapt	SE	Cutadapt_SE	UNITE	No_BLAST	Bray–Curtis	0.6091158150890791
fig4_q20_SE_cutadapt_unite	3D	DNeasy	3	mock_only	Cutadapt	SE	Cutadapt_SE	UNITE	No_BLAST	Precision	0.45454545454545453
fig4_q20_SE_cutadapt_unite	3D	DNeasy	3	mock_only	Cutadapt	SE	Cutadapt_SE	UNITE	No_BLAST	Recall	0.5
fig4_q20_SE_cutadapt_unite	3D	DNeasy	3	mock_only	Cutadapt	SE	Cutadapt_SE	UNITE	No_BLAST	FDR	0.5454545454545454
fig4_q20_SE_cutadapt_unite	3D	DNeasy	3	mock_only	Cutadapt	SE	Cutadapt_SE	UNITE+BLAST	BLAST	F1-score	0.5454545454545454
fig4_q20_SE_cutadapt_unite	3D	DNeasy	3	mock_only	Cutadapt	SE	Cutadapt_SE	UNITE+BLAST	BLAST	R²	0.20052882926159102
fig4_q20_SE_cutadapt_unite	3D	DNeasy	3	mock_only	Cutadapt	SE	Cutadapt_SE	UNITE+BLAST	BLAST	Bray–Curtis	0.6069885498336061
fig4_q20_SE_cutadapt_unite	3D	DNeasy	3	mock_only	Cutadapt	SE	Cutadapt_SE	UNITE+BLAST	BLAST	Precision	0.5
fig4_q20_SE_cutadapt_unite	3D	DNeasy	3	mock_only	Cutadapt	SE	Cutadapt_SE	UNITE+BLAST	BLAST	Recall	0.6
fig4_q20_SE_cutadapt_unite	3D	DNeasy	3	mock_only	Cutadapt	SE	Cutadapt_SE	UNITE+BLAST	BLAST	FDR	0.5
fig4_q20_SE_cutadapt_unite	3Q	QIAamp	3	mock_only	Cutadapt	SE	Cutadapt_SE	UNITE	No_BLAST	F1-score	0.5454545454545454
fig4_q20_SE_cutadapt_unite	3Q	QIAamp	3	mock_only	Cutadapt	SE	Cutadapt_SE	UNITE	No_BLAST	R²	0.18717520827129072
fig4_q20_SE_cutadapt_unite	3Q	QIAamp	3	mock_only	Cutadapt	SE	Cutadapt_SE	UNITE	No_BLAST	Bray–Curtis	0.6271079661353501
fig4_q20_SE_cutadapt_unite	3Q	QIAamp	3	mock_only	Cutadapt	SE	Cutadapt_SE	UNITE	No_BLAST	Precision	0.5
fig4_q20_SE_cutadapt_unite	3Q	QIAamp	3	mock_only	Cutadapt	SE	Cutadapt_SE	UNITE	No_BLAST	Recall	0.6
fig4_q20_SE_cutadapt_unite	3Q	QIAamp	3	mock_only	Cutadapt	SE	Cutadapt_SE	UNITE	No_BLAST	FDR	0.5
fig4_q20_SE_cutadapt_unite	3Q	QIAamp	3	mock_only	Cutadapt	SE	Cutadapt_SE	UNITE+BLAST	BLAST	F1-score	0.608695652173913
fig4_q20_SE_cutadapt_unite	3Q	QIAamp	3	mock_only	Cutadapt	SE	Cutadapt_SE	UNITE+BLAST	BLAST	R²	0.18926216611799956
fig4_q20_SE_cutadapt_unite	3Q	QIAamp	3	mock_only	Cutadapt	SE	Cutadapt_SE	UNITE+BLAST	BLAST	Bray–Curtis	0.6248244489773813
fig4_q20_SE_cutadapt_unite	3Q	QIAamp	3	mock_only	Cutadapt	SE	Cutadapt_SE	UNITE+BLAST	BLAST	Precision	0.5384615384615384
fig4_q20_SE_cutadapt_unite	3Q	QIAamp	3	mock_only	Cutadapt	SE	Cutadapt_SE	UNITE+BLAST	BLAST	Recall	0.7
fig4_q20_SE_cutadapt_unite	3Q	QIAamp	3	mock_only	Cutadapt	SE	Cutadapt_SE	UNITE+BLAST	BLAST	FDR	0.46153846153846156
fig4_q20_SE_cutadapt_unite	3Z	Zymo	3	mock_only	Cutadapt	SE	Cutadapt_SE	UNITE	No_BLAST	F1-score	0.5714285714285713
fig4_q20_SE_cutadapt_unite	3Z	Zymo	3	mock_only	Cutadapt	SE	Cutadapt_SE	UNITE	No_BLAST	R²	0.18374216474569074
fig4_q20_SE_cutadapt_unite	3Z	Zymo	3	mock_only	Cutadapt	SE	Cutadapt_SE	UNITE	No_BLAST	Bray–Curtis	0.6179268613969933
fig4_q20_SE_cutadapt_unite	3Z	Zymo	3	mock_only	Cutadapt	SE	Cutadapt_SE	UNITE	No_BLAST	Precision	0.5454545454545454
fig4_q20_SE_cutadapt_unite	3Z	Zymo	3	mock_only	Cutadapt	SE	Cutadapt_SE	UNITE	No_BLAST	Recall	0.6
fig4_q20_SE_cutadapt_unite	3Z	Zymo	3	mock_only	Cutadapt	SE	Cutadapt_SE	UNITE	No_BLAST	FDR	0.45454545454545453
fig4_q20_SE_cutadapt_unite	3Z	Zymo	3	mock_only	Cutadapt	SE	Cutadapt_SE	UNITE+BLAST	BLAST	F1-score	0.6363636363636365
fig4_q20_SE_cutadapt_unite	3Z	Zymo	3	mock_only	Cutadapt	SE	Cutadapt_SE	UNITE+BLAST	BLAST	R²	0.18510247894609616
fig4_q20_SE_cutadapt_unite	3Z	Zymo	3	mock_only	Cutadapt	SE	Cutadapt_SE	UNITE+BLAST	BLAST	Bray–Curtis	0.6164141178070318
fig4_q20_SE_cutadapt_unite	3Z	Zymo	3	mock_only	Cutadapt	SE	Cutadapt_SE	UNITE+BLAST	BLAST	Precision	0.5833333333333334
fig4_q20_SE_cutadapt_unite	3Z	Zymo	3	mock_only	Cutadapt	SE	Cutadapt_SE	UNITE+BLAST	BLAST	Recall	0.7
fig4_q20_SE_cutadapt_unite	3Z	Zymo	3	mock_only	Cutadapt	SE	Cutadapt_SE	UNITE+BLAST	BLAST	FDR	0.4166666666666667
fig4_q20_SE_cutadapt_unite	4D	DNeasy	4	mock_only	Cutadapt	SE	Cutadapt_SE	UNITE	No_BLAST	F1-score	0.5714285714285713
fig4_q20_SE_cutadapt_unite	4D	DNeasy	4	mock_only	Cutadapt	SE	Cutadapt_SE	UNITE	No_BLAST	R²	0.19957215921016977
fig4_q20_SE_cutadapt_unite	4D	DNeasy	4	mock_only	Cutadapt	SE	Cutadapt_SE	UNITE	No_BLAST	Bray–Curtis	0.6067043003423916
fig4_q20_SE_cutadapt_unite	4D	DNeasy	4	mock_only	Cutadapt	SE	Cutadapt_SE	UNITE	No_BLAST	Precision	0.5454545454545454
fig4_q20_SE_cutadapt_unite	4D	DNeasy	4	mock_only	Cutadapt	SE	Cutadapt_SE	UNITE	No_BLAST	Recall	0.6
fig4_q20_SE_cutadapt_unite	4D	DNeasy	4	mock_only	Cutadapt	SE	Cutadapt_SE	UNITE	No_BLAST	FDR	0.45454545454545453
fig4_q20_SE_cutadapt_unite	4D	DNeasy	4	mock_only	Cutadapt	SE	Cutadapt_SE	UNITE+BLAST	BLAST	F1-score	0.6363636363636365
fig4_q20_SE_cutadapt_unite	4D	DNeasy	4	mock_only	Cutadapt	SE	Cutadapt_SE	UNITE+BLAST	BLAST	R²	0.20154613672619673
fig4_q20_SE_cutadapt_unite	4D	DNeasy	4	mock_only	Cutadapt	SE	Cutadapt_SE	UNITE+BLAST	BLAST	Bray–Curtis	0.6046114616994491
fig4_q20_SE_cutadapt_unite	4D	DNeasy	4	mock_only	Cutadapt	SE	Cutadapt_SE	UNITE+BLAST	BLAST	Precision	0.5833333333333334
fig4_q20_SE_cutadapt_unite	4D	DNeasy	4	mock_only	Cutadapt	SE	Cutadapt_SE	UNITE+BLAST	BLAST	Recall	0.7
fig4_q20_SE_cutadapt_unite	4D	DNeasy	4	mock_only	Cutadapt	SE	Cutadapt_SE	UNITE+BLAST	BLAST	FDR	0.4166666666666667
fig4_q20_SE_cutadapt_unite	4Q	QIAamp	4	mock_only	Cutadapt	SE	Cutadapt_SE	UNITE	No_BLAST	F1-score	0.5
fig4_q20_SE_cutadapt_unite	4Q	QIAamp	4	mock_only	Cutadapt	SE	Cutadapt_SE	UNITE	No_BLAST	R²	0.17242654519296452
fig4_q20_SE_cutadapt_unite	4Q	QIAamp	4	mock_only	Cutadapt	SE	Cutadapt_SE	UNITE	No_BLAST	Bray–Curtis	0.6231203949543093
fig4_q20_SE_cutadapt_unite	4Q	QIAamp	4	mock_only	Cutadapt	SE	Cutadapt_SE	UNITE	No_BLAST	Precision	0.5
fig4_q20_SE_cutadapt_unite	4Q	QIAamp	4	mock_only	Cutadapt	SE	Cutadapt_SE	UNITE	No_BLAST	Recall	0.5
fig4_q20_SE_cutadapt_unite	4Q	QIAamp	4	mock_only	Cutadapt	SE	Cutadapt_SE	UNITE	No_BLAST	FDR	0.5
fig4_q20_SE_cutadapt_unite	4Q	QIAamp	4	mock_only	Cutadapt	SE	Cutadapt_SE	UNITE+BLAST	BLAST	F1-score	0.5714285714285713
fig4_q20_SE_cutadapt_unite	4Q	QIAamp	4	mock_only	Cutadapt	SE	Cutadapt_SE	UNITE+BLAST	BLAST	R²	0.17421653213086163
fig4_q20_SE_cutadapt_unite	4Q	QIAamp	4	mock_only	Cutadapt	SE	Cutadapt_SE	UNITE+BLAST	BLAST	Bray–Curtis	0.6210731155966432
fig4_q20_SE_cutadapt_unite	4Q	QIAamp	4	mock_only	Cutadapt	SE	Cutadapt_SE	UNITE+BLAST	BLAST	Precision	0.5454545454545454
fig4_q20_SE_cutadapt_unite	4Q	QIAamp	4	mock_only	Cutadapt	SE	Cutadapt_SE	UNITE+BLAST	BLAST	Recall	0.6
fig4_q20_SE_cutadapt_unite	4Q	QIAamp	4	mock_only	Cutadapt	SE	Cutadapt_SE	UNITE+BLAST	BLAST	FDR	0.45454545454545453
fig4_q20_SE_cutadapt_unite	4Z	Zymo	4	mock_only	Cutadapt	SE	Cutadapt_SE	UNITE	No_BLAST	F1-score	0.5454545454545454
fig4_q20_SE_cutadapt_unite	4Z	Zymo	4	mock_only	Cutadapt	SE	Cutadapt_SE	UNITE	No_BLAST	R²	0.1788501931255654
fig4_q20_SE_cutadapt_unite	4Z	Zymo	4	mock_only	Cutadapt	SE	Cutadapt_SE	UNITE	No_BLAST	Bray–Curtis	0.6247961379210589
fig4_q20_SE_cutadapt_unite	4Z	Zymo	4	mock_only	Cutadapt	SE	Cutadapt_SE	UNITE	No_BLAST	Precision	0.5
fig4_q20_SE_cutadapt_unite	4Z	Zymo	4	mock_only	Cutadapt	SE	Cutadapt_SE	UNITE	No_BLAST	Recall	0.6
fig4_q20_SE_cutadapt_unite	4Z	Zymo	4	mock_only	Cutadapt	SE	Cutadapt_SE	UNITE	No_BLAST	FDR	0.5
fig4_q20_SE_cutadapt_unite	4Z	Zymo	4	mock_only	Cutadapt	SE	Cutadapt_SE	UNITE+BLAST	BLAST	F1-score	0.608695652173913
fig4_q20_SE_cutadapt_unite	4Z	Zymo	4	mock_only	Cutadapt	SE	Cutadapt_SE	UNITE+BLAST	BLAST	R²	0.180531103362356
fig4_q20_SE_cutadapt_unite	4Z	Zymo	4	mock_only	Cutadapt	SE	Cutadapt_SE	UNITE+BLAST	BLAST	Bray–Curtis	0.622825320483845
fig4_q20_SE_cutadapt_unite	4Z	Zymo	4	mock_only	Cutadapt	SE	Cutadapt_SE	UNITE+BLAST	BLAST	Precision	0.5384615384615384
fig4_q20_SE_cutadapt_unite	4Z	Zymo	4	mock_only	Cutadapt	SE	Cutadapt_SE	UNITE+BLAST	BLAST	Recall	0.7
fig4_q20_SE_cutadapt_unite	4Z	Zymo	4	mock_only	Cutadapt	SE	Cutadapt_SE	UNITE+BLAST	BLAST	FDR	0.46153846153846156
fig4_q20_SE_itsxpress_unite	1D	DNeasy	1	mock_only	ITSxpress	SE	ITSx_SE	UNITE	No_BLAST	F1-score	0.5
fig4_q20_SE_itsxpress_unite	1D	DNeasy	1	mock_only	ITSxpress	SE	ITSx_SE	UNITE	No_BLAST	R²	0.18702746582260896
fig4_q20_SE_itsxpress_unite	1D	DNeasy	1	mock_only	ITSxpress	SE	ITSx_SE	UNITE	No_BLAST	Bray–Curtis	0.6037745879851142
fig4_q20_SE_itsxpress_unite	1D	DNeasy	1	mock_only	ITSxpress	SE	ITSx_SE	UNITE	No_BLAST	Precision	0.5
fig4_q20_SE_itsxpress_unite	1D	DNeasy	1	mock_only	ITSxpress	SE	ITSx_SE	UNITE	No_BLAST	Recall	0.5
fig4_q20_SE_itsxpress_unite	1D	DNeasy	1	mock_only	ITSxpress	SE	ITSx_SE	UNITE	No_BLAST	FDR	0.5
fig4_q20_SE_itsxpress_unite	1D	DNeasy	1	mock_only	ITSxpress	SE	ITSx_SE	UNITE+BLAST	BLAST	F1-score	0.5714285714285713
fig4_q20_SE_itsxpress_unite	1D	DNeasy	1	mock_only	ITSxpress	SE	ITSx_SE	UNITE+BLAST	BLAST	R²	0.18876150686829699
fig4_q20_SE_itsxpress_unite	1D	DNeasy	1	mock_only	ITSxpress	SE	ITSx_SE	UNITE+BLAST	BLAST	Bray–Curtis	0.6019409996853605
fig4_q20_SE_itsxpress_unite	1D	DNeasy	1	mock_only	ITSxpress	SE	ITSx_SE	UNITE+BLAST	BLAST	Precision	0.5454545454545454
fig4_q20_SE_itsxpress_unite	1D	DNeasy	1	mock_only	ITSxpress	SE	ITSx_SE	UNITE+BLAST	BLAST	Recall	0.6
fig4_q20_SE_itsxpress_unite	1D	DNeasy	1	mock_only	ITSxpress	SE	ITSx_SE	UNITE+BLAST	BLAST	FDR	0.45454545454545453
fig4_q20_SE_itsxpress_unite	1Q	QIAamp	1	mock_only	ITSxpress	SE	ITSx_SE	UNITE	No_BLAST	F1-score	0.47619047619047616
fig4_q20_SE_itsxpress_unite	1Q	QIAamp	1	mock_only	ITSxpress	SE	ITSx_SE	UNITE	No_BLAST	R²	0.19091581974548416
fig4_q20_SE_itsxpress_unite	1Q	QIAamp	1	mock_only	ITSxpress	SE	ITSx_SE	UNITE	No_BLAST	Bray–Curtis	0.6246387859048541
fig4_q20_SE_itsxpress_unite	1Q	QIAamp	1	mock_only	ITSxpress	SE	ITSx_SE	UNITE	No_BLAST	Precision	0.45454545454545453
fig4_q20_SE_itsxpress_unite	1Q	QIAamp	1	mock_only	ITSxpress	SE	ITSx_SE	UNITE	No_BLAST	Recall	0.5
fig4_q20_SE_itsxpress_unite	1Q	QIAamp	1	mock_only	ITSxpress	SE	ITSx_SE	UNITE	No_BLAST	FDR	0.5454545454545454
fig4_q20_SE_itsxpress_unite	1Q	QIAamp	1	mock_only	ITSxpress	SE	ITSx_SE	UNITE+BLAST	BLAST	F1-score	0.5217391304347826
fig4_q20_SE_itsxpress_unite	1Q	QIAamp	1	mock_only	ITSxpress	SE	ITSx_SE	UNITE+BLAST	BLAST	R²	0.19246636083707158
fig4_q20_SE_itsxpress_unite	1Q	QIAamp	1	mock_only	ITSxpress	SE	ITSx_SE	UNITE+BLAST	BLAST	Bray–Curtis	0.6229964311700911
fig4_q20_SE_itsxpress_unite	1Q	QIAamp	1	mock_only	ITSxpress	SE	ITSx_SE	UNITE+BLAST	BLAST	Precision	0.46153846153846156
fig4_q20_SE_itsxpress_unite	1Q	QIAamp	1	mock_only	ITSxpress	SE	ITSx_SE	UNITE+BLAST	BLAST	Recall	0.6
fig4_q20_SE_itsxpress_unite	1Q	QIAamp	1	mock_only	ITSxpress	SE	ITSx_SE	UNITE+BLAST	BLAST	FDR	0.5384615384615384
fig4_q20_SE_itsxpress_unite	1Z	Zymo	1	mock_only	ITSxpress	SE	ITSx_SE	UNITE	No_BLAST	F1-score	0.5714285714285713
fig4_q20_SE_itsxpress_unite	1Z	Zymo	1	mock_only	ITSxpress	SE	ITSx_SE	UNITE	No_BLAST	R²	0.15299788504360753
fig4_q20_SE_itsxpress_unite	1Z	Zymo	1	mock_only	ITSxpress	SE	ITSx_SE	UNITE	No_BLAST	Bray–Curtis	0.6305283473063833
fig4_q20_SE_itsxpress_unite	1Z	Zymo	1	mock_only	ITSxpress	SE	ITSx_SE	UNITE	No_BLAST	Precision	0.5454545454545454
fig4_q20_SE_itsxpress_unite	1Z	Zymo	1	mock_only	ITSxpress	SE	ITSx_SE	UNITE	No_BLAST	Recall	0.6
fig4_q20_SE_itsxpress_unite	1Z	Zymo	1	mock_only	ITSxpress	SE	ITSx_SE	UNITE	No_BLAST	FDR	0.45454545454545453
fig4_q20_SE_itsxpress_unite	1Z	Zymo	1	mock_only	ITSxpress	SE	ITSx_SE	UNITE+BLAST	BLAST	F1-score	0.6363636363636365
fig4_q20_SE_itsxpress_unite	1Z	Zymo	1	mock_only	ITSxpress	SE	ITSx_SE	UNITE+BLAST	BLAST	R²	0.15418454354076092
fig4_q20_SE_itsxpress_unite	1Z	Zymo	1	mock_only	ITSxpress	SE	ITSx_SE	UNITE+BLAST	BLAST	Bray–Curtis	0.6290549514401926
fig4_q20_SE_itsxpress_unite	1Z	Zymo	1	mock_only	ITSxpress	SE	ITSx_SE	UNITE+BLAST	BLAST	Precision	0.5833333333333334
fig4_q20_SE_itsxpress_unite	1Z	Zymo	1	mock_only	ITSxpress	SE	ITSx_SE	UNITE+BLAST	BLAST	Recall	0.7
fig4_q20_SE_itsxpress_unite	1Z	Zymo	1	mock_only	ITSxpress	SE	ITSx_SE	UNITE+BLAST	BLAST	FDR	0.4166666666666667
fig4_q20_SE_itsxpress_unite	2D	DNeasy	2	mock_only	ITSxpress	SE	ITSx_SE	UNITE	No_BLAST	F1-score	0.47619047619047616
fig4_q20_SE_itsxpress_unite	2D	DNeasy	2	mock_only	ITSxpress	SE	ITSx_SE	UNITE	No_BLAST	R²	0.19582511959213997
fig4_q20_SE_itsxpress_unite	2D	DNeasy	2	mock_only	ITSxpress	SE	ITSx_SE	UNITE	No_BLAST	Bray–Curtis	0.6045716184301503
fig4_q20_SE_itsxpress_unite	2D	DNeasy	2	mock_only	ITSxpress	SE	ITSx_SE	UNITE	No_BLAST	Precision	0.45454545454545453
fig4_q20_SE_itsxpress_unite	2D	DNeasy	2	mock_only	ITSxpress	SE	ITSx_SE	UNITE	No_BLAST	Recall	0.5
fig4_q20_SE_itsxpress_unite	2D	DNeasy	2	mock_only	ITSxpress	SE	ITSx_SE	UNITE	No_BLAST	FDR	0.5454545454545454
fig4_q20_SE_itsxpress_unite	2D	DNeasy	2	mock_only	ITSxpress	SE	ITSx_SE	UNITE+BLAST	BLAST	F1-score	0.5454545454545454
fig4_q20_SE_itsxpress_unite	2D	DNeasy	2	mock_only	ITSxpress	SE	ITSx_SE	UNITE+BLAST	BLAST	R²	0.19710194922084884
fig4_q20_SE_itsxpress_unite	2D	DNeasy	2	mock_only	ITSxpress	SE	ITSx_SE	UNITE+BLAST	BLAST	Bray–Curtis	0.6031617891362324
fig4_q20_SE_itsxpress_unite	2D	DNeasy	2	mock_only	ITSxpress	SE	ITSx_SE	UNITE+BLAST	BLAST	Precision	0.5
fig4_q20_SE_itsxpress_unite	2D	DNeasy	2	mock_only	ITSxpress	SE	ITSx_SE	UNITE+BLAST	BLAST	Recall	0.6
fig4_q20_SE_itsxpress_unite	2D	DNeasy	2	mock_only	ITSxpress	SE	ITSx_SE	UNITE+BLAST	BLAST	FDR	0.5
fig4_q20_SE_itsxpress_unite	2Q	QIAamp	2	mock_only	ITSxpress	SE	ITSx_SE	UNITE	No_BLAST	F1-score	0.5714285714285713
fig4_q20_SE_itsxpress_unite	2Q	QIAamp	2	mock_only	ITSxpress	SE	ITSx_SE	UNITE	No_BLAST	R²	0.19343658448782547
fig4_q20_SE_itsxpress_unite	2Q	QIAamp	2	mock_only	ITSxpress	SE	ITSx_SE	UNITE	No_BLAST	Bray–Curtis	0.6191282855075959
fig4_q20_SE_itsxpress_unite	2Q	QIAamp	2	mock_only	ITSxpress	SE	ITSx_SE	UNITE	No_BLAST	Precision	0.5454545454545454
fig4_q20_SE_itsxpress_unite	2Q	QIAamp	2	mock_only	ITSxpress	SE	ITSx_SE	UNITE	No_BLAST	Recall	0.6
fig4_q20_SE_itsxpress_unite	2Q	QIAamp	2	mock_only	ITSxpress	SE	ITSx_SE	UNITE	No_BLAST	FDR	0.45454545454545453
fig4_q20_SE_itsxpress_unite	2Q	QIAamp	2	mock_only	ITSxpress	SE	ITSx_SE	UNITE+BLAST	BLAST	F1-score	0.6363636363636365
fig4_q20_SE_itsxpress_unite	2Q	QIAamp	2	mock_only	ITSxpress	SE	ITSx_SE	UNITE+BLAST	BLAST	R²	0.19550857400889465
fig4_q20_SE_itsxpress_unite	2Q	QIAamp	2	mock_only	ITSxpress	SE	ITSx_SE	UNITE+BLAST	BLAST	Bray–Curtis	0.6169881842295636
fig4_q20_SE_itsxpress_unite	2Q	QIAamp	2	mock_only	ITSxpress	SE	ITSx_SE	UNITE+BLAST	BLAST	Precision	0.5833333333333334
fig4_q20_SE_itsxpress_unite	2Q	QIAamp	2	mock_only	ITSxpress	SE	ITSx_SE	UNITE+BLAST	BLAST	Recall	0.7
fig4_q20_SE_itsxpress_unite	2Q	QIAamp	2	mock_only	ITSxpress	SE	ITSx_SE	UNITE+BLAST	BLAST	FDR	0.4166666666666667
fig4_q20_SE_itsxpress_unite	2Z	Zymo	2	mock_only	ITSxpress	SE	ITSx_SE	UNITE	No_BLAST	F1-score	0.5714285714285713
fig4_q20_SE_itsxpress_unite	2Z	Zymo	2	mock_only	ITSxpress	SE	ITSx_SE	UNITE	No_BLAST	R²	0.18974719957482614
fig4_q20_SE_itsxpress_unite	2Z	Zymo	2	mock_only	ITSxpress	SE	ITSx_SE	UNITE	No_BLAST	Bray–Curtis	0.6106449106449104
fig4_q20_SE_itsxpress_unite	2Z	Zymo	2	mock_only	ITSxpress	SE	ITSx_SE	UNITE	No_BLAST	Precision	0.5454545454545454
fig4_q20_SE_itsxpress_unite	2Z	Zymo	2	mock_only	ITSxpress	SE	ITSx_SE	UNITE	No_BLAST	Recall	0.6
fig4_q20_SE_itsxpress_unite	2Z	Zymo	2	mock_only	ITSxpress	SE	ITSx_SE	UNITE	No_BLAST	FDR	0.45454545454545453
fig4_q20_SE_itsxpress_unite	2Z	Zymo	2	mock_only	ITSxpress	SE	ITSx_SE	UNITE+BLAST	BLAST	F1-score	0.6363636363636365
fig4_q20_SE_itsxpress_unite	2Z	Zymo	2	mock_only	ITSxpress	SE	ITSx_SE	UNITE+BLAST	BLAST	R²	0.19157763449493448
fig4_q20_SE_itsxpress_unite	2Z	Zymo	2	mock_only	ITSxpress	SE	ITSx_SE	UNITE+BLAST	BLAST	Bray–Curtis	0.6087671587671586
fig4_q20_SE_itsxpress_unite	2Z	Zymo	2	mock_only	ITSxpress	SE	ITSx_SE	UNITE+BLAST	BLAST	Precision	0.5833333333333334
fig4_q20_SE_itsxpress_unite	2Z	Zymo	2	mock_only	ITSxpress	SE	ITSx_SE	UNITE+BLAST	BLAST	Recall	0.7
fig4_q20_SE_itsxpress_unite	2Z	Zymo	2	mock_only	ITSxpress	SE	ITSx_SE	UNITE+BLAST	BLAST	FDR	0.4166666666666667
fig4_q20_SE_itsxpress_unite	3D	DNeasy	3	mock_only	ITSxpress	SE	ITSx_SE	UNITE	No_BLAST	F1-score	0.5454545454545454
fig4_q20_SE_itsxpress_unite	3D	DNeasy	3	mock_only	ITSxpress	SE	ITSx_SE	UNITE	No_BLAST	R²	0.19901137912861078
fig4_q20_SE_itsxpress_unite	3D	DNeasy	3	mock_only	ITSxpress	SE	ITSx_SE	UNITE	No_BLAST	Bray–Curtis	0.6085301697189647
fig4_q20_SE_itsxpress_unite	3D	DNeasy	3	mock_only	ITSxpress	SE	ITSx_SE	UNITE	No_BLAST	Precision	0.5
fig4_q20_SE_itsxpress_unite	3D	DNeasy	3	mock_only	ITSxpress	SE	ITSx_SE	UNITE	No_BLAST	Recall	0.6
fig4_q20_SE_itsxpress_unite	3D	DNeasy	3	mock_only	ITSxpress	SE	ITSx_SE	UNITE	No_BLAST	FDR	0.5
fig4_q20_SE_itsxpress_unite	3D	DNeasy	3	mock_only	ITSxpress	SE	ITSx_SE	UNITE+BLAST	BLAST	F1-score	0.608695652173913
fig4_q20_SE_itsxpress_unite	3D	DNeasy	3	mock_only	ITSxpress	SE	ITSx_SE	UNITE+BLAST	BLAST	R²	0.20117559617093647
fig4_q20_SE_itsxpress_unite	3D	DNeasy	3	mock_only	ITSxpress	SE	ITSx_SE	UNITE+BLAST	BLAST	Bray–Curtis	0.6063648424038183
fig4_q20_SE_itsxpress_unite	3D	DNeasy	3	mock_only	ITSxpress	SE	ITSx_SE	UNITE+BLAST	BLAST	Precision	0.5384615384615384
fig4_q20_SE_itsxpress_unite	3D	DNeasy	3	mock_only	ITSxpress	SE	ITSx_SE	UNITE+BLAST	BLAST	Recall	0.7
fig4_q20_SE_itsxpress_unite	3D	DNeasy	3	mock_only	ITSxpress	SE	ITSx_SE	UNITE+BLAST	BLAST	FDR	0.46153846153846156
fig4_q20_SE_itsxpress_unite	3Q	QIAamp	3	mock_only	ITSxpress	SE	ITSx_SE	UNITE	No_BLAST	F1-score	0.5714285714285713
fig4_q20_SE_itsxpress_unite	3Q	QIAamp	3	mock_only	ITSxpress	SE	ITSx_SE	UNITE	No_BLAST	R²	0.18744396285433
fig4_q20_SE_itsxpress_unite	3Q	QIAamp	3	mock_only	ITSxpress	SE	ITSx_SE	UNITE	No_BLAST	Bray–Curtis	0.6264522478344601
fig4_q20_SE_itsxpress_unite	3Q	QIAamp	3	mock_only	ITSxpress	SE	ITSx_SE	UNITE	No_BLAST	Precision	0.5454545454545454
fig4_q20_SE_itsxpress_unite	3Q	QIAamp	3	mock_only	ITSxpress	SE	ITSx_SE	UNITE	No_BLAST	Recall	0.6
fig4_q20_SE_itsxpress_unite	3Q	QIAamp	3	mock_only	ITSxpress	SE	ITSx_SE	UNITE	No_BLAST	FDR	0.45454545454545453
fig4_q20_SE_itsxpress_unite	3Q	QIAamp	3	mock_only	ITSxpress	SE	ITSx_SE	UNITE+BLAST	BLAST	F1-score	0.6363636363636365
fig4_q20_SE_itsxpress_unite	3Q	QIAamp	3	mock_only	ITSxpress	SE	ITSx_SE	UNITE+BLAST	BLAST	R²	0.18963206462205695
fig4_q20_SE_itsxpress_unite	3Q	QIAamp	3	mock_only	ITSxpress	SE	ITSx_SE	UNITE+BLAST	BLAST	Bray–Curtis	0.6240936972401564
fig4_q20_SE_itsxpress_unite	3Q	QIAamp	3	mock_only	ITSxpress	SE	ITSx_SE	UNITE+BLAST	BLAST	Precision	0.5833333333333334
fig4_q20_SE_itsxpress_unite	3Q	QIAamp	3	mock_only	ITSxpress	SE	ITSx_SE	UNITE+BLAST	BLAST	Recall	0.7
fig4_q20_SE_itsxpress_unite	3Q	QIAamp	3	mock_only	ITSxpress	SE	ITSx_SE	UNITE+BLAST	BLAST	FDR	0.4166666666666667
fig4_q20_SE_itsxpress_unite	3Z	Zymo	3	mock_only	ITSxpress	SE	ITSx_SE	UNITE	No_BLAST	F1-score	0.5714285714285713
fig4_q20_SE_itsxpress_unite	3Z	Zymo	3	mock_only	ITSxpress	SE	ITSx_SE	UNITE	No_BLAST	R²	0.18423740609007103
fig4_q20_SE_itsxpress_unite	3Z	Zymo	3	mock_only	ITSxpress	SE	ITSx_SE	UNITE	No_BLAST	Bray–Curtis	0.6164488349343297
fig4_q20_SE_itsxpress_unite	3Z	Zymo	3	mock_only	ITSxpress	SE	ITSx_SE	UNITE	No_BLAST	Precision	0.5454545454545454
fig4_q20_SE_itsxpress_unite	3Z	Zymo	3	mock_only	ITSxpress	SE	ITSx_SE	UNITE	No_BLAST	Recall	0.6
fig4_q20_SE_itsxpress_unite	3Z	Zymo	3	mock_only	ITSxpress	SE	ITSx_SE	UNITE	No_BLAST	FDR	0.45454545454545453
fig4_q20_SE_itsxpress_unite	3Z	Zymo	3	mock_only	ITSxpress	SE	ITSx_SE	UNITE+BLAST	BLAST	F1-score	0.6363636363636365
fig4_q20_SE_itsxpress_unite	3Z	Zymo	3	mock_only	ITSxpress	SE	ITSx_SE	UNITE+BLAST	BLAST	R²	0.18573005140499965
fig4_q20_SE_itsxpress_unite	3Z	Zymo	3	mock_only	ITSxpress	SE	ITSx_SE	UNITE+BLAST	BLAST	Bray–Curtis	0.6148130923553089
fig4_q20_SE_itsxpress_unite	3Z	Zymo	3	mock_only	ITSxpress	SE	ITSx_SE	UNITE+BLAST	BLAST	Precision	0.5833333333333334
fig4_q20_SE_itsxpress_unite	3Z	Zymo	3	mock_only	ITSxpress	SE	ITSx_SE	UNITE+BLAST	BLAST	Recall	0.7
fig4_q20_SE_itsxpress_unite	3Z	Zymo	3	mock_only	ITSxpress	SE	ITSx_SE	UNITE+BLAST	BLAST	FDR	0.4166666666666667
fig4_q20_SE_itsxpress_unite	4D	DNeasy	4	mock_only	ITSxpress	SE	ITSx_SE	UNITE	No_BLAST	F1-score	0.5714285714285713
fig4_q20_SE_itsxpress_unite	4D	DNeasy	4	mock_only	ITSxpress	SE	ITSx_SE	UNITE	No_BLAST	R²	0.20029884512299942
fig4_q20_SE_itsxpress_unite	4D	DNeasy	4	mock_only	ITSxpress	SE	ITSx_SE	UNITE	No_BLAST	Bray–Curtis	0.6061628163318052
fig4_q20_SE_itsxpress_unite	4D	DNeasy	4	mock_only	ITSxpress	SE	ITSx_SE	UNITE	No_BLAST	Precision	0.5454545454545454
fig4_q20_SE_itsxpress_unite	4D	DNeasy	4	mock_only	ITSxpress	SE	ITSx_SE	UNITE	No_BLAST	Recall	0.6
fig4_q20_SE_itsxpress_unite	4D	DNeasy	4	mock_only	ITSxpress	SE	ITSx_SE	UNITE	No_BLAST	FDR	0.45454545454545453
fig4_q20_SE_itsxpress_unite	4D	DNeasy	4	mock_only	ITSxpress	SE	ITSx_SE	UNITE+BLAST	BLAST	F1-score	0.6363636363636365
fig4_q20_SE_itsxpress_unite	4D	DNeasy	4	mock_only	ITSxpress	SE	ITSx_SE	UNITE+BLAST	BLAST	R²	0.20219726081962675
fig4_q20_SE_itsxpress_unite	4D	DNeasy	4	mock_only	ITSxpress	SE	ITSx_SE	UNITE+BLAST	BLAST	Bray–Curtis	0.6041787345967601
fig4_q20_SE_itsxpress_unite	4D	DNeasy	4	mock_only	ITSxpress	SE	ITSx_SE	UNITE+BLAST	BLAST	Precision	0.5833333333333334
fig4_q20_SE_itsxpress_unite	4D	DNeasy	4	mock_only	ITSxpress	SE	ITSx_SE	UNITE+BLAST	BLAST	Recall	0.7
fig4_q20_SE_itsxpress_unite	4D	DNeasy	4	mock_only	ITSxpress	SE	ITSx_SE	UNITE+BLAST	BLAST	FDR	0.4166666666666667
fig4_q20_SE_itsxpress_unite	4Q	QIAamp	4	mock_only	ITSxpress	SE	ITSx_SE	UNITE	No_BLAST	F1-score	0.5
fig4_q20_SE_itsxpress_unite	4Q	QIAamp	4	mock_only	ITSxpress	SE	ITSx_SE	UNITE	No_BLAST	R²	0.1731854004152876
fig4_q20_SE_itsxpress_unite	4Q	QIAamp	4	mock_only	ITSxpress	SE	ITSx_SE	UNITE	No_BLAST	Bray–Curtis	0.6226151783537822
fig4_q20_SE_itsxpress_unite	4Q	QIAamp	4	mock_only	ITSxpress	SE	ITSx_SE	UNITE	No_BLAST	Precision	0.5
fig4_q20_SE_itsxpress_unite	4Q	QIAamp	4	mock_only	ITSxpress	SE	ITSx_SE	UNITE	No_BLAST	Recall	0.5
fig4_q20_SE_itsxpress_unite	4Q	QIAamp	4	mock_only	ITSxpress	SE	ITSx_SE	UNITE	No_BLAST	FDR	0.5
fig4_q20_SE_itsxpress_unite	4Q	QIAamp	4	mock_only	ITSxpress	SE	ITSx_SE	UNITE+BLAST	BLAST	F1-score	0.5714285714285713
fig4_q20_SE_itsxpress_unite	4Q	QIAamp	4	mock_only	ITSxpress	SE	ITSx_SE	UNITE+BLAST	BLAST	R²	0.17514324480815105
fig4_q20_SE_itsxpress_unite	4Q	QIAamp	4	mock_only	ITSxpress	SE	ITSx_SE	UNITE+BLAST	BLAST	Bray–Curtis	0.6204111481270822
fig4_q20_SE_itsxpress_unite	4Q	QIAamp	4	mock_only	ITSxpress	SE	ITSx_SE	UNITE+BLAST	BLAST	Precision	0.5454545454545454
fig4_q20_SE_itsxpress_unite	4Q	QIAamp	4	mock_only	ITSxpress	SE	ITSx_SE	UNITE+BLAST	BLAST	Recall	0.6
fig4_q20_SE_itsxpress_unite	4Q	QIAamp	4	mock_only	ITSxpress	SE	ITSx_SE	UNITE+BLAST	BLAST	FDR	0.45454545454545453
fig4_q20_SE_itsxpress_unite	4Z	Zymo	4	mock_only	ITSxpress	SE	ITSx_SE	UNITE	No_BLAST	F1-score	0.5714285714285713
fig4_q20_SE_itsxpress_unite	4Z	Zymo	4	mock_only	ITSxpress	SE	ITSx_SE	UNITE	No_BLAST	R²	0.1793236953921813
fig4_q20_SE_itsxpress_unite	4Z	Zymo	4	mock_only	ITSxpress	SE	ITSx_SE	UNITE	No_BLAST	Bray–Curtis	0.6221627674396739
fig4_q20_SE_itsxpress_unite	4Z	Zymo	4	mock_only	ITSxpress	SE	ITSx_SE	UNITE	No_BLAST	Precision	0.5454545454545454
fig4_q20_SE_itsxpress_unite	4Z	Zymo	4	mock_only	ITSxpress	SE	ITSx_SE	UNITE	No_BLAST	Recall	0.6
fig4_q20_SE_itsxpress_unite	4Z	Zymo	4	mock_only	ITSxpress	SE	ITSx_SE	UNITE	No_BLAST	FDR	0.45454545454545453
fig4_q20_SE_itsxpress_unite	4Z	Zymo	4	mock_only	ITSxpress	SE	ITSx_SE	UNITE+BLAST	BLAST	F1-score	0.6363636363636365
fig4_q20_SE_itsxpress_unite	4Z	Zymo	4	mock_only	ITSxpress	SE	ITSx_SE	UNITE+BLAST	BLAST	R²	0.18108504517504417
fig4_q20_SE_itsxpress_unite	4Z	Zymo	4	mock_only	ITSxpress	SE	ITSx_SE	UNITE+BLAST	BLAST	Bray–Curtis	0.6201283881390558
fig4_q20_SE_itsxpress_unite	4Z	Zymo	4	mock_only	ITSxpress	SE	ITSx_SE	UNITE+BLAST	BLAST	Precision	0.5833333333333334
fig4_q20_SE_itsxpress_unite	4Z	Zymo	4	mock_only	ITSxpress	SE	ITSx_SE	UNITE+BLAST	BLAST	Recall	0.7
fig4_q20_SE_itsxpress_unite	4Z	Zymo	4	mock_only	ITSxpress	SE	ITSx_SE	UNITE+BLAST	BLAST	FDR	0.4166666666666667
