run_id	sample_id	DNA_kit	replicate	matrix_type	pipeline	preprocess_method	read_strategy	taxonomy_method	BLAST	Paired	Trimm	taxonomic_rank	TP	FP	FN	precision	recall	F1	false_discovery_rate	Bray_Curtis	R2	detection_threshold	Method
fig4_q20_PE_cutadapt_unite	1D	DNeasy	1	mock_only	ITSdetector	Cutadapt	PE	UNITE	No_BLAST	PE	Cutadapt	Species	5	6	5	0.45454545454545453	0.5	0.47619047619047616	0.5454545454545454	0.6057091704794112	0.18415012205867667	count_gt_0	Cutadapt_PE
fig4_q20_PE_cutadapt_unite	1D	DNeasy	1	mock_only	ITSdetector	Cutadapt	PE	UNITE+BLAST	BLAST	PE	Cutadapt	Species	6	6	4	0.5	0.6	0.5454545454545454	0.5	0.6036328824348518	0.1860322039254995	count_gt_0	Cutadapt_PE
fig4_q20_PE_cutadapt_unite	1Q	QIAamp	1	mock_only	ITSdetector	Cutadapt	PE	UNITE	No_BLAST	PE	Cutadapt	Species	5	6	5	0.45454545454545453	0.5	0.47619047619047616	0.5454545454545454	0.6262060836993024	0.19023661279788115	count_gt_0	Cutadapt_PE
fig4_q20_PE_cutadapt_unite	1Q	QIAamp	1	mock_only	ITSdetector	Cutadapt	PE	UNITE+BLAST	BLAST	PE	Cutadapt	Species	6	6	4	0.5	0.6	0.5454545454545454	0.5	0.6243896925858952	0.19187824781293178	count_gt_0	Cutadapt_PE
fig4_q20_PE_cutadapt_unite	1Z	Zymo	1	mock_only	ITSdetector	Cutadapt	PE	UNITE	No_BLAST	PE	Cutadapt	Species	5	5	5	0.5	0.5	0.5	0.5	0.63224208947406	0.14906409602923001	count_gt_0	Cutadapt_PE
fig4_q20_PE_cutadapt_unite	1Z	Zymo	1	mock_only	ITSdetector	Cutadapt	PE	UNITE+BLAST	BLAST	PE	Cutadapt	Species	7	6	3	0.5384615384615384	0.7	0.608695652173913	0.46153846153846156	0.6307302207090307	0.15022104531766886	count_gt_0	Cutadapt_PE
fig4_q20_PE_cutadapt_unite	2D	DNeasy	2	mock_only	ITSdetector	Cutadapt	PE	UNITE	No_BLAST	PE	Cutadapt	Species	5	7	5	0.4166666666666667	0.5	0.45454545454545453	0.5833333333333334	0.6057545596928205	0.19401262948155437	count_gt_0	Cutadapt_PE
fig4_q20_PE_cutadapt_unite	2D	DNeasy	2	mock_only	ITSdetector	Cutadapt	PE	UNITE+BLAST	BLAST	PE	Cutadapt	Species	6	7	4	0.46153846153846156	0.6	0.5217391304347826	0.5384615384615384	0.604238872328601	0.19533276048403858	count_gt_0	Cutadapt_PE
fig4_q20_PE_cutadapt_unite	2Q	QIAamp	2	mock_only	ITSdetector	Cutadapt	PE	UNITE	No_BLAST	PE	Cutadapt	Species	5	5	5	0.5	0.5	0.5	0.5	0.6201363525687851	0.19491128233789864	count_gt_0	Cutadapt_PE
fig4_q20_PE_cutadapt_unite	2Q	QIAamp	2	mock_only	ITSdetector	Cutadapt	PE	UNITE+BLAST	BLAST	PE	Cutadapt	Species	7	5	3	0.5833333333333334	0.7	0.6363636363636365	0.4166666666666667	0.6178754043618908	0.19704349438985777	count_gt_0	Cutadapt_PE
fig4_q20_PE_cutadapt_unite	2Z	Zymo	2	mock_only	ITSdetector	Cutadapt	PE	UNITE	No_BLAST	PE	Cutadapt	Species	5	6	5	0.45454545454545453	0.5	0.47619047619047616	0.5454545454545454	0.6114861953357366	0.1887389833609609	count_gt_0	Cutadapt_PE
fig4_q20_PE_cutadapt_unite	2Z	Zymo	2	mock_only	ITSdetector	Cutadapt	PE	UNITE+BLAST	BLAST	PE	Cutadapt	Species	7	6	3	0.5384615384615384	0.7	0.608695652173913	0.46153846153846156	0.6093211699544924	0.19077770872013888	count_gt_0	Cutadapt_PE
fig4_q20_PE_cutadapt_unite	3D	DNeasy	3	mock_only	ITSdetector	Cutadapt	PE	UNITE	No_BLAST	PE	Cutadapt	Species	5	7	5	0.4166666666666667	0.5	0.45454545454545453	0.5833333333333334	0.6087221976151391	0.19985588225463657	count_gt_0	Cutadapt_PE
fig4_q20_PE_cutadapt_unite	3D	DNeasy	3	mock_only	ITSdetector	Cutadapt	PE	UNITE+BLAST	BLAST	PE	Cutadapt	Species	6	7	4	0.46153846153846156	0.6	0.5217391304347826	0.5384615384615384	0.6064467661950791	0.2020685357480726	count_gt_0	Cutadapt_PE
fig4_q20_PE_cutadapt_unite	3Q	QIAamp	3	mock_only	ITSdetector	Cutadapt	PE	UNITE	No_BLAST	PE	Cutadapt	Species	5	6	5	0.45454545454545453	0.5	0.47619047619047616	0.5454545454545454	0.6278953473637009	0.18679191777021154	count_gt_0	Cutadapt_PE
fig4_q20_PE_cutadapt_unite	3Q	QIAamp	3	mock_only	ITSdetector	Cutadapt	PE	UNITE+BLAST	BLAST	PE	Cutadapt	Species	7	6	3	0.5384615384615384	0.7	0.608695652173913	0.46153846153846156	0.6254388957665202	0.18898742233816324	count_gt_0	Cutadapt_PE
fig4_q20_PE_cutadapt_unite	3Z	Zymo	3	mock_only	ITSdetector	Cutadapt	PE	UNITE	No_BLAST	PE	Cutadapt	Species	5	6	5	0.45454545454545453	0.5	0.47619047619047616	0.5454545454545454	0.6173328438346104	0.18220808992876047	count_gt_0	Cutadapt_PE
fig4_q20_PE_cutadapt_unite	3Z	Zymo	3	mock_only	ITSdetector	Cutadapt	PE	UNITE+BLAST	BLAST	PE	Cutadapt	Species	7	6	3	0.5384615384615384	0.7	0.608695652173913	0.46153846153846156	0.6156807856454498	0.1836508878298453	count_gt_0	Cutadapt_PE
fig4_q20_PE_cutadapt_unite	4D	DNeasy	4	mock_only	ITSdetector	Cutadapt	PE	UNITE	No_BLAST	PE	Cutadapt	Species	5	5	5	0.5	0.5	0.5	0.5	0.6072369716531253	0.19904300022002896	count_gt_0	Cutadapt_PE
fig4_q20_PE_cutadapt_unite	4D	DNeasy	4	mock_only	ITSdetector	Cutadapt	PE	UNITE+BLAST	BLAST	PE	Cutadapt	Species	6	5	4	0.5454545454545454	0.6	0.5714285714285713	0.45454545454545453	0.6050538085494378	0.20105250177249268	count_gt_0	Cutadapt_PE
fig4_q20_PE_cutadapt_unite	4Q	QIAamp	4	mock_only	ITSdetector	Cutadapt	PE	UNITE	No_BLAST	PE	Cutadapt	Species	5	5	5	0.5	0.5	0.5	0.5	0.6237524678330724	0.17091478957472528	count_gt_0	Cutadapt_PE
fig4_q20_PE_cutadapt_unite	4Q	QIAamp	4	mock_only	ITSdetector	Cutadapt	PE	UNITE+BLAST	BLAST	PE	Cutadapt	Species	6	5	4	0.5454545454545454	0.6	0.5714285714285713	0.45454545454545453	0.6215739669140172	0.17278229352337474	count_gt_0	Cutadapt_PE
fig4_q20_PE_cutadapt_unite	4Z	Zymo	4	mock_only	ITSdetector	Cutadapt	PE	UNITE	No_BLAST	PE	Cutadapt	Species	5	5	5	0.5	0.5	0.5	0.5	0.6237216790813157	0.17725937823470372	count_gt_0	Cutadapt_PE
fig4_q20_PE_cutadapt_unite	4Z	Zymo	4	mock_only	ITSdetector	Cutadapt	PE	UNITE+BLAST	BLAST	PE	Cutadapt	Species	7	5	3	0.5833333333333334	0.7	0.6363636363636365	0.4166666666666667	0.6215782122905027	0.17903777617303568	count_gt_0	Cutadapt_PE
fig4_q20_PE_itsxpress_unite	1D	DNeasy	1	mock_only	ITSdetector	ITSxpress	PE	UNITE	No_BLAST	PE	ITSxpress	Species	5	5	5	0.5	0.5	0.5	0.5	0.6037751422737737	0.1870264907979021	count_gt_0	ITSx_PE
fig4_q20_PE_itsxpress_unite	1D	DNeasy	1	mock_only	ITSdetector	ITSxpress	PE	UNITE+BLAST	BLAST	PE	ITSxpress	Species	6	5	4	0.5454545454545454	0.6	0.5714285714285713	0.45454545454545453	0.6019397019853164	0.18876162539504254	count_gt_0	ITSx_PE
fig4_q20_PE_itsxpress_unite	1Q	QIAamp	1	mock_only	ITSdetector	ITSxpress	PE	UNITE	No_BLAST	PE	ITSxpress	Species	5	6	5	0.45454545454545453	0.5	0.47619047619047616	0.5454545454545454	0.6245635347610288	0.19085931295445233	count_gt_0	ITSx_PE
fig4_q20_PE_itsxpress_unite	1Q	QIAamp	1	mock_only	ITSdetector	ITSxpress	PE	UNITE+BLAST	BLAST	PE	ITSxpress	Species	6	7	4	0.46153846153846156	0.6	0.5217391304347826	0.5384615384615384	0.6229183298045886	0.19241092536006232	count_gt_0	ITSx_PE
fig4_q20_PE_itsxpress_unite	1Z	Zymo	1	mock_only	ITSdetector	ITSxpress	PE	UNITE	No_BLAST	PE	ITSxpress	Species	6	5	4	0.5454545454545454	0.6	0.5714285714285713	0.45454545454545453	0.6304823900090466	0.15311888681473068	count_gt_0	ITSx_PE
fig4_q20_PE_itsxpress_unite	1Z	Zymo	1	mock_only	ITSdetector	ITSxpress	PE	UNITE+BLAST	BLAST	PE	ITSxpress	Species	7	5	3	0.5833333333333334	0.7	0.6363636363636365	0.4166666666666667	0.6290057920076533	0.15430611725801213	count_gt_0	ITSx_PE
fig4_q20_PE_itsxpress_unite	2D	DNeasy	2	mock_only	ITSdetector	ITSxpress	PE	UNITE	No_BLAST	PE	ITSxpress	Species	5	6	5	0.45454545454545453	0.5	0.47619047619047616	0.5454545454545454	0.6044985250737462	0.19568836414787383	count_gt_0	ITSx_PE
fig4_q20_PE_itsxpress_unite	2D	DNeasy	2	mock_only	ITSdetector	ITSxpress	PE	UNITE+BLAST	BLAST	PE	ITSxpress	Species	6	6	4	0.5	0.6	0.5454545454545454	0.5	0.6030865529894236	0.19696621461581348	count_gt_0	ITSx_PE
fig4_q20_PE_itsxpress_unite	2Q	QIAamp	2	mock_only	ITSdetector	ITSxpress	PE	UNITE	No_BLAST	PE	ITSxpress	Species	6	5	4	0.5454545454545454	0.6	0.5714285714285713	0.45454545454545453	0.619161269870024	0.19328195041822918	count_gt_0	ITSx_PE
fig4_q20_PE_itsxpress_unite	2Q	QIAamp	2	mock_only	ITSdetector	ITSxpress	PE	UNITE+BLAST	BLAST	PE	ITSxpress	Species	7	5	3	0.5833333333333334	0.7	0.6363636363636365	0.4166666666666667	0.6170176471476231	0.19535477349817984	count_gt_0	ITSx_PE
fig4_q20_PE_itsxpress_unite	2Z	Zymo	2	mock_only	ITSdetector	ITSxpress	PE	UNITE	No_BLAST	PE	ITSxpress	Species	6	5	4	0.5454545454545454	0.6	0.5714285714285713	0.45454545454545453	0.6106339241068949	0.1897682075709046	count_gt_0	ITSx_PE
fig4_q20_PE_itsxpress_unite	2Z	Zymo	2	mock_only	ITSdetector	ITSxpress	PE	UNITE+BLAST	BLAST	PE	ITSxpress	Species	7	5	3	0.5833333333333334	0.7	0.6363636363636365	0.4166666666666667	0.6087541900475952	0.1916002824060897	count_gt_0	ITSx_PE
fig4_q20_PE_itsxpress_unite	3D	DNeasy	3	mock_only	ITSdetector	ITSxpress	PE	UNITE	No_BLAST	PE	ITSxpress	Species	5	6	5	0.45454545454545453	0.5	0.47619047619047616	0.5454545454545454	0.6082838425273985	0.1995506005932568	count_gt_0	ITSx_PE
fig4_q20_PE_itsxpress_unite	3D	DNeasy	3	mock_only	ITSdetector	ITSxpress	PE	UNITE+BLAST	BLAST	PE	ITSxpress	Species	6	6	4	0.5	0.6	0.5454545454545454	0.5	0.6061103287822202	0.20172563535164903	count_gt_0	ITSx_PE
fig4_q20_PE_itsxpress_unite	3Q	QIAamp	3	mock_only	ITSdetector	ITSxpress	PE	UNITE	No_BLAST	PE	ITSxpress	Species	6	5	4	0.5454545454545454	0.6	0.5714285714285713	0.45454545454545453	0.6264070736269342	0.18731012331072394	count_gt_0	ITSx_PE
fig4_q20_PE_itsxpress_unite	3Q	QIAamp	3	mock_only	ITSdetector	ITSxpress	PE	UNITE+BLAST	BLAST	PE	ITSxpress	Species	7	5	3	0.5833333333333334	0.7	0.6363636363636365	0.4166666666666667	0.6240435300119027	0.189500436724834	count_gt_0	ITSx_PE
fig4_q20_PE_itsxpress_unite	3Z	Zymo	3	mock_only	ITSdetector	ITSxpress	PE	UNITE	No_BLAST	PE	ITSxpress	Species	6	4	4	0.6	0.6	0.6	0.4	0.6163929555182576	0.18412680637101903	count_gt_0	ITSx_PE
fig4_q20_PE_itsxpress_unite	3Z	Zymo	3	mock_only	ITSdetector	ITSxpress	PE	UNITE+BLAST	BLAST	PE	ITSxpress	Species	7	4	3	0.6363636363636364	0.7	0.6666666666666666	0.36363636363636365	0.6147547039502742	0.1856202692028773	count_gt_0	ITSx_PE
fig4_q20_PE_itsxpress_unite	4D	DNeasy	4	mock_only	ITSdetector	ITSxpress	PE	UNITE	No_BLAST	PE	ITSxpress	Species	5	5	5	0.5	0.5	0.5	0.5	0.6061217028342485	0.20010561773278837	count_gt_0	ITSx_PE
fig4_q20_PE_itsxpress_unite	4D	DNeasy	4	mock_only	ITSdetector	ITSxpress	PE	UNITE+BLAST	BLAST	PE	ITSxpress	Species	6	5	4	0.5454545454545454	0.6	0.5714285714285713	0.45454545454545453	0.6041336918354443	0.20200646073124837	count_gt_0	ITSx_PE
fig4_q20_PE_itsxpress_unite	4Q	QIAamp	4	mock_only	ITSdetector	ITSxpress	PE	UNITE	No_BLAST	PE	ITSxpress	Species	5	5	5	0.5	0.5	0.5	0.5	0.6225950145941601	0.17314073868444077	count_gt_0	ITSx_PE
fig4_q20_PE_itsxpress_unite	4Q	QIAamp	4	mock_only	ITSdetector	ITSxpress	PE	UNITE+BLAST	BLAST	PE	ITSxpress	Species	6	5	4	0.5454545454545454	0.6	0.5714285714285713	0.45454545454545453	0.6203880927924171	0.1750994308625183	count_gt_0	ITSx_PE
fig4_q20_PE_itsxpress_unite	4Z	Zymo	4	mock_only	ITSdetector	ITSxpress	PE	UNITE	No_BLAST	PE	ITSxpress	Species	6	5	4	0.5454545454545454	0.6	0.5714285714285713	0.45454545454545453	0.6219836111896015	0.17922546481615462	count_gt_0	ITSx_PE
fig4_q20_PE_itsxpress_unite	4Z	Zymo	4	mock_only	ITSdetector	ITSxpress	PE	UNITE+BLAST	BLAST	PE	ITSxpress	Species	7	5	3	0.5833333333333334	0.7	0.6363636363636365	0.4166666666666667	0.6199457131358799	0.1809880343939744	count_gt_0	ITSx_PE
fig4_q20_SE_cutadapt_unite	1D	DNeasy	1	mock_only	ITSdetector	Cutadapt	SE	UNITE	No_BLAST	SE	Cutadapt	Species	5	5	5	0.5	0.5	0.5	0.5	0.604749288701001	0.18527033326253114	count_gt_0	Cutadapt_SE
fig4_q20_SE_cutadapt_unite	1D	DNeasy	1	mock_only	ITSdetector	Cutadapt	SE	UNITE+BLAST	BLAST	SE	Cutadapt	Species	6	5	4	0.5454545454545454	0.6	0.5714285714285713	0.45454545454545453	0.6028140946632415	0.18706751894575466	count_gt_0	Cutadapt_SE
fig4_q20_SE_cutadapt_unite	1Q	QIAamp	1	mock_only	ITSdetector	Cutadapt	SE	UNITE	No_BLAST	SE	Cutadapt	Species	5	6	5	0.45454545454545453	0.5	0.47619047619047616	0.5454545454545454	0.6257339343933576	0.19040557637712904	count_gt_0	Cutadapt_SE
fig4_q20_SE_cutadapt_unite	1Q	QIAamp	1	mock_only	ITSdetector	Cutadapt	SE	UNITE+BLAST	BLAST	SE	Cutadapt	Species	6	6	4	0.5	0.6	0.5454545454545454	0.5	0.6240629479172081	0.19195227424972341	count_gt_0	Cutadapt_SE
fig4_q20_SE_cutadapt_unite	1Z	Zymo	1	mock_only	ITSdetector	Cutadapt	SE	UNITE	No_BLAST	SE	Cutadapt	Species	6	5	4	0.5454545454545454	0.6	0.5714285714285713	0.45454545454545453	0.6330726355444912	0.15210011726068945	count_gt_0	Cutadapt_SE
fig4_q20_SE_cutadapt_unite	1Z	Zymo	1	mock_only	ITSdetector	Cutadapt	SE	UNITE+BLAST	BLAST	SE	Cutadapt	Species	7	6	3	0.5384615384615384	0.7	0.608695652173913	0.46153846153846156	0.6316075874071954	0.15326400866801074	count_gt_0	Cutadapt_SE
fig4_q20_SE_cutadapt_unite	2D	DNeasy	2	mock_only	ITSdetector	Cutadapt	SE	UNITE	No_BLAST	SE	Cutadapt	Species	5	6	5	0.45454545454545453	0.5	0.47619047619047616	0.5454545454545454	0.6052185991136979	0.1947311512846399	count_gt_0	Cutadapt_SE
fig4_q20_SE_cutadapt_unite	2D	DNeasy	2	mock_only	ITSdetector	Cutadapt	SE	UNITE+BLAST	BLAST	SE	Cutadapt	Species	6	6	4	0.5	0.6	0.5454545454545454	0.5	0.6037351298744246	0.19605264236020167	count_gt_0	Cutadapt_SE
fig4_q20_SE_cutadapt_unite	2Q	QIAamp	2	mock_only	ITSdetector	Cutadapt	SE	UNITE	No_BLAST	SE	Cutadapt	Species	6	5	4	0.5454545454545454	0.6	0.5714285714285713	0.45454545454545453	0.6199005972183252	0.19313568133730938	count_gt_0	Cutadapt_SE
fig4_q20_SE_cutadapt_unite	2Q	QIAamp	2	mock_only	ITSdetector	Cutadapt	SE	UNITE+BLAST	BLAST	SE	Cutadapt	Species	7	5	3	0.5833333333333334	0.7	0.6363636363636365	0.4166666666666667	0.6178243616978637	0.19512095128170234	count_gt_0	Cutadapt_SE
fig4_q20_SE_cutadapt_unite	2Z	Zymo	2	mock_only	ITSdetector	Cutadapt	SE	UNITE	No_BLAST	SE	Cutadapt	Species	6	5	4	0.5454545454545454	0.6	0.5714285714285713	0.45454545454545453	0.6113114561739741	0.18904884448224418	count_gt_0	Cutadapt_SE
fig4_q20_SE_cutadapt_unite	2Z	Zymo	2	mock_only	ITSdetector	Cutadapt	SE	UNITE+BLAST	BLAST	SE	Cutadapt	Species	7	5	3	0.5833333333333334	0.7	0.6363636363636365	0.4166666666666667	0.6093851449133647	0.1909019723006185	count_gt_0	Cutadapt_SE
fig4_q20_SE_cutadapt_unite	3D	DNeasy	3	mock_only	ITSdetector	Cutadapt	SE	UNITE	No_BLAST	SE	Cutadapt	Species	5	6	5	0.45454545454545453	0.5	0.47619047619047616	0.5454545454545454	0.6091158150890791	0.1984339846344099	count_gt_0	Cutadapt_SE
fig4_q20_SE_cutadapt_unite	3D	DNeasy	3	mock_only	ITSdetector	Cutadapt	SE	UNITE+BLAST	BLAST	SE	Cutadapt	Species	6	6	4	0.5	0.6	0.5454545454545454	0.5	0.6069885498336061	0.20052882926159102	count_gt_0	Cutadapt_SE
fig4_q20_SE_cutadapt_unite	3Q	QIAamp	3	mock_only	ITSdetector	Cutadapt	SE	UNITE	No_BLAST	SE	Cutadapt	Species	6	6	4	0.5	0.6	0.5454545454545454	0.5	0.6271079661353501	0.18717520827129072	count_gt_0	Cutadapt_SE
fig4_q20_SE_cutadapt_unite	3Q	QIAamp	3	mock_only	ITSdetector	Cutadapt	SE	UNITE+BLAST	BLAST	SE	Cutadapt	Species	7	6	3	0.5384615384615384	0.7	0.608695652173913	0.46153846153846156	0.6248244489773813	0.18926216611799956	count_gt_0	Cutadapt_SE
fig4_q20_SE_cutadapt_unite	3Z	Zymo	3	mock_only	ITSdetector	Cutadapt	SE	UNITE	No_BLAST	SE	Cutadapt	Species	6	5	4	0.5454545454545454	0.6	0.5714285714285713	0.45454545454545453	0.6179268613969933	0.18374216474569074	count_gt_0	Cutadapt_SE
fig4_q20_SE_cutadapt_unite	3Z	Zymo	3	mock_only	ITSdetector	Cutadapt	SE	UNITE+BLAST	BLAST	SE	Cutadapt	Species	7	5	3	0.5833333333333334	0.7	0.6363636363636365	0.4166666666666667	0.6164141178070318	0.18510247894609616	count_gt_0	Cutadapt_SE
fig4_q20_SE_cutadapt_unite	4D	DNeasy	4	mock_only	ITSdetector	Cutadapt	SE	UNITE	No_BLAST	SE	Cutadapt	Species	6	5	4	0.5454545454545454	0.6	0.5714285714285713	0.45454545454545453	0.6067043003423916	0.19957215921016977	count_gt_0	Cutadapt_SE
fig4_q20_SE_cutadapt_unite	4D	DNeasy	4	mock_only	ITSdetector	Cutadapt	SE	UNITE+BLAST	BLAST	SE	Cutadapt	Species	7	5	3	0.5833333333333334	0.7	0.6363636363636365	0.4166666666666667	0.6046114616994491	0.20154613672619673	count_gt_0	Cutadapt_SE
fig4_q20_SE_cutadapt_unite	4Q	QIAamp	4	mock_only	ITSdetector	Cutadapt	SE	UNITE	No_BLAST	SE	Cutadapt	Species	5	5	5	0.5	0.5	0.5	0.5	0.6231203949543093	0.17242654519296452	count_gt_0	Cutadapt_SE
fig4_q20_SE_cutadapt_unite	4Q	QIAamp	4	mock_only	ITSdetector	Cutadapt	SE	UNITE+BLAST	BLAST	SE	Cutadapt	Species	6	5	4	0.5454545454545454	0.6	0.5714285714285713	0.45454545454545453	0.6210731155966432	0.17421653213086163	count_gt_0	Cutadapt_SE
fig4_q20_SE_cutadapt_unite	4Z	Zymo	4	mock_only	ITSdetector	Cutadapt	SE	UNITE	No_BLAST	SE	Cutadapt	Species	6	6	4	0.5	0.6	0.5454545454545454	0.5	0.6247961379210589	0.1788501931255654	count_gt_0	Cutadapt_SE
fig4_q20_SE_cutadapt_unite	4Z	Zymo	4	mock_only	ITSdetector	Cutadapt	SE	UNITE+BLAST	BLAST	SE	Cutadapt	Species	7	6	3	0.5384615384615384	0.7	0.608695652173913	0.46153846153846156	0.622825320483845	0.180531103362356	count_gt_0	Cutadapt_SE
fig4_q20_SE_itsxpress_unite	1D	DNeasy	1	mock_only	ITSdetector	ITSxpress	SE	UNITE	No_BLAST	SE	ITSxpress	Species	5	5	5	0.5	0.5	0.5	0.5	0.6037745879851142	0.18702746582260896	count_gt_0	ITSx_SE
fig4_q20_SE_itsxpress_unite	1D	DNeasy	1	mock_only	ITSdetector	ITSxpress	SE	UNITE+BLAST	BLAST	SE	ITSxpress	Species	6	5	4	0.5454545454545454	0.6	0.5714285714285713	0.45454545454545453	0.6019409996853605	0.18876150686829699	count_gt_0	ITSx_SE
fig4_q20_SE_itsxpress_unite	1Q	QIAamp	1	mock_only	ITSdetector	ITSxpress	SE	UNITE	No_BLAST	SE	ITSxpress	Species	5	6	5	0.45454545454545453	0.5	0.47619047619047616	0.5454545454545454	0.6246387859048541	0.19091581974548416	count_gt_0	ITSx_SE
fig4_q20_SE_itsxpress_unite	1Q	QIAamp	1	mock_only	ITSdetector	ITSxpress	SE	UNITE+BLAST	BLAST	SE	ITSxpress	Species	6	7	4	0.46153846153846156	0.6	0.5217391304347826	0.5384615384615384	0.6229964311700911	0.19246636083707158	count_gt_0	ITSx_SE
fig4_q20_SE_itsxpress_unite	1Z	Zymo	1	mock_only	ITSdetector	ITSxpress	SE	UNITE	No_BLAST	SE	ITSxpress	Species	6	5	4	0.5454545454545454	0.6	0.5714285714285713	0.45454545454545453	0.6305283473063833	0.15299788504360753	count_gt_0	ITSx_SE
fig4_q20_SE_itsxpress_unite	1Z	Zymo	1	mock_only	ITSdetector	ITSxpress	SE	UNITE+BLAST	BLAST	SE	ITSxpress	Species	7	5	3	0.5833333333333334	0.7	0.6363636363636365	0.4166666666666667	0.6290549514401926	0.15418454354076092	count_gt_0	ITSx_SE
fig4_q20_SE_itsxpress_unite	2D	DNeasy	2	mock_only	ITSdetector	ITSxpress	SE	UNITE	No_BLAST	SE	ITSxpress	Species	5	6	5	0.45454545454545453	0.5	0.47619047619047616	0.5454545454545454	0.6045716184301503	0.19582511959213997	count_gt_0	ITSx_SE
fig4_q20_SE_itsxpress_unite	2D	DNeasy	2	mock_only	ITSdetector	ITSxpress	SE	UNITE+BLAST	BLAST	SE	ITSxpress	Species	6	6	4	0.5	0.6	0.5454545454545454	0.5	0.6031617891362324	0.19710194922084884	count_gt_0	ITSx_SE
fig4_q20_SE_itsxpress_unite	2Q	QIAamp	2	mock_only	ITSdetector	ITSxpress	SE	UNITE	No_BLAST	SE	ITSxpress	Species	6	5	4	0.5454545454545454	0.6	0.5714285714285713	0.45454545454545453	0.6191282855075959	0.19343658448782547	count_gt_0	ITSx_SE
fig4_q20_SE_itsxpress_unite	2Q	QIAamp	2	mock_only	ITSdetector	ITSxpress	SE	UNITE+BLAST	BLAST	SE	ITSxpress	Species	7	5	3	0.5833333333333334	0.7	0.6363636363636365	0.4166666666666667	0.6169881842295636	0.19550857400889465	count_gt_0	ITSx_SE
fig4_q20_SE_itsxpress_unite	2Z	Zymo	2	mock_only	ITSdetector	ITSxpress	SE	UNITE	No_BLAST	SE	ITSxpress	Species	6	5	4	0.5454545454545454	0.6	0.5714285714285713	0.45454545454545453	0.6106449106449104	0.18974719957482614	count_gt_0	ITSx_SE
fig4_q20_SE_itsxpress_unite	2Z	Zymo	2	mock_only	ITSdetector	ITSxpress	SE	UNITE+BLAST	BLAST	SE	ITSxpress	Species	7	5	3	0.5833333333333334	0.7	0.6363636363636365	0.4166666666666667	0.6087671587671586	0.19157763449493448	count_gt_0	ITSx_SE
fig4_q20_SE_itsxpress_unite	3D	DNeasy	3	mock_only	ITSdetector	ITSxpress	SE	UNITE	No_BLAST	SE	ITSxpress	Species	6	6	4	0.5	0.6	0.5454545454545454	0.5	0.6085301697189647	0.19901137912861078	count_gt_0	ITSx_SE
fig4_q20_SE_itsxpress_unite	3D	DNeasy	3	mock_only	ITSdetector	ITSxpress	SE	UNITE+BLAST	BLAST	SE	ITSxpress	Species	7	6	3	0.5384615384615384	0.7	0.608695652173913	0.46153846153846156	0.6063648424038183	0.20117559617093647	count_gt_0	ITSx_SE
fig4_q20_SE_itsxpress_unite	3Q	QIAamp	3	mock_only	ITSdetector	ITSxpress	SE	UNITE	No_BLAST	SE	ITSxpress	Species	6	5	4	0.5454545454545454	0.6	0.5714285714285713	0.45454545454545453	0.6264522478344601	0.18744396285433	count_gt_0	ITSx_SE
fig4_q20_SE_itsxpress_unite	3Q	QIAamp	3	mock_only	ITSdetector	ITSxpress	SE	UNITE+BLAST	BLAST	SE	ITSxpress	Species	7	5	3	0.5833333333333334	0.7	0.6363636363636365	0.4166666666666667	0.6240936972401564	0.18963206462205695	count_gt_0	ITSx_SE
fig4_q20_SE_itsxpress_unite	3Z	Zymo	3	mock_only	ITSdetector	ITSxpress	SE	UNITE	No_BLAST	SE	ITSxpress	Species	6	5	4	0.5454545454545454	0.6	0.5714285714285713	0.45454545454545453	0.6164488349343297	0.18423740609007103	count_gt_0	ITSx_SE
fig4_q20_SE_itsxpress_unite	3Z	Zymo	3	mock_only	ITSdetector	ITSxpress	SE	UNITE+BLAST	BLAST	SE	ITSxpress	Species	7	5	3	0.5833333333333334	0.7	0.6363636363636365	0.4166666666666667	0.6148130923553089	0.18573005140499965	count_gt_0	ITSx_SE
fig4_q20_SE_itsxpress_unite	4D	DNeasy	4	mock_only	ITSdetector	ITSxpress	SE	UNITE	No_BLAST	SE	ITSxpress	Species	6	5	4	0.5454545454545454	0.6	0.5714285714285713	0.45454545454545453	0.6061628163318052	0.20029884512299942	count_gt_0	ITSx_SE
fig4_q20_SE_itsxpress_unite	4D	DNeasy	4	mock_only	ITSdetector	ITSxpress	SE	UNITE+BLAST	BLAST	SE	ITSxpress	Species	7	5	3	0.5833333333333334	0.7	0.6363636363636365	0.4166666666666667	0.6041787345967601	0.20219726081962675	count_gt_0	ITSx_SE
fig4_q20_SE_itsxpress_unite	4Q	QIAamp	4	mock_only	ITSdetector	ITSxpress	SE	UNITE	No_BLAST	SE	ITSxpress	Species	5	5	5	0.5	0.5	0.5	0.5	0.6226151783537822	0.1731854004152876	count_gt_0	ITSx_SE
fig4_q20_SE_itsxpress_unite	4Q	QIAamp	4	mock_only	ITSdetector	ITSxpress	SE	UNITE+BLAST	BLAST	SE	ITSxpress	Species	6	5	4	0.5454545454545454	0.6	0.5714285714285713	0.45454545454545453	0.6204111481270822	0.17514324480815105	count_gt_0	ITSx_SE
fig4_q20_SE_itsxpress_unite	4Z	Zymo	4	mock_only	ITSdetector	ITSxpress	SE	UNITE	No_BLAST	SE	ITSxpress	Species	6	5	4	0.5454545454545454	0.6	0.5714285714285713	0.45454545454545453	0.6221627674396739	0.1793236953921813	count_gt_0	ITSx_SE
fig4_q20_SE_itsxpress_unite	4Z	Zymo	4	mock_only	ITSdetector	ITSxpress	SE	UNITE+BLAST	BLAST	SE	ITSxpress	Species	7	5	3	0.5833333333333334	0.7	0.6363636363636365	0.4166666666666667	0.6201283881390558	0.18108504517504417	count_gt_0	ITSx_SE
